-- phpMyAdmin SQL Dump
-- version 4.9.5deb2
-- https://www.phpmyadmin.net/
--
-- Хост: localhost
-- Время создания: Дек 30 2024 г., 15:59
-- Версия сервера: 8.0.40-0ubuntu0.20.04.1
-- Версия PHP: 7.4.3-4ubuntu2.28

SET SQL_MODE = "NO_AUTO_VALUE_ON_ZERO";
SET AUTOCOMMIT = 0;
START TRANSACTION;
SET time_zone = "+00:00";


/*!40101 SET @OLD_CHARACTER_SET_CLIENT=@@CHARACTER_SET_CLIENT */;
/*!40101 SET @OLD_CHARACTER_SET_RESULTS=@@CHARACTER_SET_RESULTS */;
/*!40101 SET @OLD_COLLATION_CONNECTION=@@COLLATION_CONNECTION */;
/*!40101 SET NAMES utf8mb4 */;

--
-- База данных: `lv_turist`
--

-- --------------------------------------------------------

--
-- Структура таблицы `baners`
--

CREATE TABLE `baners` (
  `id` bigint UNSIGNED NOT NULL,
  `images` varchar(255) COLLATE utf8mb4_unicode_ci DEFAULT NULL,
  `created_at` timestamp NULL DEFAULT NULL,
  `updated_at` timestamp NULL DEFAULT NULL
) ENGINE=InnoDB DEFAULT CHARSET=utf8mb4 COLLATE=utf8mb4_unicode_ci;

--
-- Дамп данных таблицы `baners`
--

INSERT INTO `baners` (`id`, `images`, `created_at`, `updated_at`) VALUES
(1, '-main_image-1687248857937.jpg', '2023-06-20 05:14:17', '2023-06-20 05:14:17'),
(2, '-main_image-1687248857258.jpg', '2023-06-20 05:14:17', '2023-06-20 05:14:17'),
(3, '-main_image-1687248857550.jpg', '2023-06-20 05:14:17', '2023-06-20 05:14:17'),
(4, '-main_image-1707545180244.jpg', '2024-02-10 03:06:20', '2024-02-10 03:06:20');

-- --------------------------------------------------------

--
-- Структура таблицы `cafe_actions`
--

CREATE TABLE `cafe_actions` (
  `id` bigint UNSIGNED NOT NULL,
  `title` varchar(255) COLLATE utf8mb4_unicode_ci NOT NULL,
  `user_id` bigint UNSIGNED DEFAULT NULL,
  `created_at` timestamp NULL DEFAULT NULL,
  `updated_at` timestamp NULL DEFAULT NULL
) ENGINE=InnoDB DEFAULT CHARSET=utf8mb4 COLLATE=utf8mb4_unicode_ci;

--
-- Дамп данных таблицы `cafe_actions`
--

INSERT INTO `cafe_actions` (`id`, `title`, `user_id`, `created_at`, `updated_at`) VALUES
(1, 'акция №1', 4, '2023-02-27 12:48:45', '2023-02-27 12:48:45'),
(2, 'акция №11', 4, '2023-02-27 12:48:48', '2023-02-27 12:48:48'),
(3, 'акция №11111', 4, '2023-02-27 12:48:51', '2023-02-27 12:48:51'),
(6, 'Пастила', 27, '2023-06-20 18:35:47', '2023-06-20 18:35:47'),
(7, 'Стакан чая с собой', 27, '2023-06-20 18:35:56', '2023-06-20 18:35:56'),
(8, 'Преференция 1', 35, '2023-07-08 07:40:51', '2023-07-08 07:40:51'),
(9, 'Преференция 2', 35, '2023-07-08 07:41:02', '2023-07-08 07:41:02'),
(10, 'Преференция 1', 37, '2023-07-09 10:30:17', '2023-07-09 10:30:17'),
(11, 'Преференция 2', 37, '2023-07-09 10:30:24', '2023-07-09 10:30:24'),
(12, 'Преференция 1', 38, '2023-07-10 06:57:25', '2023-07-10 06:57:25'),
(13, 'Преференция 2', 38, '2023-07-10 06:57:33', '2023-07-10 06:57:33'),
(14, 'Преференция 1', 39, '2023-07-14 14:33:26', '2023-07-14 14:33:26'),
(15, 'Преференция 2', 39, '2023-07-14 14:33:34', '2023-07-14 14:33:34'),
(16, 'кафе-рестораны', 40, '2023-07-28 08:21:30', '2023-07-28 08:21:30'),
(17, '1', 41, '2023-08-11 08:57:27', '2023-08-11 08:57:27');

-- --------------------------------------------------------

--
-- Структура таблицы `cafe_cards`
--

CREATE TABLE `cafe_cards` (
  `id` bigint UNSIGNED NOT NULL,
  `title` varchar(255) COLLATE utf8mb4_unicode_ci NOT NULL,
  `content` varchar(255) COLLATE utf8mb4_unicode_ci NOT NULL,
  `desc` varchar(255) COLLATE utf8mb4_unicode_ci NOT NULL,
  `link` varchar(255) COLLATE utf8mb4_unicode_ci NOT NULL,
  `name_link` varchar(255) COLLATE utf8mb4_unicode_ci NOT NULL,
  `address` varchar(255) COLLATE utf8mb4_unicode_ci NOT NULL,
  `coordinate_l` varchar(255) COLLATE utf8mb4_unicode_ci NOT NULL,
  `coordinate_r` varchar(255) COLLATE utf8mb4_unicode_ci NOT NULL,
  `preview_image` varchar(255) COLLATE utf8mb4_unicode_ci DEFAULT NULL,
  `logo` varchar(255) COLLATE utf8mb4_unicode_ci DEFAULT NULL,
  `phone` bigint UNSIGNED DEFAULT NULL,
  `user_id` bigint UNSIGNED DEFAULT NULL,
  `type_id` bigint UNSIGNED DEFAULT NULL,
  `district_id` bigint UNSIGNED DEFAULT NULL,
  `republic_id` bigint UNSIGNED DEFAULT NULL,
  `city_id` bigint UNSIGNED DEFAULT NULL,
  `created_at` timestamp NULL DEFAULT NULL,
  `updated_at` timestamp NULL DEFAULT NULL,
  `deleted_at` timestamp NULL DEFAULT NULL,
  `user_email` varchar(255) COLLATE utf8mb4_unicode_ci DEFAULT NULL
) ENGINE=InnoDB DEFAULT CHARSET=utf8mb4 COLLATE=utf8mb4_unicode_ci;

--
-- Дамп данных таблицы `cafe_cards`
--

INSERT INTO `cafe_cards` (`id`, `title`, `content`, `desc`, `link`, `name_link`, `address`, `coordinate_l`, `coordinate_r`, `preview_image`, `logo`, `phone`, `user_id`, `type_id`, `district_id`, `republic_id`, `city_id`, `created_at`, `updated_at`, `deleted_at`, `user_email`) VALUES
(2, 'Кафе «Баку»', 'Рады приветствовать Вас в нашем кафе. Вы можете провести незабываемый вечер пробуя нашу еду. Кроме того, мы всегда рады видеть Вас на бизнес-ланч, у нас прекрасное обеденное меню.', 'Кафе «Баку»', 'https://tourmeddriver.com/catalog/cafe/1', 'Кафе «Баку»', 'Азербайджан, Баку, проспект Нефтяников 17', '53.910346570631795', '27.54740399999998', 'cafe_images_card/Bf620TfVhX7NAblSAGdbFh48myWnPlVF9NTLumoT.jpg', 'cafe_images_card/xn9uJ6rR7fXkOMbNeb2VAB54rzDgv7v4xZUJJ16Y.jpg', 994123478834, 4, 3, 8, 14, 21, '2023-02-04 13:21:18', '2024-09-15 11:38:18', NULL, 'cafe@mail.ru'),
(3, 'Чайный дом «Чайное облако»', 'У нас есть всё необходимое для чайных церемоний. Вы можете уединиться от городской суеты, или собраться компанией, окунувшись в атмосферу чайной церемонии, и конечно же приобрести чай с собой.\r\nВ нашем чайном доме вы можете отдохнуть душой и телом.', 'Чайный дом «Чайное облако»  - это место, где вы можете приобрести «правильный» чай', 'https://vk.com/chaynoyeoblako', 'https://vk.com/chaynoyeoblako', 'г. Геленджик, ул.Крымская 22, корпус 16', '44.549438', '38.056741', 'cafe_images_card/gIa7whGoPz0jtRTHCkTemAqjY4WHOewwEPEFAQQD.jpg', 'cafe_images_card/Ucwq8nrV3yW68GJQzZrlxjYlv3DmFWKWGWiiLJ8y.jpg', 79384454450, 27, 3, 7, 13, 19, '2023-06-20 18:34:05', '2024-09-15 11:40:17', NULL, 'saharovaev@mail.ru'),
(4, 'Море Барабульки', 'Адреса:\r\nул.Приморский бульвар, д7 \r\nЛермонтовский бульвар, напр. кафе «Парус» \r\nс.Дивноморское, центральная наб, вблизи схода №3 \r\nЛермонтовский бульвар д9 к 2 \r\nх.Бетта, Приморский бульвар д22\r\nсело Архипо-Осиповка, Курортная ул', 'Ресторан Море Барабульки -  у нас можно заказать еду', 'https://yandex.by/profile/20689685439', 'https://yandex.by/profile/20689685439', 'Россия, г.Геленджик, ул.Приморский бульвар, д7 (МАГНОЛИЯ)', '44.567171', '38.073854', 'cafe_images_card/XLhBDSF94w1IMO2Eqhv7yxIdnEzYIWR1Bml389Vk.jpg', 'cafe_images_card/OEicVdTlvxvqZBaC6wedLKtkkjEyu5strq2OwQLU.jpg', 79280380791, 35, 3, 7, 13, 19, '2023-07-08 07:57:51', '2024-09-15 11:41:46', NULL, 'barabulka.fish@bk.ru'),
(5, 'Кафе \"Здравствуйте\"', 'В Только в нашем кафе три вида обслуживания: линия раздачи, где вы можете увидеть все блюда своими глазами, банкетный зал и летняя площадка, где Вас обслужат официанты. Также рядом есть две больше комфортные автостоянки', 'Кафе \"Здравствуйте\" - отличное кафе в Геленджике', 'http://kafe-zdravstvuyte.ru', 'http://kafe-zdravstvuyte.ru', 'Россия, Геленджик,  ул. Кирова, 117', '44.568642', '38.089601', 'cafe_images_card/7Cy9j9o4ebL4GDgA8q5rVfav97mWk3laZsdsIbhe.jpg', 'cafe_images_card/IHry6Q7eY53Knm6Xyz1NBPKWwEYSpBL9Y7hBWTB2.jpg', 79288508080, 37, 3, 7, 13, 19, '2023-07-09 10:41:55', '2024-09-15 11:43:01', NULL, 'zdravstvuite30@yandex.ru'),
(6, 'Ресторан Джумейра', 'Кухня:\r\nЯпонская, Европейская, Кавказская, Грузинская', 'Джумейра - отличный ресторан в Дербенте', 'https://vk.com/public211530946', 'https://vk.com/public211530946', 'Россия, Дербент, Вокзальная, 27/1', '42.057495', '48.305234', 'cafe_images_card/ApeJjccYw7SBrD3CzvHGSTCjpOi8I7JAQx5S2Pkm.jpg', 'cafe_images_card/uzVsHdxMwuytM23AnQL3VlOMrLNeLHIDa27kcV6Z.jpg', 79284600505, 38, 1, 7, 11, 22, '2023-07-10 07:20:19', '2024-09-15 11:46:09', NULL, 'jumeirah_istoria@mail.ru'),
(7, 'Ресторан Тихие Берега', '«Тихие берега» — гастрономическая доминанта уютной семейной усадьбы в Геленджике. С летней террасы открывается вид на каскад винограда элитных сортов. В ресторане ценят культурные и гастрономические традиции южного региона.', 'Тихие берега - уютная семейная усадьба в Геленджике', 'https://тихие-берега.рф', 'https://тихие-берега.рф', 'Россия, Геленджик, село Адербиевка ул. Советская, 56', '44.600522', '38.125354', 'cafe_images_card/AlOu56fUhKPUThOiD7kSuzXfZ5wfyqNxaVFkf0hH.jpg', 'cafe_images_card/S7WOkQqrkb6X8Hl1Dpe7QBkkW9uZvSVId1yszcTf.png', 79897773897, 39, 3, 7, 13, 19, '2023-07-14 15:01:38', '2024-09-15 11:47:37', NULL, 'tihie_berega@mail.ru'),
(8, 'Торговый дом \"ДНК Природы\"', 'Функциональное питание-содержит максимальное количество природных веществ, витаминов и минералов, насыщает организм белками, жирами, углеводами, аминокислотами.', 'Функциональное питание – это специальная система сбалансированных продуктов, способная удовлетворить потребности организма в биоактивных полезных веществах значительно выше обычной еды.', 'https://dnk-prirodi.ru/', 'https://dnk-prirodi.ru/', 'Москва, Санкт-Петербург', '55.77113', '55.77113', 'cafe_images_card/OIOKhCL9BgmfrItLdeIOolpd2deGWMITfDZs2cbQ.png', 'cafe_images_card/f0qd0oco02zJCapD1JnpjE098ioiFvNX3uAK1jv0.jpg', 89119411015, 40, 3, 1, 7, 12, '2023-08-04 14:07:38', '2023-09-07 10:27:30', NULL, 'amdyachkov@bk.ru'),
(9, 'ssss', 'asd', 'asd', 'http://127.0.0.1:8000/', 'Pheasants', 'Беларусь, Минск, проспект Победителей 17', '53.910346570631795', '27.54740399999998', 'cafe_images_card/NEUx3z5H2Uz4uwFtEpl58YSJCtZmp7qkNGyVZrdw.jpg', 'cafe_images_card/05r3H7yugGMn9M93kKmjS5CKUTtArBJ7EwApD2QL.jpg', 375173478834, 41, 3, 1, 1, 1, '2023-08-11 08:58:34', '2023-08-11 08:59:09', '2023-08-11 08:59:09', 'medica1l@mail.ru');

-- --------------------------------------------------------

--
-- Структура таблицы `cafe_card_images`
--

CREATE TABLE `cafe_card_images` (
  `id` bigint UNSIGNED NOT NULL,
  `cafe_card_id` bigint UNSIGNED NOT NULL,
  `images` varchar(255) COLLATE utf8mb4_unicode_ci NOT NULL,
  `created_at` timestamp NULL DEFAULT NULL,
  `updated_at` timestamp NULL DEFAULT NULL
) ENGINE=InnoDB DEFAULT CHARSET=utf8mb4 COLLATE=utf8mb4_unicode_ci;

--
-- Дамп данных таблицы `cafe_card_images`
--

INSERT INTO `cafe_card_images` (`id`, `cafe_card_id`, `images`, `created_at`, `updated_at`) VALUES
(7, 2, '-main_image-1687523738933.jpg', '2023-06-23 09:35:38', '2023-06-23 09:35:38'),
(8, 2, '-main_image-1687523738428.jpg', '2023-06-23 09:35:38', '2023-06-23 09:35:38'),
(9, 2, '-main_image-1687523738955.jpg', '2023-06-23 09:35:38', '2023-06-23 09:35:38'),
(10, 2, '-main_image-1687523738344.jpg', '2023-06-23 09:35:38', '2023-06-23 09:35:38'),
(11, 4, 'Море Барабульки-main_image-1688813871541.jpg', '2023-07-08 07:57:51', '2023-07-08 07:57:51'),
(12, 4, '-main_image-1688848521111.jpg', '2023-07-08 17:35:21', '2023-07-08 17:35:21'),
(13, 5, 'Кафе \"Здравствуйте\"-main_image-1688910115196.jpg', '2023-07-09 10:41:55', '2023-07-09 10:41:55'),
(14, 5, '-main_image-1688910541443.jpg', '2023-07-09 10:49:01', '2023-07-09 10:49:01'),
(15, 5, '-main_image-1688910548430.jpg', '2023-07-09 10:49:08', '2023-07-09 10:49:08'),
(16, 6, 'Ресторан Джумейра-main_image-1688984419780.jpg', '2023-07-10 07:20:19', '2023-07-10 07:20:19'),
(18, 7, '-main_image-1689358066410.jpg', '2023-07-14 15:07:46', '2023-07-14 15:07:46'),
(19, 7, '-main_image-1689358077903.jpg', '2023-07-14 15:07:57', '2023-07-14 15:07:57'),
(20, 7, '-main_image-1689358162134.jpg', '2023-07-14 15:09:22', '2023-07-14 15:09:22'),
(21, 8, 'Gsgdg-main_image-169116885813.jpg', '2023-08-04 14:07:38', '2023-08-04 14:07:38'),
(22, 9, 'ssss-main_image-169175511499.jpg', '2023-08-11 08:58:34', '2023-08-11 08:58:34');

-- --------------------------------------------------------

--
-- Структура таблицы `cafe_card_tags`
--

CREATE TABLE `cafe_card_tags` (
  `id` bigint UNSIGNED NOT NULL,
  `cafe_card_id` bigint UNSIGNED NOT NULL,
  `cafe_tag_id` bigint UNSIGNED NOT NULL,
  `created_at` timestamp NULL DEFAULT NULL,
  `updated_at` timestamp NULL DEFAULT NULL
) ENGINE=InnoDB DEFAULT CHARSET=utf8mb4 COLLATE=utf8mb4_unicode_ci;

--
-- Дамп данных таблицы `cafe_card_tags`
--

INSERT INTO `cafe_card_tags` (`id`, `cafe_card_id`, `cafe_tag_id`, `created_at`, `updated_at`) VALUES
(2, 2, 2, NULL, NULL),
(3, 2, 3, NULL, NULL),
(4, 2, 4, NULL, NULL),
(5, 2, 5, NULL, NULL),
(6, 2, 6, NULL, NULL),
(7, 3, 7, NULL, NULL),
(8, 3, 8, NULL, NULL),
(9, 3, 9, NULL, NULL),
(10, 3, 10, NULL, NULL),
(11, 3, 11, NULL, NULL),
(12, 4, 12, NULL, NULL),
(13, 4, 13, NULL, NULL),
(14, 4, 14, NULL, NULL),
(15, 4, 15, NULL, NULL),
(16, 4, 16, NULL, NULL),
(17, 5, 17, NULL, NULL),
(18, 5, 18, NULL, NULL),
(19, 5, 19, NULL, NULL),
(20, 5, 20, NULL, NULL),
(21, 5, 21, NULL, NULL),
(22, 6, 22, NULL, NULL),
(23, 6, 23, NULL, NULL),
(24, 6, 24, NULL, NULL),
(25, 6, 25, NULL, NULL),
(26, 6, 26, NULL, NULL),
(27, 7, 27, NULL, NULL),
(28, 7, 28, NULL, NULL),
(29, 7, 29, NULL, NULL),
(30, 7, 30, NULL, NULL),
(32, 8, 32, NULL, NULL),
(33, 8, 33, NULL, NULL),
(34, 8, 34, NULL, NULL),
(35, 8, 35, NULL, NULL),
(36, 8, 36, NULL, NULL),
(37, 9, 37, NULL, NULL);

-- --------------------------------------------------------

--
-- Структура таблицы `cafe_images`
--

CREATE TABLE `cafe_images` (
  `id` bigint UNSIGNED NOT NULL,
  `created_at` timestamp NULL DEFAULT NULL,
  `updated_at` timestamp NULL DEFAULT NULL
) ENGINE=InnoDB DEFAULT CHARSET=utf8mb4 COLLATE=utf8mb4_unicode_ci;

-- --------------------------------------------------------

--
-- Структура таблицы `cafe_tags`
--

CREATE TABLE `cafe_tags` (
  `id` bigint UNSIGNED NOT NULL,
  `title` varchar(255) COLLATE utf8mb4_unicode_ci NOT NULL,
  `created_at` timestamp NULL DEFAULT NULL,
  `updated_at` timestamp NULL DEFAULT NULL,
  `user_id` bigint UNSIGNED DEFAULT NULL,
  `deleted_at` timestamp NULL DEFAULT NULL
) ENGINE=InnoDB DEFAULT CHARSET=utf8mb4 COLLATE=utf8mb4_unicode_ci;

--
-- Дамп данных таблицы `cafe_tags`
--

INSERT INTO `cafe_tags` (`id`, `title`, `created_at`, `updated_at`, `user_id`, `deleted_at`) VALUES
(2, 'незабываемый вечер', '2023-02-04 13:13:18', '2023-02-04 13:13:18', 4, NULL),
(3, 'рады видеть Вас', '2023-02-04 13:13:27', '2023-02-04 13:13:27', 4, NULL),
(4, 'бизнес-ланч', '2023-02-04 13:13:35', '2023-02-04 13:13:35', 4, NULL),
(5, 'прекрасное обеденное меню', '2023-02-04 13:13:44', '2023-02-04 13:13:44', 4, NULL),
(6, 'бизнес-ланч1', '2023-02-24 10:48:14', '2023-02-24 10:48:14', 4, NULL),
(7, 'Китайский чай', '2023-06-20 18:19:47', '2023-06-20 18:19:47', 27, NULL),
(8, 'Чайные церемонии', '2023-06-20 18:20:12', '2023-06-20 18:20:12', 27, NULL),
(9, 'Чайная посуда', '2023-06-20 18:20:31', '2023-06-20 18:20:31', 27, NULL),
(10, 'Пуэр', '2023-06-20 18:22:09', '2023-06-20 18:22:09', 27, NULL),
(11, 'Для любителей чая', '2023-06-20 18:22:48', '2023-06-20 18:22:48', 27, NULL),
(12, 'Морепродукты', '2023-07-08 07:43:03', '2023-07-08 07:43:03', 35, NULL),
(13, 'Выпечка', '2023-07-08 07:43:12', '2023-07-08 07:43:12', 35, NULL),
(14, 'Закуски', '2023-07-08 07:43:28', '2023-07-08 07:43:28', 35, NULL),
(15, 'Гарниры', '2023-07-08 07:43:38', '2023-07-08 07:43:38', 35, NULL),
(16, 'Напитки', '2023-07-08 07:43:58', '2023-07-08 07:43:58', 35, NULL),
(17, 'Автостоянка', '2023-07-09 10:33:05', '2023-07-09 10:33:05', 37, NULL),
(18, 'Банкетный зал', '2023-07-09 10:33:13', '2023-07-09 10:33:13', 37, NULL),
(19, 'Летняя площадка', '2023-07-09 10:33:38', '2023-07-09 10:33:38', 37, NULL),
(20, 'Доставка', '2023-07-09 10:34:09', '2023-07-09 10:34:09', 37, NULL),
(21, 'Вежливый персонал', '2023-07-09 10:34:40', '2023-07-09 10:34:40', 37, NULL),
(22, 'Уютные кабинки', '2023-07-10 07:02:51', '2023-07-10 07:02:51', 38, NULL),
(23, 'Детская зона', '2023-07-10 07:03:03', '2023-07-10 07:03:03', 38, NULL),
(24, 'Семейный ресторан', '2023-07-10 07:04:03', '2023-07-10 07:04:03', 38, NULL),
(25, 'Авторские блюда', '2023-07-10 07:04:35', '2023-07-10 07:04:35', 38, NULL),
(26, 'Приятная атмосфера', '2023-07-10 07:05:08', '2023-07-10 07:05:08', 38, NULL),
(27, 'Семейный ресторан', '2023-07-14 14:36:09', '2023-07-14 14:36:09', 39, NULL),
(28, 'Локальная кухня', '2023-07-14 14:36:19', '2023-07-14 14:36:19', 39, NULL),
(29, 'Гастрономические традиции', '2023-07-14 14:37:15', '2023-07-14 14:37:15', 39, NULL),
(30, 'Живые специи', '2023-07-14 14:37:56', '2023-07-14 14:37:56', 39, NULL),
(31, 'Элитная коньячная', '2023-07-14 14:38:49', '2023-07-31 05:56:21', 39, '2023-07-31 05:56:21'),
(32, 'Уникальная продукция для кафе и ресторанов', '2023-07-28 08:24:08', '2023-09-07 10:14:44', 40, NULL),
(33, 'Нет аналогов в России', '2023-07-28 08:24:31', '2023-09-07 10:26:19', 40, NULL),
(34, 'МЫ ПРЕДЛАГАЕМ ВАМ НОВЫЙ РАЗДЕЛ МЕНЮ, ПОСТРОЕННЫЙ НА ФУНКЦИОНАЛЬНЫХ ПОЛЕЗНЫХ И ВКУСНЫХ БЛЮДАХ, КОТОРЫЕ БЫСТРО И ЛЕГКО ГОТОВИТЬ И УДОБНО ХРАНИТЬ', '2023-07-28 08:24:49', '2023-09-07 10:16:24', 40, NULL),
(35, 'Польза для посетителя', '2023-07-28 08:25:20', '2023-09-07 10:18:50', 40, NULL),
(36, 'Выделиться и привлечь клиентов', '2023-07-28 08:25:50', '2023-09-07 10:25:57', 40, NULL),
(37, '1', '2023-08-11 08:57:32', '2023-08-11 08:57:32', 41, NULL);

-- --------------------------------------------------------

--
-- Структура таблицы `cafe_times`
--

CREATE TABLE `cafe_times` (
  `id` bigint UNSIGNED NOT NULL,
  `time_start` varchar(255) COLLATE utf8mb4_unicode_ci NOT NULL,
  `time_end` varchar(255) COLLATE utf8mb4_unicode_ci NOT NULL,
  `time_date` varchar(255) COLLATE utf8mb4_unicode_ci NOT NULL,
  `user_id` bigint UNSIGNED DEFAULT NULL,
  `created_at` timestamp NULL DEFAULT NULL,
  `updated_at` timestamp NULL DEFAULT NULL,
  `deleted_at` timestamp NULL DEFAULT NULL
) ENGINE=InnoDB DEFAULT CHARSET=utf8mb4 COLLATE=utf8mb4_unicode_ci;

--
-- Дамп данных таблицы `cafe_times`
--

INSERT INTO `cafe_times` (`id`, `time_start`, `time_end`, `time_date`, `user_id`, `created_at`, `updated_at`, `deleted_at`) VALUES
(2, '09:00', '18:00', 'пн-вс', 4, '2023-02-04 13:19:39', '2023-02-04 13:19:39', NULL),
(3, '14:30', '21:00', 'Пн-Сб', 27, '2023-06-20 18:24:39', '2023-06-20 18:24:39', NULL),
(4, '11:00', '23:00', 'Пн-Вс', 35, '2023-07-08 07:45:25', '2023-07-08 08:01:35', NULL),
(5, '08:00', '21:00', 'Пн-Вс', 37, '2023-07-09 10:35:21', '2023-07-09 10:35:21', NULL),
(6, '09:00', '00:00', 'Пн-Вс', 38, '2023-07-10 07:06:21', '2023-07-10 07:06:21', NULL),
(7, '10:00', '0:00', 'Пн-Вс', 39, '2023-07-14 14:40:22', '2023-07-31 05:55:05', NULL),
(8, '10:00', '19:00', 'пн,вт,ср,чт,пт', 40, '2023-07-29 11:14:58', '2023-07-29 11:14:58', NULL),
(9, '10:00', '0:00', 'Ежедневно', 39, '2023-07-31 05:54:33', '2023-07-31 05:54:48', '2023-07-31 05:54:48'),
(10, '19-00', '06-00', 'пн-вт', 41, '2023-08-11 08:57:42', '2023-08-11 08:57:42', NULL);

-- --------------------------------------------------------

--
-- Структура таблицы `cafe_todo_items`
--

CREATE TABLE `cafe_todo_items` (
  `id` bigint UNSIGNED NOT NULL,
  `cafe_todo_list_id` bigint UNSIGNED NOT NULL,
  `title` varchar(255) COLLATE utf8mb4_unicode_ci NOT NULL,
  `price` varchar(255) COLLATE utf8mb4_unicode_ci DEFAULT NULL,
  `created_at` timestamp NULL DEFAULT NULL,
  `updated_at` timestamp NULL DEFAULT NULL
) ENGINE=InnoDB DEFAULT CHARSET=utf8mb4 COLLATE=utf8mb4_unicode_ci;

--
-- Дамп данных таблицы `cafe_todo_items`
--

INSERT INTO `cafe_todo_items` (`id`, `cafe_todo_list_id`, `title`, `price`, `created_at`, `updated_at`) VALUES
(1, 1, 'Стейк из семги', '300 р.', '2023-02-04 08:59:52', '2023-02-04 08:59:52'),
(2, 1, 'Стейк «Ковбой»', '300 р.', '2023-02-04 08:59:58', '2023-02-04 08:59:58'),
(3, 1, 'Стейк из куриного филе', '1300 р.', '2023-02-04 09:00:06', '2023-02-04 09:00:06'),
(8, 3, 'Тар-тар', '300 р.', '2023-02-04 09:01:10', '2023-02-04 09:01:10'),
(9, 3, 'Соус гранатовый', '2300 р.', '2023-02-04 09:01:19', '2023-02-04 09:01:19'),
(10, 3, 'Аджика', '3000 р.', '2023-02-04 09:01:31', '2023-02-04 09:01:31'),
(18, 2, 'Стейк из семги', '300', '2023-02-04 13:14:23', '2023-03-29 12:48:34'),
(19, 2, 'Стейк «Ковбой»', '1300', '2023-02-04 13:14:38', '2023-03-29 12:48:40'),
(20, 2, 'Стейк из куриного филе', '500', '2023-02-04 13:14:48', '2023-03-29 12:48:44'),
(21, 4, 'Овощи гриль', '500', '2023-02-04 13:16:05', '2023-03-29 12:48:49'),
(22, 4, 'Картофель Фри', '600', '2023-02-04 13:16:19', '2023-03-29 12:48:55'),
(23, 4, 'Фасоль стручковая', '2300', '2023-02-04 13:16:31', '2023-03-29 12:49:00'),
(24, 4, 'Капуста брюссельская', '300', '2023-02-04 13:16:41', '2023-03-29 12:49:05'),
(25, 5, 'Тар-тар', '500', '2023-02-04 13:17:20', '2023-03-29 12:49:10'),
(26, 5, 'Соус гранатовый', '500', '2023-02-04 13:17:32', '2023-03-29 12:49:15'),
(27, 5, 'Аджика', '500', '2023-02-04 13:17:44', '2023-03-29 12:49:21'),
(28, 6, 'Борщ', '300', '2023-02-04 13:18:03', '2023-03-29 12:49:29'),
(29, 6, 'Солянка', '500', '2023-02-04 13:18:16', '2023-03-29 12:49:35'),
(30, 6, 'Тайский суп', '500', '2023-02-04 13:18:27', '2023-03-29 12:49:40'),
(31, 6, 'Овощной суп', '1300', '2023-02-04 13:18:40', '2023-03-29 12:49:45'),
(32, 7, 'Маргарита', '500', '2023-02-04 13:19:01', '2023-03-29 12:49:49'),
(33, 7, 'Гавайская', '1300', '2023-02-04 13:19:13', '2023-03-29 12:49:55'),
(34, 7, 'Охотничья', '4300', '2023-02-04 13:19:29', '2023-03-29 12:50:02'),
(36, 11, 'Чайная церемония', '170 р', '2023-07-01 11:54:32', '2023-07-01 11:55:49'),
(37, 12, 'Чай с собой в стакане', '170 р', '2023-07-01 11:55:09', '2023-07-01 11:55:57'),
(38, 12, 'Чай в фильтр-пакете с собой, в своем термосе', '110 р', '2023-07-01 11:56:59', '2023-07-01 11:56:59'),
(39, 13, 'Дорадо на гриле', '950', '2023-07-08 17:38:55', '2023-07-08 17:38:55'),
(40, 13, 'Камбала-калкан', '990', '2023-07-08 17:39:15', '2023-07-08 17:39:15'),
(41, 13, 'Ставрида', '390', '2023-07-08 17:39:32', '2023-07-08 17:39:32'),
(42, 13, 'Сарган', '550', '2023-07-08 17:39:48', '2023-07-08 17:39:48'),
(43, 13, 'Кальмар на гриле', '530', '2023-07-08 17:40:16', '2023-07-08 17:40:16'),
(44, 13, 'Барабуля', '570', '2023-07-08 17:40:40', '2023-07-08 17:40:40'),
(45, 15, 'Брускеты с рийетом из черноморской рыбы', '360', '2023-07-08 17:41:44', '2023-07-08 17:41:44'),
(46, 15, 'Картофель фри', '200', '2023-07-08 17:42:03', '2023-07-08 17:42:03'),
(47, 15, 'Креветочный чипсы', '200', '2023-07-08 17:42:28', '2023-07-08 17:42:28'),
(48, 15, 'Лимон', '20', '2023-07-08 17:42:45', '2023-07-08 17:42:45'),
(49, 15, 'Багет на гриле', '30', '2023-07-08 17:43:01', '2023-07-08 17:43:01'),
(50, 16, 'Битые огурцы', '160', '2023-07-08 17:43:30', '2023-07-08 17:43:30'),
(51, 16, 'Кабачки в пряном маринаде', '160', '2023-07-08 17:43:52', '2023-07-08 17:43:52'),
(52, 16, 'Коул-слоу из красной капусты', '160', '2023-07-08 17:44:29', '2023-07-08 17:44:29'),
(53, 17, 'Багет', '30', '2023-07-08 17:44:58', '2023-07-08 17:44:58'),
(54, 17, 'Тортилья гриль', '100', '2023-07-08 17:45:20', '2023-07-08 17:45:20'),
(55, 19, 'Соус терияки-майо', '70', '2023-07-08 17:46:05', '2023-07-08 17:46:05'),
(56, 19, 'Соус тартар', '70', '2023-07-08 17:46:28', '2023-07-08 17:46:28'),
(57, 19, 'Сырный соус', '70', '2023-07-08 17:46:43', '2023-07-08 17:46:43'),
(58, 19, 'Кетчуп томатный', '70', '2023-07-08 17:47:01', '2023-07-08 17:47:01'),
(59, 19, 'Соус сладкий чили', '70', '2023-07-08 17:47:21', '2023-07-08 17:47:21'),
(60, 14, 'Мидии с овощами в сливочном соусе', '670', '2023-07-08 17:48:41', '2023-07-08 17:48:41'),
(61, 14, 'Суп Том ям с морепродуктами', '670', '2023-07-08 17:49:13', '2023-07-08 17:49:13'),
(62, 14, 'Осьминог су-вид с цветной капустой', '740', '2023-07-08 17:49:50', '2023-07-08 17:49:50'),
(63, 14, 'Креветка в карамельном соусе', '690', '2023-07-08 17:50:17', '2023-07-08 17:50:17'),
(64, 14, 'Ведро саргана', '1190', '2023-07-08 17:50:39', '2023-07-08 17:50:39'),
(65, 14, 'Тигровые креветки', '750', '2023-07-08 17:51:00', '2023-07-08 17:51:00'),
(66, 14, 'Ведро ставриды', '730', '2023-07-08 17:51:30', '2023-07-08 17:51:30'),
(67, 14, 'Ассорти из трех видов рыб', '990', '2023-07-08 17:52:01', '2023-07-08 17:52:01'),
(68, 14, 'Ведро барабули', '1190', '2023-07-08 17:52:29', '2023-07-08 17:52:29'),
(69, 14, 'Устрица черноморская', '330', '2023-07-08 17:53:01', '2023-07-08 17:53:01'),
(70, 14, 'Устрица черноморская с винным уксусом и луком шалот', '330', '2023-07-08 17:53:48', '2023-07-08 17:53:48'),
(71, 14, 'Рапан в сливочном соусе', '650', '2023-07-08 17:54:13', '2023-07-08 17:54:13'),
(72, 18, 'Сок Добрый мультифрукт (330 мл)', '120', '2023-07-08 17:56:20', '2023-07-08 18:02:53'),
(73, 18, 'Добрый Fanta', '150', '2023-07-08 17:56:51', '2023-07-08 17:56:51'),
(74, 18, 'Газированный безалкогольный напиток Abrau Vinograde со вкусом манго и винограда', '250', '2023-07-08 17:58:26', '2023-07-08 17:58:26'),
(75, 18, 'Abrau Vinograde со вкусом винограда', '250', '2023-07-08 17:59:06', '2023-07-08 17:59:06'),
(76, 18, 'Abrau Vinograde со вкусом кокоса и винограда', '250', '2023-07-08 17:59:30', '2023-07-08 17:59:30'),
(77, 18, 'Abrau Vinograde со вкусом ананаса и винограда', '250', '2023-07-08 18:00:02', '2023-07-08 18:00:02'),
(78, 18, 'Abrau Vinograde со вкусом черешни и винограда', '250', '2023-07-08 18:00:37', '2023-07-08 18:00:37'),
(79, 18, 'Abrau Vinograde Винонад со вкусом каберне', '250', '2023-07-08 18:01:13', '2023-07-08 18:01:13'),
(80, 18, 'Сок Добрый мультифрукт (200 мл)', '90', '2023-07-08 18:02:15', '2023-07-08 18:02:15'),
(81, 18, 'Вода Bon Aqua негазированная', '100', '2023-07-08 18:03:42', '2023-07-08 18:03:42'),
(82, 18, 'Холодный чай Fuzetea', '150', '2023-07-08 18:04:20', '2023-07-08 18:04:20'),
(83, 18, 'Напиток Добрый лимон-лайм (330мл)', '120', '2023-07-08 18:05:14', '2023-07-08 18:05:14'),
(84, 18, 'Добрый Cola (330 мл)', '120', '2023-07-08 18:06:11', '2023-07-08 18:06:11'),
(85, 18, 'Напиток Добрый Cola (500 мл)', '150', '2023-07-08 18:06:53', '2023-07-08 18:06:53'),
(86, 21, 'Сабурани', '800', '2023-07-09 10:42:27', '2023-07-09 10:42:27'),
(87, 21, 'Самса', '115', '2023-07-09 10:42:47', '2023-07-09 10:42:47'),
(88, 20, 'Четыре сыра', '650', '2023-07-09 10:43:10', '2023-07-09 10:43:10'),
(89, 20, 'Большая охота', '650', '2023-07-09 10:43:27', '2023-07-09 10:43:27'),
(90, 20, 'Коза ностра', '650', '2023-07-09 10:43:46', '2023-07-09 10:43:46'),
(91, 20, 'Маргарита', '650', '2023-07-09 10:44:06', '2023-07-09 10:44:06'),
(92, 20, 'Марко поло', '650', '2023-07-09 10:44:19', '2023-07-09 10:44:19'),
(93, 20, 'Сицилия', '650', '2023-07-09 10:44:31', '2023-07-09 10:44:31'),
(94, 20, 'Венеция', '650', '2023-07-09 10:44:53', '2023-07-09 10:44:53'),
(95, 20, 'Маринара', '650', '2023-07-09 10:45:02', '2023-07-09 10:45:02'),
(96, 20, 'Гавайская', '650', '2023-07-09 10:45:15', '2023-07-09 10:45:15'),
(97, 20, 'Жульен', '650', '2023-07-09 10:45:32', '2023-07-09 10:45:32'),
(98, 20, 'Пепперони', '650', '2023-07-09 10:45:42', '2023-07-09 10:45:54'),
(99, 22, 'Вода Горячий ключ негазированная (500 мл)', '40', '2023-07-09 10:46:51', '2023-07-09 10:46:51'),
(100, 22, 'Вода Горячий ключ газированная (500 мл)', '40', '2023-07-09 10:47:15', '2023-07-09 10:47:15'),
(101, 22, 'Вода Горячий ключ негазированная (1,5 л)', '60', '2023-07-09 10:47:58', '2023-07-09 10:47:58'),
(102, 22, 'Вода Горячий ключ газированная (1,5 л)', '60', '2023-07-09 10:48:12', '2023-07-09 10:48:12'),
(103, 23, 'Фокачча', '65', '2023-07-10 07:41:07', '2023-07-10 07:41:07'),
(104, 23, 'Фесели', '110', '2023-07-10 07:41:23', '2023-07-10 07:41:23'),
(105, 23, 'Узбекская лепешка', '50', '2023-07-10 07:41:51', '2023-07-10 07:41:51'),
(106, 23, 'Ржаная лепешка', '70', '2023-07-10 07:42:13', '2023-07-10 07:42:13'),
(107, 24, 'Ассорти холодных закусок', '635', '2023-07-10 08:20:46', '2023-07-10 08:20:46'),
(108, 24, 'Овощной букет', '295', '2023-07-10 08:21:07', '2023-07-10 08:21:07'),
(109, 24, 'Ассорти бочковых солений', '210', '2023-07-10 08:21:35', '2023-07-10 08:21:35'),
(110, 24, 'Ассорти кавказских сыров', '495', '2023-07-10 08:21:59', '2023-07-10 08:21:59'),
(111, 25, 'Салат Дефиле', '499', '2023-07-10 08:22:41', '2023-07-10 08:26:24'),
(112, 25, 'Салат От шефа', '455', '2023-07-10 08:23:01', '2023-07-10 08:27:05'),
(113, 25, 'Салат Нисуаз', '585', '2023-07-10 08:23:24', '2023-07-10 08:26:38'),
(114, 25, 'Салат Морской коктейль', '555', '2023-07-10 08:23:50', '2023-07-10 08:26:50'),
(115, 25, 'Салат Домашний', '230', '2023-07-10 08:24:23', '2023-07-10 08:26:14'),
(116, 25, 'Салат Буратта', '670', '2023-07-10 08:24:49', '2023-07-10 08:26:04'),
(117, 25, 'Салат Бакинский', '285', '2023-07-10 08:25:21', '2023-07-10 08:25:21'),
(118, 25, 'Салат Страчателла', '485', '2023-07-10 08:25:53', '2023-07-10 08:25:53'),
(119, 25, 'Салат по-корейски', '395', '2023-07-11 16:06:10', '2023-07-11 16:06:10'),
(120, 25, 'Салат \"Дагестан\"', '385', '2023-07-11 16:06:42', '2023-07-11 16:06:42'),
(121, 25, 'Салат Джумейра', '487', '2023-07-11 16:07:10', '2023-07-11 16:07:10'),
(122, 25, 'Салат с ростбифом и вяленными томатами', '520', '2023-07-11 16:08:03', '2023-07-11 16:08:03'),
(123, 25, 'Салат три вида мяса', '345', '2023-07-11 16:08:30', '2023-07-11 16:08:30'),
(124, 25, 'Теплый салат с куриной печенью', '335', '2023-07-11 16:09:02', '2023-07-11 16:09:02'),
(125, 25, 'Салат цезарь с курицей', '360', '2023-07-11 16:09:41', '2023-07-11 16:09:41'),
(126, 25, 'Салат цезарь с креветкой', '485', '2023-07-11 16:10:09', '2023-07-11 16:10:09'),
(127, 25, 'Хрустящий салат из баклажан', '345', '2023-07-11 16:10:46', '2023-07-11 16:10:46'),
(128, 25, 'Салат чука', '260', '2023-07-11 16:11:15', '2023-07-11 16:11:15'),
(129, 26, 'Баклажан пармеджано 320', '320', '2023-07-11 16:12:20', '2023-07-11 16:12:20'),
(130, 26, 'Куриные стрипсы', '250', '2023-07-11 16:12:43', '2023-07-11 16:12:43'),
(131, 26, 'Сырные палочки', '255', '2023-07-11 16:13:09', '2023-07-11 16:13:09'),
(132, 26, 'Жульен в блинах с кедровыми орешками', '345', '2023-07-11 16:14:04', '2023-07-11 16:14:04'),
(133, 27, 'Грибной суп', '275', '2023-07-11 16:14:40', '2023-07-11 16:14:40'),
(134, 27, 'Чечевичный суп', '180', '2023-07-11 16:15:03', '2023-07-11 16:15:03'),
(135, 27, 'Суп с бараньей голенью', '650', '2023-07-11 16:15:29', '2023-07-11 16:15:29'),
(136, 27, 'Суп том ям', '555', '2023-07-11 16:15:51', '2023-07-11 16:15:51'),
(137, 27, 'Пити по-щекински', '385', '2023-07-11 16:16:31', '2023-07-11 16:16:31'),
(138, 27, 'Кюфта', '295', '2023-07-11 16:16:52', '2023-07-11 16:16:52'),
(139, 27, 'Суп с домашней лапшой', '190', '2023-07-11 16:17:16', '2023-07-11 16:17:16'),
(140, 28, 'Пенне с лососем', '465', '2023-07-11 16:17:58', '2023-07-11 16:17:58'),
(141, 28, 'Фриули', '495', '2023-07-11 16:18:14', '2023-07-11 16:18:14'),
(142, 28, 'Мафальдини с курицей и грибами', '330', '2023-07-11 16:18:55', '2023-07-11 16:18:55'),
(143, 28, 'Лапша удон', '370', '2023-07-11 16:19:17', '2023-07-11 16:19:27'),
(144, 28, 'Болоньезе с феттучине', '335', '2023-07-11 16:20:05', '2023-07-11 16:20:05'),
(145, 28, 'Лапша соба с говядиной', '550', '2023-07-11 16:20:39', '2023-07-11 16:20:39'),
(146, 29, 'Картофель по деревенски', '185', '2023-07-11 16:21:21', '2023-07-11 16:21:21'),
(147, 29, 'Картофель фри', '175', '2023-07-11 16:21:41', '2023-07-11 16:21:41'),
(148, 29, 'Картофельное пюре', '130', '2023-07-11 16:22:05', '2023-07-11 16:22:05'),
(149, 29, 'Рис', '120', '2023-07-11 16:22:25', '2023-07-11 16:22:25'),
(150, 29, 'Рис пряный с куркумой', '120', '2023-07-11 16:22:51', '2023-07-11 16:22:51'),
(151, 29, 'Рис пряный с прованскими травами', '120', '2023-07-11 16:23:24', '2023-07-11 16:23:24'),
(152, 30, 'Стейк семги с креветками', '1250', '2023-07-11 16:24:24', '2023-07-11 16:24:24'),
(153, 30, 'Запеченная семга с овощами', '865', '2023-07-11 16:25:02', '2023-07-11 16:25:02'),
(154, 30, 'Стейк семги под икорно-сливочным соусом', '985', '2023-07-11 16:25:52', '2023-07-11 16:25:52'),
(155, 30, 'Тести кебаб', '620', '2023-07-11 16:26:26', '2023-07-11 16:26:26'),
(156, 30, 'Ковурма по-карабарски', '550', '2023-07-11 16:26:57', '2023-07-11 16:26:57'),
(157, 30, 'Телятина в сливочном соусе с картофельным пюре', '630', '2023-07-11 16:27:45', '2023-07-11 16:27:45'),
(158, 30, 'Бефстроганов из говяжьего языка с рисом', '499', '2023-07-11 16:28:41', '2023-07-11 16:28:41'),
(159, 30, 'Бефстроганов из говяжьего языка с картофельным пюре', '499', '2023-07-11 16:29:52', '2023-07-11 16:29:52'),
(160, 30, 'Баклажан тавук', '495', '2023-07-11 16:30:27', '2023-07-11 16:30:27'),
(161, 30, 'Куриное филе в лимонно-апельсиновом соусе', '430', '2023-07-11 16:31:12', '2023-07-11 16:31:12'),
(162, 30, 'Цыпленок томленый в гранатовом соусе', '390', '2023-07-11 16:32:10', '2023-07-11 16:32:10'),
(163, 30, 'Куриная грудка со шпинатом в сливочном соусе', '395', '2023-07-11 16:33:06', '2023-07-11 16:33:06'),
(164, 31, 'Ассорти хинкал', '3550', '2023-07-11 16:33:49', '2023-07-11 16:33:49'),
(165, 31, 'Аварский хинкал', '220', '2023-07-11 16:35:22', '2023-07-11 16:35:22'),
(166, 31, 'Даргинский хинкал', '200', '2023-07-11 16:35:47', '2023-07-11 16:35:47'),
(167, 31, 'Чеченский хинкал', '200', '2023-07-11 16:36:11', '2023-07-11 16:36:11'),
(168, 31, 'Лезгинский хинкал', '180', '2023-07-11 16:36:34', '2023-07-11 16:36:34'),
(169, 31, 'Лезгинский ржаной хинкал', '190', '2023-07-11 16:37:03', '2023-07-11 16:37:03'),
(170, 31, 'Бульон', '25', '2023-07-11 16:38:43', '2023-07-11 16:38:43'),
(171, 31, 'Баранья голень', '790', '2023-07-11 16:39:10', '2023-07-11 16:39:10'),
(172, 31, 'Телятина', '299', '2023-07-11 16:39:29', '2023-07-11 16:39:29'),
(173, 31, 'Картофель отварной', '80', '2023-07-11 16:40:00', '2023-07-11 16:40:00'),
(174, 31, 'Колбаса сушеная', '395', '2023-07-11 16:40:32', '2023-07-11 16:40:32'),
(175, 31, 'Мясо курица', '250', '2023-07-11 16:40:59', '2023-07-11 16:40:59'),
(176, 31, 'Мясо сушеное', '195', '2023-07-11 16:41:29', '2023-07-11 16:41:29'),
(177, 31, 'Орех молотый', '50', '2023-07-11 16:41:56', '2023-07-11 16:41:56'),
(178, 31, 'Соус томатный жареный', '50', '2023-07-11 16:42:35', '2023-07-11 16:42:35'),
(179, 31, 'Соус руб цур', '100', '2023-07-11 16:43:13', '2023-07-11 16:43:13'),
(180, 31, 'Соус чесночный', '40', '2023-07-11 16:43:35', '2023-07-11 16:43:35'),
(181, 31, 'Соус аджика', '50', '2023-07-11 16:43:58', '2023-07-11 16:43:58'),
(182, 31, 'Соус сметана', '50', '2023-07-11 16:44:18', '2023-07-11 16:44:18'),
(183, 32, 'Тонкое чуду с мясом и картофелем', '240', '2023-07-12 16:53:45', '2023-07-12 16:53:45'),
(184, 32, 'Тонкое чуду с творогом и зеленью', '220', '2023-07-12 16:56:59', '2023-07-12 16:56:59'),
(185, 32, 'Тонкое чуду с творогом', '200', '2023-07-12 16:57:30', '2023-07-12 16:57:30'),
(186, 32, 'Тонкое чуду с зеленью', '260', '2023-07-12 16:58:02', '2023-07-12 16:58:32'),
(187, 32, 'Тонкое чуду с мясом', '260', '2023-07-12 16:58:59', '2023-07-12 16:58:59'),
(188, 32, 'Тонкое чуду с сыром', '280', '2023-07-12 16:59:34', '2023-07-12 16:59:34'),
(189, 32, 'Тонкое чуду с тыквой', '230', '2023-07-12 17:00:03', '2023-07-12 17:00:03'),
(190, 33, 'Осетинский пирог', '390', '2023-07-12 17:00:47', '2023-07-12 17:00:47'),
(191, 33, 'Толстое чуду с сушеным мясом и картофелем', '470', '2023-07-12 17:02:04', '2023-07-12 17:02:04'),
(192, 33, 'Толстое чуду с тыквой', '285', '2023-07-12 17:02:39', '2023-07-12 17:02:39'),
(193, 33, 'Толстое чуду с тыквой и сушеным мясом', '470', '2023-07-12 17:04:20', '2023-07-12 17:04:20'),
(194, 33, 'Толстое чуду с творогом и зеленью', '350', '2023-07-12 17:05:00', '2023-07-12 17:05:00'),
(195, 33, 'Толстое чуду с мясом', '450', '2023-07-12 17:05:28', '2023-07-12 17:05:28'),
(196, 33, 'Толстое чуду с мясом и картофелем', '380', '2023-07-12 17:06:09', '2023-07-12 17:06:09'),
(197, 34, 'Пицца', '330', '2023-07-12 17:06:52', '2023-07-12 17:06:52'),
(198, 34, 'Пицца цезарь', '395', '2023-07-12 17:07:13', '2023-07-12 17:07:13'),
(199, 34, 'Пицца охотничья', '485', '2023-07-12 17:07:45', '2023-07-12 17:07:45'),
(200, 34, 'Пицца маргарита', '280', '2023-07-12 17:08:12', '2023-07-12 17:08:12'),
(201, 34, 'Пицца куриная', '395', '2023-07-12 17:08:40', '2023-07-12 17:08:40'),
(202, 34, 'Пицца ассорти', '435', '2023-07-12 17:09:12', '2023-07-12 17:10:03'),
(203, 34, 'Пицца 4 сыра', '475', '2023-07-12 17:09:46', '2023-07-12 17:09:46'),
(204, 34, 'Пицца 4 сыра с грушей', '485', '2023-07-12 17:10:31', '2023-07-12 17:10:31'),
(205, 34, 'Пицца с лососем и рукколой', '550', '2023-07-12 17:11:13', '2023-07-12 17:11:13'),
(206, 34, 'Пиде с броколли', '495', '2023-07-12 17:11:57', '2023-07-12 17:11:57'),
(207, 34, 'Пиде с зеленью', '330', '2023-07-12 17:12:19', '2023-07-12 17:12:19'),
(208, 34, 'Пиде с мясом', '355', '2023-07-12 17:12:42', '2023-07-12 17:12:42'),
(209, 34, 'Хачапури по-аджарски', '285', '2023-07-12 17:13:26', '2023-07-12 17:13:26'),
(210, 34, 'Самса', '135', '2023-07-12 17:13:44', '2023-07-12 17:13:44'),
(211, 34, 'Хачапури по-мегрельски', '355', '2023-07-12 17:14:17', '2023-07-12 17:14:17'),
(212, 35, 'Стейк тибон', '895', '2023-07-12 17:15:11', '2023-07-12 17:15:11'),
(213, 35, 'Стейк томагавк', '1190', '2023-07-12 17:15:35', '2023-07-12 17:15:35'),
(214, 35, 'Стейк из бараньего окорока', '880', '2023-07-12 17:16:14', '2023-07-12 17:16:14'),
(215, 35, 'Люмаджун', '550', '2023-07-12 17:16:55', '2023-07-12 17:16:55'),
(216, 35, 'Бараньи семечки', '330', '2023-07-12 17:17:18', '2023-07-12 17:17:18'),
(217, 35, 'Шашлык из мякоти телятины', '550', '2023-07-12 17:17:56', '2023-07-12 17:17:56'),
(218, 35, 'Шашлык из мякоти баранины', '475', '2023-07-12 17:18:33', '2023-07-12 17:18:33'),
(219, 35, 'Каре ягненка', '480', '2023-07-12 17:19:08', '2023-07-12 17:19:08'),
(220, 35, 'Кюфта по-стамбульски', '635', '2023-07-12 17:19:46', '2023-07-12 17:19:46'),
(221, 35, 'Чубук', '565', '2023-07-12 17:20:15', '2023-07-12 17:20:15'),
(222, 35, 'Шана', '535', '2023-07-12 17:20:34', '2023-07-12 17:20:34'),
(223, 35, 'Королевские рулеты', '895', '2023-07-12 17:21:08', '2023-07-12 17:21:08'),
(224, 35, 'Люля из баранины с баклажанами', '395', '2023-07-12 17:21:55', '2023-07-12 17:21:55'),
(225, 35, 'Люля из баранины с грибами', '350', '2023-07-12 17:22:39', '2023-07-12 17:22:39'),
(226, 35, 'Ассорти шашлыков', '2650', '2023-07-12 17:23:08', '2023-07-12 17:23:08'),
(227, 35, 'Люля из курицы', '320', '2023-07-12 17:23:42', '2023-07-12 17:23:42'),
(228, 35, 'Люля из баранины', '430', '2023-07-12 17:24:07', '2023-07-12 17:24:07'),
(229, 35, 'Люля из телятины', '430', '2023-07-12 17:24:33', '2023-07-12 17:24:33'),
(230, 35, 'Картофель с курдюком', '200', '2023-07-12 17:25:10', '2023-07-12 17:25:10'),
(231, 35, 'Овощи на мангале', '275', '2023-07-12 17:25:37', '2023-07-12 17:25:37'),
(232, 35, 'Шампиньоны на мангале', '230', '2023-07-12 17:26:08', '2023-07-12 17:26:08'),
(233, 36, 'Меренговый рулет с лепестками миндаля и сезонными ягодами', '350', '2023-07-14 15:12:25', '2023-07-14 15:12:25'),
(234, 36, 'Медовик с карамелью и фундуком', '350', '2023-07-14 15:13:08', '2023-07-14 15:13:08'),
(235, 36, 'Маковый торт с лимонно-сырным кейком', '310', '2023-07-14 15:14:03', '2023-07-14 15:14:03'),
(236, 36, 'Авторский десерт на основе йогурта и местных ягод', '380', '2023-07-14 15:14:45', '2023-07-14 15:14:45'),
(237, 36, 'Тарт с сезонными ягодами и фруктами', '380', '2023-07-14 15:16:14', '2023-07-14 15:16:14'),
(238, 36, 'Тарт с арахисом, соленой карамелью и муссом с маскарпоне', '380', '2023-07-14 15:17:35', '2023-07-14 15:17:35'),
(239, 36, 'Эскимо \"Орео\"', '180', '2023-07-14 15:18:14', '2023-07-14 15:18:14'),
(240, 36, 'Клубничный тирамису с имитацией красной икры', '520', '2023-07-14 15:19:07', '2023-07-14 15:19:07'),
(241, 36, 'Авторские трюфельные конфеты', '70', '2023-07-14 15:19:40', '2023-07-14 15:19:40'),
(242, 37, 'Свиная шея', '150', '2023-07-14 17:13:25', '2023-07-14 17:13:25'),
(243, 37, 'Свиная вырезка', '150', '2023-07-14 17:13:45', '2023-07-14 17:13:45'),
(244, 37, 'Свиные ребра', '150', '2023-07-14 17:14:03', '2023-07-14 17:14:03'),
(245, 37, 'Баранина каре', '380', '2023-07-14 17:14:30', '2023-07-14 17:14:30'),
(246, 37, 'Баранье сердце', '180', '2023-07-14 17:14:55', '2023-07-14 17:14:55'),
(247, 37, 'Печень телятине в беконе', '150', '2023-07-14 17:15:25', '2023-07-14 17:15:25'),
(248, 37, 'Говяжья вырезка', '380', '2023-07-14 17:15:52', '2023-07-14 17:15:52'),
(249, 37, 'Говяжий язык', '380', '2023-07-14 17:16:18', '2023-07-14 17:16:18'),
(250, 37, 'Куриное филе', '130', '2023-07-14 17:16:32', '2023-07-14 17:16:32'),
(251, 37, 'Куриные крылья', '120', '2023-07-14 17:17:00', '2023-07-14 17:17:00'),
(252, 37, 'Люля кебаб из баранины', '180', '2023-07-14 17:17:38', '2023-07-14 17:17:38'),
(253, 37, 'Люля кебаб из свинины и говядины', '150', '2023-07-14 17:18:08', '2023-07-14 17:18:08'),
(254, 37, 'Люля кебаб из курицы', '140', '2023-07-14 17:18:36', '2023-07-14 17:18:36'),
(255, 37, 'Люля кебаб из курицы с фермерским сыром', '150', '2023-07-14 17:19:19', '2023-07-14 17:19:19'),
(256, 37, 'Гобыль', '380', '2023-07-14 17:19:43', '2023-07-14 17:19:43'),
(257, 37, 'Кефаль/Лобан', '160', '2023-07-14 17:20:18', '2023-07-14 17:20:18'),
(258, 37, 'Пеленгас', '160', '2023-07-14 17:20:45', '2023-07-14 17:20:45'),
(259, 37, 'Овощи запеченные', '90', '2023-07-14 17:21:11', '2023-07-14 17:21:11'),
(260, 37, 'Шампиньоны', '90', '2023-07-14 17:21:32', '2023-07-14 17:21:32'),
(261, 37, 'Картофель', '55', '2023-07-14 17:21:56', '2023-07-14 17:21:56'),
(262, 37, 'Картофель в беконе', '90', '2023-07-14 17:22:16', '2023-07-14 17:22:16'),
(263, 38, 'Лепешка с томатами и тремя видами сыра', '450', '2023-07-14 17:23:11', '2023-07-14 17:23:11'),
(264, 38, 'Люля-кебаб с печеными овощами и тартаром из соленого огурца', '850', '2023-07-14 17:24:03', '2023-07-14 17:24:03'),
(265, 38, 'Жареная черноморская барабулька с цитрусовым чимичурри', '750', '2023-07-14 17:25:01', '2023-07-14 17:25:01'),
(266, 38, 'Жаренный сарган с икорно-сливочным соусом', '850', '2023-07-14 17:25:40', '2023-07-14 17:25:40'),
(267, 38, 'Соте из пеленгаса, мидий и рапанов в соусе а-ля бордолез', '690', '2023-07-14 17:27:02', '2023-07-14 17:27:02'),
(268, 38, 'Гребешок, запеченный с травами и луком-порей под соусом бер блан', '700', '2023-07-14 17:28:05', '2023-07-14 17:28:05'),
(269, 38, 'Запеченная устрица под соусом бешамель с черной икрой', '550', '2023-07-14 17:28:49', '2023-07-14 17:28:49'),
(270, 39, 'Говяжья вырезка с миксом обжаренных перцев и огуречно-сливочным соусом', '980', '2023-07-14 17:30:32', '2023-07-14 17:30:32'),
(271, 39, 'Запеченное мясо козы и равиоли с картофелем в сливочном соусе', '590', '2023-07-14 17:31:24', '2023-07-14 17:31:24'),
(272, 39, 'Свиная вырезка в панировке из кофе с густым соусом кальвадос', '470', '2023-07-14 17:32:35', '2023-07-14 17:32:35'),
(273, 39, 'Утиная ножка су-вид в соусе понзу с пюре из сельдерея', '750', '2023-07-14 17:33:51', '2023-07-14 17:33:51'),
(274, 40, 'Киш с черноморской рыбой и фермерским сыром', '380', '2023-07-14 17:34:48', '2023-07-14 17:34:48'),
(275, 40, 'Слоеное хачапури с мидиями', '580', '2023-07-14 17:35:26', '2023-07-14 17:35:26'),
(276, 40, 'Слоеное хачапури с сулгуни', '520', '2023-07-14 17:36:15', '2023-07-14 17:36:15'),
(277, 40, 'Хлебная корзина', '280', '2023-07-14 17:36:42', '2023-07-14 17:36:42'),
(278, 41, 'Лесные грибы в сметане', '490', '2023-07-14 17:37:23', '2023-07-14 17:37:23'),
(279, 41, 'Оладьи из кубанских кабачков', '280', '2023-07-14 17:38:07', '2023-07-14 17:38:07'),
(280, 41, 'Кускус с локальными овощами', '280', '2023-07-14 17:38:37', '2023-07-14 17:38:37'),
(281, 41, 'Кукуруза на гриле', '280', '2023-07-14 17:39:01', '2023-07-14 17:39:01'),
(286, 43, 'Куриные крылышки', '299', '2023-07-17 16:57:54', '2023-07-17 16:57:54'),
(287, 43, 'Шашлык из куриной грудки', '365', '2023-07-17 16:58:27', '2023-07-17 16:58:27'),
(288, 43, 'Стейк из куриной грудки', '455', '2023-07-17 16:58:54', '2023-07-17 16:58:54'),
(289, 44, 'Кефаль', '640', '2023-07-17 16:59:51', '2023-07-17 16:59:51'),
(290, 44, 'Стейк из семги', '1190', '2023-07-17 17:00:12', '2023-07-17 17:00:12'),
(291, 44, 'Судак', '850', '2023-07-17 17:00:35', '2023-07-17 17:00:35'),
(292, 44, 'Форель', '850', '2023-07-17 17:01:07', '2023-07-17 17:01:07'),
(293, 44, 'Шашлык из семги', '960', '2023-07-17 17:01:26', '2023-07-17 17:01:26'),
(294, 44, 'Дорадо', '595', '2023-07-17 17:01:44', '2023-07-17 17:01:44'),
(295, 44, 'Лангустины', '495', '2023-07-17 17:02:05', '2023-07-17 17:02:05'),
(296, 45, 'Хачапури по-аджарски', '820', '2023-07-17 17:02:54', '2023-07-17 17:02:54'),
(297, 45, 'Садж', '1370', '2023-07-17 17:03:22', '2023-07-17 17:03:22'),
(298, 45, 'BIG пицца', '980', '2023-07-17 17:04:03', '2023-07-17 17:04:03'),
(299, 45, 'Ужин путника', '990', '2023-07-17 17:04:24', '2023-07-17 17:04:24'),
(300, 45, 'Шах плов', '2320', '2023-07-17 17:04:42', '2023-07-17 17:04:42'),
(304, 46, 'Сет киото', '2350', '2023-07-17 17:07:03', '2023-07-17 17:07:03'),
(305, 46, 'Холодный сет', '1860', '2023-07-17 17:07:29', '2023-07-17 17:07:29'),
(306, 46, 'Горячий сет', '1890', '2023-07-17 17:07:52', '2023-07-17 17:07:52'),
(307, 46, 'Сет джумейра', '3650', '2023-07-17 17:08:45', '2023-07-17 17:08:45'),
(308, 46, 'Сет сэнсэй', '2990', '2023-07-17 17:09:08', '2023-07-17 17:09:08'),
(309, 47, 'Ролл Аляска', '389', '2023-07-17 17:10:04', '2023-07-17 17:10:04'),
(310, 47, 'Ролл Фуджияма', '495', '2023-07-17 17:10:29', '2023-07-17 17:11:16'),
(311, 47, 'Ролл Икура Маки', '595', '2023-07-17 17:11:02', '2023-07-17 17:12:02'),
(312, 47, 'Ролл Курасава', '499', '2023-07-17 17:11:43', '2023-07-17 17:11:43'),
(313, 47, 'Ролл Дракон', '720', '2023-07-17 17:12:35', '2023-07-17 17:12:35'),
(314, 47, 'Ролл Сафари', '455', '2023-07-17 17:13:04', '2023-07-17 17:13:04'),
(315, 47, 'Ролл Дзиро', '499', '2023-07-17 17:13:30', '2023-07-17 17:13:30'),
(316, 47, 'Ролл Токио', '455', '2023-07-17 17:14:01', '2023-07-17 17:14:01'),
(317, 47, 'Ролл Кабаяки', '499', '2023-07-17 17:14:22', '2023-07-17 17:14:22'),
(318, 47, 'Ролл Нагойя', '520', '2023-07-17 17:14:52', '2023-07-17 17:14:52'),
(319, 47, 'Ролл Калифорния с крабом', '399', '2023-07-17 17:15:38', '2023-07-17 17:15:38'),
(320, 47, 'Калифорния с лососем', '455', '2023-07-17 17:16:08', '2023-07-17 17:16:08'),
(321, 47, 'Калифорния с креветкой', '435', '2023-07-17 17:16:35', '2023-07-17 17:16:35'),
(322, 47, 'Острый ролл с угрем', '399', '2023-07-17 17:17:04', '2023-07-17 17:17:04'),
(323, 47, 'Острый ролл с тунцом', '390', '2023-07-17 17:17:35', '2023-07-17 17:17:35'),
(324, 47, 'Острый ролл с лососем', '399', '2023-07-17 17:18:08', '2023-07-17 17:18:08'),
(325, 47, 'Острый ролл с креветкой', '390', '2023-07-17 17:18:55', '2023-07-17 17:18:55'),
(326, 47, 'Филадельфия с копченым лососем', '495', '2023-07-17 17:19:42', '2023-07-17 17:19:42'),
(327, 47, 'Филадельфия с угрем', '495', '2023-07-17 17:20:11', '2023-07-17 17:20:11'),
(328, 47, 'Филадельфия с лососем', '460', '2023-07-17 17:20:37', '2023-07-17 17:20:37'),
(329, 47, 'Хосомаки с копченым лососем', '255', '2023-07-17 17:21:23', '2023-07-17 17:21:23'),
(330, 47, 'Хосомаки с креветкой', '255', '2023-07-17 17:21:52', '2023-07-17 17:21:52'),
(331, 47, 'Хосомаки с огурцом', '195', '2023-07-17 17:22:21', '2023-07-17 17:22:21'),
(332, 47, 'Хосомаки с угрем', '255', '2023-07-17 17:22:45', '2023-07-17 17:22:45'),
(333, 47, 'Ролл хосомаки с лососем', '255', '2023-07-17 17:23:14', '2023-07-17 17:23:14'),
(334, 42, 'Черноморские мидии, запеченные в сливочном соусе под пармезаном на камнях', '750', '2023-07-19 17:16:04', '2023-07-19 17:16:04'),
(335, 42, 'Черноморские мидии в створках в сливочном соусе с томатами и сыром дорблю', '850', '2023-07-19 17:17:12', '2023-07-19 17:17:12'),
(336, 42, 'Черноморские мидии в створках с томатами в винном соусе', '850', '2023-07-19 17:18:22', '2023-07-19 17:18:22'),
(337, 42, 'Черноморские рапаны в сливочно-томатном соусе', '750', '2023-07-19 17:19:19', '2023-07-19 17:19:19'),
(338, 42, 'Жареный домашний сулгуни с грушевым чатни', '410', '2023-07-19 17:20:17', '2023-07-19 17:20:17'),
(339, 49, 'Черноморский лимонный велюте с рапанами и подкопченными мидиями', '440', '2023-07-19 17:22:01', '2023-07-19 17:22:01'),
(340, 49, 'Мятный крем-суп из свежего зеленого горошка', '380', '2023-07-19 17:22:46', '2023-07-19 17:22:46'),
(341, 49, 'Окрошка с телячьим языком на домашнем мацони', '380', '2023-07-19 17:23:39', '2023-07-19 17:23:39'),
(342, 49, 'Бульон из фермерской индейки с домашней лапшой', '280', '2023-07-19 17:24:20', '2023-07-19 17:24:20'),
(343, 50, 'Фарфалле с цукини и лапшой из индейки', '490', '2023-07-19 17:25:24', '2023-07-19 17:25:24'),
(344, 50, 'Равиоли с черноморскии мидиями, яйцом и сезонной зеленью', '440', '2023-07-19 17:26:33', '2023-07-19 17:26:33'),
(345, 50, 'Каннеллони с паштетом из печени домашней индейки и шпината', '490', '2023-07-19 17:28:16', '2023-07-19 17:28:16'),
(346, 51, 'Пеленгас под шапкой из зеленой пасты с морковным пюре и соусом беарнез', '580', '2023-07-19 17:30:14', '2023-07-19 17:30:14'),
(347, 51, 'Стейк черноморского пеленгаса с соусом из желтых томатов с творожным кремом и маринованным дайконом', '580', '2023-07-19 17:31:45', '2023-07-19 17:31:45'),
(348, 51, 'Долма с рубленым лобаном, корнем сельдерея, цедрой лайма и лимона', '750', '2023-07-19 17:32:57', '2023-07-19 17:32:57'),
(349, 52, 'Карпачо из кубанских томатов с клубникой', '320', '2023-07-19 17:34:21', '2023-07-19 17:34:21'),
(350, 52, 'Тартар из кавказского оленя с вяленым виноградом и сырной пеной', '640', '2023-07-19 17:35:35', '2023-07-19 17:35:35'),
(351, 52, 'Пастрами из местной телятины под соусом из подкопченной черноморской рыбы', '480', '2023-07-19 17:36:51', '2023-07-19 17:36:51'),
(352, 52, 'Филе дикой утки в пряном маринаде из горных трав', '400', '2023-07-19 17:37:32', '2023-07-19 17:37:32'),
(353, 52, 'Тартар из кубанских печеных овощей с жареным адыгейским сыром', '340', '2023-07-19 17:38:53', '2023-07-19 17:38:53'),
(354, 52, 'Набор из 8 мини-эклеров', '750', '2023-07-19 17:39:32', '2023-07-19 17:39:32'),
(355, 52, 'Брускеты с кубанскими томатами и виноградом', '270', '2023-07-19 17:40:29', '2023-07-19 17:40:29'),
(356, 52, 'Брускеты с копченой домашней индейкой', '270', '2023-07-19 17:41:13', '2023-07-19 17:41:13'),
(357, 52, 'Фаршмак из подкопченной кефали с пряным яблоком и чипсами из сельдерея', '380', '2023-07-19 17:42:34', '2023-07-19 17:42:34'),
(358, 52, 'Подкопченный черноморский пеленгас в кокосовом соусе сациви', '520', '2023-07-19 17:43:34', '2023-07-19 17:43:34'),
(359, 52, 'Тартар из черноморской сельди с цитрусовым миксом', '400', '2023-07-19 17:44:36', '2023-07-19 17:44:36'),
(360, 53, 'Фермерская буррата с салатом из бланшированного лука-порей и конкассе из кубанских томатов с мятным спагетти', '750', '2023-07-19 17:47:15', '2023-07-19 17:47:15'),
(361, 53, 'Салат с черноморским пеленгасом, маринованным кубанским картофелем, авокадо и творожно-сырным соусом', '440', '2023-07-19 17:48:32', '2023-07-19 17:48:32'),
(362, 53, 'Салат с пастрами из местной телятины с авокадо, печеным перцем и огуречным кремом', '540', '2023-07-19 17:49:45', '2023-07-19 17:49:45'),
(363, 53, 'Хрустящие баклажаны с бланшированными томатами черри', '420', '2023-07-19 17:50:31', '2023-07-19 17:50:31'),
(364, 53, 'Табуле с кускусом, кубанскими травами и овощами', '380', '2023-07-19 17:51:49', '2023-07-19 17:51:49'),
(365, 54, 'Боул с болтушкой из домашних яиц с запеченными томатами черри и сыром', '460', '2023-07-20 03:35:11', '2023-07-20 03:35:11'),
(366, 54, 'Оладьи из кубанских кабачков с соусом дзадзики  из деревенской сметаны с щучьей икрой', '380', '2023-07-20 03:36:40', '2023-07-20 03:36:40'),
(367, 54, 'Йогурт с шоколадной гранолой, сезонными фруктами и ягодами', '280', '2023-07-20 03:37:38', '2023-07-20 03:37:38'),
(368, 54, 'Брускета с сочинской форелью, яйцом пашот и голландским соусом', '510', '2023-07-20 03:38:58', '2023-07-20 03:38:58'),
(369, 55, 'Морские ежи', '400', '2023-07-20 03:39:37', '2023-07-20 03:39:37'),
(370, 55, 'Гребешок', '700', '2023-07-20 03:39:59', '2023-07-20 03:39:59'),
(371, 55, 'Устрицы', '400', '2023-07-20 03:40:20', '2023-07-20 03:40:20'),
(372, 55, 'Краб-волосатик', '3000', '2023-07-20 03:40:50', '2023-07-20 03:40:50'),
(373, 55, 'Магаданские креветки', '1400', '2023-07-20 03:41:19', '2023-07-20 03:41:19'),
(374, 56, 'Ледяное плато (креветки, устрицы, ежи) малое', '2500', '2023-07-20 03:43:11', '2023-07-20 03:43:11'),
(375, 56, 'Ледяное плато (креветки, устрицы, ежи) большое', '4400', '2023-07-20 03:43:56', '2023-07-20 03:43:56'),
(376, 56, 'Ледяное плато (гребешок, ежи, устрицы) малое', '1600', '2023-07-20 03:46:04', '2023-07-20 03:46:04'),
(377, 56, 'Ледяное плато (гребешок, ежи, устрицы) большое', '3400', '2023-07-20 03:46:30', '2023-07-20 03:46:30'),
(378, 56, 'Винная гастроколлекция (подкопченная свинина, копченая индейка, оливки, овечий сыр, творожный пряный крем с томатами, кунжутные гриссини)', '840', '2023-07-20 03:49:22', '2023-07-20 03:49:22'),
(379, 56, 'Микс щучьей и красной икры с тремя видами масла (пряное, перно, печеный лук)', '950', '2023-07-20 03:50:47', '2023-07-20 03:50:47'),
(380, 56, 'Мясное плато (подкопченная кавказская вяленая оленина, индейка домашнего копчения, подкопченная свинина, пастрами, куриное филе, сальса и горчичный соусы, битые огурцы, халапеньо)', '1280', '2023-07-20 03:54:43', '2023-07-20 03:54:43'),
(381, 56, 'Плато локальных фермерских сыров', '740', '2023-07-20 03:55:32', '2023-07-20 03:55:32'),
(382, 56, 'Плато черноморских копченостей (мидии, рапаны, ставрида, барабулька, морской бычок)', '1130', '2023-07-20 03:57:08', '2023-07-20 03:57:08'),
(383, 56, 'Томаты с ягодами и малиновым соусом', '680', '2023-07-20 04:00:00', '2023-07-20 04:00:00'),
(385, 56, 'Плато свежих местных овощей и зелени', '460', '2023-07-20 04:01:59', '2023-07-20 04:01:59'),
(386, 56, 'Сезонные маринованные овощи', '500', '2023-07-20 04:02:47', '2023-07-20 04:02:47'),
(387, 48, 'Ролл Монако', '595', '2023-07-27 08:29:28', '2023-07-27 08:29:28'),
(388, 48, 'Ролл Хаус', '420', '2023-07-27 08:29:52', '2023-07-27 08:30:08'),
(389, 48, 'Ролл Хоккайдо с окунем', '395', '2023-07-27 08:31:04', '2023-07-27 08:31:51'),
(390, 48, 'Ролл Хотате', '499', '2023-07-27 08:31:39', '2023-07-27 08:31:39'),
(391, 48, 'Ролл Хоккайдо с креветкой', '495', '2023-07-27 08:32:35', '2023-07-27 08:32:35'),
(392, 48, 'Ролл Хоккайдо с лососем', '520', '2023-07-27 08:33:06', '2023-07-27 08:33:06'),
(393, 48, 'Ролл Хоккайдо с крабом', '415', '2023-07-27 08:33:42', '2023-07-27 08:33:42'),
(394, 48, 'Ролл Хоккайдо с тунцом', '465', '2023-07-27 08:34:22', '2023-07-27 08:34:22'),
(395, 48, 'Ролл Джумейра', '595', '2023-07-27 08:34:54', '2023-07-27 08:34:54'),
(396, 48, 'Ролл Фудзи', '395', '2023-07-27 08:35:22', '2023-07-27 08:35:22'),
(397, 48, 'Запеченные мидии', '435', '2023-07-27 08:35:51', '2023-07-27 08:35:51'),
(398, 48, 'Ролл Нежность', '460', '2023-07-27 08:36:16', '2023-07-27 08:36:16'),
(399, 48, 'Ролл Рисо', '440', '2023-07-27 08:37:00', '2023-07-27 08:37:00'),
(400, 57, 'Ролл Флорида', '499', '2023-07-27 08:37:53', '2023-07-27 08:37:53'),
(401, 57, 'Ролл Сакура', '455', '2023-07-27 08:38:15', '2023-07-27 08:38:15'),
(402, 57, 'Ролл Татаки Эби с тунцом', '499', '2023-07-27 08:38:52', '2023-07-27 08:38:52'),
(403, 57, 'Ролл Ойси', '499', '2023-07-27 08:39:18', '2023-07-27 08:39:18'),
(404, 57, 'Ролл Татаки Эби с окунем', '390', '2023-07-27 08:40:00', '2023-07-27 08:40:00'),
(405, 57, 'Ролл Татаки Эби с лососем', '495', '2023-07-27 08:40:35', '2023-07-27 08:40:35'),
(406, 58, 'Цезарь с курицей', '395', '2023-07-27 08:41:36', '2023-07-27 08:41:36'),
(407, 58, 'Ролл Осака', '435', '2023-07-27 08:42:23', '2023-07-27 08:42:43'),
(408, 58, 'Ролл Бостон', '430', '2023-07-27 08:43:05', '2023-07-27 08:43:05'),
(409, 58, 'Ролл Банзай', '410', '2023-07-27 08:43:35', '2023-07-27 08:43:35'),
(410, 58, 'Креветки в кляре', '455', '2023-07-27 08:44:01', '2023-07-27 08:44:01'),
(411, 59, 'Шоколадная сфера', '395', '2023-07-27 08:45:01', '2023-07-27 08:45:01'),
(412, 59, 'Тирамису', '290', '2023-07-27 08:45:25', '2023-07-27 08:45:25'),
(413, 59, 'Шоколадный фондан', '320', '2023-07-27 08:45:56', '2023-07-27 08:45:56'),
(414, 59, 'Кавак TATLISI турецкий десерт из тыквы', '310', '2023-07-27 08:47:26', '2023-07-27 08:47:26'),
(415, 59, 'Медовый торт по домашнему', '290', '2023-07-27 08:48:05', '2023-07-27 08:48:05'),
(416, 59, 'Малина в облаках', '345', '2023-07-27 08:48:44', '2023-07-27 08:53:03'),
(417, 59, 'Венские вафли', '290', '2023-07-27 08:50:56', '2023-07-27 08:50:56'),
(418, 59, 'Брауни с ванильным мороженным', '320', '2023-07-27 08:51:36', '2023-07-27 08:51:36'),
(419, 59, 'Панна котта сливочная с припущенными ягодами', '295', '2023-07-27 08:52:25', '2023-07-27 08:52:25'),
(420, 59, 'Джанго', '330', '2023-07-27 08:52:46', '2023-07-27 08:52:46'),
(421, 59, 'Профитроли под горячим шоколадом', '330', '2023-07-27 08:54:18', '2023-07-27 08:54:18'),
(422, 59, 'Чизкейк Нью Йорк с вишневым топпингом', '315', '2023-07-27 08:55:32', '2023-07-27 08:55:32'),
(423, 59, 'Яблочный штрудель', '250', '2023-07-27 08:56:33', '2023-07-27 08:56:33'),
(424, 59, 'Турецкая пахлава', '285', '2023-07-27 08:57:14', '2023-07-27 08:57:14'),
(425, 59, 'Крем брюле', '290', '2023-07-27 08:57:48', '2023-07-27 08:57:48'),
(426, 59, 'Сан-Селастьян', '315', '2023-07-27 08:58:23', '2023-07-27 08:58:23'),
(427, 60, 'Фисташковое (50гр)', '120', '2023-07-27 09:00:13', '2023-07-27 09:00:13'),
(428, 60, 'Шоколадное (50гр)', '120', '2023-07-27 09:00:50', '2023-07-27 09:00:50'),
(429, 60, 'Ассорти (177 гр)', '360', '2023-07-27 09:01:27', '2023-07-27 09:01:27'),
(430, 60, 'Йогурт-Виноград (50гр)', '120', '2023-07-27 09:02:12', '2023-07-27 09:02:12'),
(431, 60, 'Клубничное (50гр)', '120', '2023-07-27 09:02:48', '2023-07-27 09:02:48'),
(432, 60, 'Манго (50гр)', '120', '2023-07-27 09:03:33', '2023-07-27 09:03:33'),
(433, 60, 'Пломбир (50гр)', '99', '2023-07-27 09:04:01', '2023-07-27 09:04:01'),
(434, 60, 'Черная клубника (50гр)', '120', '2023-07-27 09:04:36', '2023-07-27 09:04:36'),
(435, 61, 'Банан (30гр)', '40', '2023-07-27 09:05:07', '2023-07-27 09:05:07'),
(436, 61, 'Грецкий орех (10гр)', '40', '2023-07-27 09:05:35', '2023-07-27 09:05:35'),
(437, 61, 'Миндальные лепестки (10гр)', '40', '2023-07-27 09:06:15', '2023-07-27 09:06:15'),
(438, 61, 'Шоколад молочный стружка (10гр)', '40', '2023-07-27 09:07:15', '2023-07-27 09:07:15'),
(439, 62, 'Ванильный (20гр)', '30', '2023-07-27 09:07:44', '2023-07-27 09:07:44'),
(440, 62, 'Вишневый (20гр)', '30', '2023-07-27 09:08:08', '2023-07-27 09:08:08'),
(441, 62, 'Карамельный (20гр)', '30', '2023-07-27 09:08:34', '2023-07-27 09:08:34'),
(442, 62, 'Клубничный (20гр)', '30', '2023-07-27 09:09:08', '2023-07-27 09:09:21'),
(443, 62, 'Шоколадный (20гр)', '30', '2023-07-27 09:09:54', '2023-07-27 09:09:54'),
(444, 62, 'Ягодный соус (40гр)', '50', '2023-07-27 09:10:35', '2023-07-27 09:10:35'),
(445, 63, 'Чай Анчан', '280', '2023-07-27 09:16:03', '2023-07-27 09:16:03'),
(446, 63, 'Ассам (1000мл)', '250', '2023-07-27 09:16:46', '2023-07-27 09:16:46'),
(447, 63, '1001 ночь (1000мл)', '250', '2023-07-27 09:17:25', '2023-07-27 09:17:25'),
(448, 63, 'Горный (1000 мл)', '250', '2023-07-27 09:17:51', '2023-07-27 09:17:51'),
(449, 63, 'Жасминовый (1000мл)', '250', '2023-07-27 09:18:22', '2023-07-27 09:18:22'),
(450, 63, 'Молочный улун (1000мл)', '250', '2023-07-27 09:19:05', '2023-07-27 09:19:05'),
(451, 63, 'Сенча (1000мл)', '250', '2023-07-27 09:19:32', '2023-07-27 09:19:32'),
(452, 63, 'Эрл Грей (1000мл)', '250', '2023-07-27 09:20:15', '2023-07-27 09:20:15'),
(453, 63, 'Гречишный (750)', '280', '2023-07-27 09:20:48', '2023-07-27 09:20:48'),
(454, 63, 'Связанный с жасмином (1000мл)', '250', '2023-07-27 09:21:25', '2023-07-27 09:21:25'),
(455, 64, 'Чай Калмыкский', '270', '2023-07-27 09:22:37', '2023-07-27 09:22:37'),
(456, 64, 'Чай Джумейра', '270', '2023-07-27 09:23:05', '2023-07-27 09:23:26'),
(457, 64, 'Чай связанный с жасмином', '250', '2023-07-27 09:23:52', '2023-07-27 09:23:52'),
(458, 64, 'Чай персико-клубничный', '270', '2023-07-27 09:24:30', '2023-07-27 09:24:30'),
(459, 64, 'Имбирно-лимонный', '270', '2023-07-27 09:25:21', '2023-07-27 09:25:21'),
(460, 64, 'Малина-Апельсин', '310', '2023-07-27 09:25:50', '2023-07-27 09:25:50'),
(461, 64, 'Облепиха с имбирем', '270', '2023-07-27 09:26:13', '2023-07-27 09:26:13'),
(462, 64, 'Целитель', '270', '2023-07-27 09:26:31', '2023-07-27 09:26:31'),
(463, 64, 'Ягодный сбор', '290', '2023-07-27 09:26:51', '2023-07-27 09:26:51'),
(464, 65, 'Чайный сет (чай в самоваре, сухофрукты, орехи, варенье, исита, мед, урбеч)', '1250', '2023-07-27 09:28:45', '2023-07-27 09:28:45'),
(465, 66, 'Мед с грецким орехом', '180', '2023-07-27 10:13:23', '2023-07-27 10:13:23'),
(466, 66, 'Варенье малина', '120', '2023-07-27 10:13:40', '2023-07-27 10:13:40'),
(467, 66, 'Варенье вишня', '120', '2023-07-27 10:14:04', '2023-07-27 10:14:04'),
(468, 66, 'Исита (лезгинская халва)', '290', '2023-07-27 10:14:47', '2023-07-27 10:14:47'),
(469, 66, 'Варенье клубничное', '120', '2023-07-27 10:15:22', '2023-07-27 10:15:22'),
(470, 66, 'Варенье инжир', '120', '2023-07-27 10:15:42', '2023-07-27 10:15:42'),
(471, 66, 'Варенье ореховое', '120', '2023-07-27 10:16:07', '2023-07-27 10:16:07'),
(472, 66, 'Варенье тутовник', '120', '2023-07-27 10:16:32', '2023-07-27 10:16:32'),
(473, 66, 'Варенье айва', '120', '2023-07-27 10:16:52', '2023-07-27 10:16:52'),
(474, 66, 'Урбеч целебный', '145', '2023-07-27 10:17:15', '2023-07-27 10:17:15'),
(475, 66, 'Варенье белая черешня', '120', '2023-07-27 10:17:39', '2023-07-27 10:17:39'),
(476, 66, 'Варенье ананас', '220', '2023-07-27 10:18:07', '2023-07-27 10:18:07'),
(477, 66, 'Ассорти сухофруктов', '850', '2023-07-27 10:18:43', '2023-07-27 10:18:43'),
(478, 66, 'Ассорти сухофруктов (мал)', '450', '2023-07-27 10:19:24', '2023-07-27 10:19:24'),
(479, 67, 'Домашний сахар', '95', '2023-07-27 10:19:50', '2023-07-27 10:19:50'),
(480, 67, 'Финики', '100', '2023-07-27 10:20:05', '2023-07-27 10:20:05'),
(481, 67, 'Кумух халва', '290', '2023-07-27 10:20:29', '2023-07-27 10:20:29'),
(482, 67, 'Мед', '166', '2023-07-27 10:20:43', '2023-07-27 10:20:43'),
(483, 68, 'Сет кофе по восточному с комплиментом', '250', '2023-07-27 17:46:47', '2023-07-27 17:46:47'),
(484, 68, 'Американо', '150', '2023-07-27 17:47:23', '2023-07-27 17:47:23'),
(485, 68, 'Гляссе', '220', '2023-07-27 17:47:48', '2023-07-27 17:47:48'),
(486, 68, 'Горячий шоколад', '220', '2023-07-27 17:48:12', '2023-07-27 17:48:12'),
(487, 68, 'Капучино', '160', '2023-07-27 17:48:36', '2023-07-27 17:48:36'),
(488, 68, 'Капучино гранде', '190', '2023-07-27 17:49:26', '2023-07-27 17:49:26'),
(489, 68, 'Капучино на кокосовом молоке', '245', '2023-07-27 17:50:07', '2023-07-27 17:50:07'),
(490, 68, 'Латте', '190', '2023-07-27 17:50:28', '2023-07-27 17:50:28'),
(491, 68, 'Латте халва', '220', '2023-07-27 17:51:04', '2023-07-27 17:51:04'),
(492, 68, 'Латте матча', '200', '2023-07-27 17:51:27', '2023-07-27 17:51:27'),
(493, 68, 'Какао', '150', '2023-07-27 17:51:46', '2023-07-27 17:51:46'),
(494, 68, 'Раф', '190', '2023-07-27 17:52:05', '2023-07-27 17:52:05'),
(495, 68, 'Раф лаванда', '200', '2023-07-27 17:52:29', '2023-07-27 17:52:29'),
(496, 68, 'Раф с урбичем', '210', '2023-07-27 17:53:09', '2023-07-27 17:53:09'),
(497, 68, 'Раф цитрус', '200', '2023-07-27 17:53:36', '2023-07-27 17:53:36'),
(498, 68, 'Турецкий кофе', '100', '2023-07-27 17:54:02', '2023-07-27 17:54:02'),
(499, 68, 'Флет уайт', '190', '2023-07-27 17:54:29', '2023-07-27 17:54:29'),
(500, 68, 'Эспрессо', '100', '2023-07-27 17:54:48', '2023-07-27 17:54:48'),
(501, 68, 'Двойной эспрессо', '120', '2023-07-27 17:55:15', '2023-07-27 17:55:15'),
(502, 68, 'Восточный сет', '250', '2023-07-27 17:55:48', '2023-07-27 17:55:48'),
(503, 68, 'Бамбл', '260', '2023-07-27 17:56:14', '2023-07-27 17:56:14'),
(504, 68, 'Мокко-Шоко-Black', '210', '2023-07-27 17:56:52', '2023-07-27 17:56:52'),
(505, 69, 'Айс латте карамельный', '210', '2023-07-27 17:57:51', '2023-07-27 17:57:51'),
(506, 69, 'Фраппе карамельный', '265', '2023-07-27 17:58:14', '2023-07-27 17:58:14'),
(507, 69, 'Фраппе шоколадный', '265', '2023-07-27 17:58:46', '2023-07-27 17:58:46'),
(508, 70, 'Молочный коктейль орео', '265', '2023-07-27 17:59:52', '2023-07-27 17:59:52'),
(509, 70, 'Малиновый шок', '260', '2023-07-27 18:00:16', '2023-07-27 18:00:16'),
(510, 70, 'Апельсиновый фреш', '220', '2023-07-27 18:00:39', '2023-07-27 18:00:39'),
(511, 70, 'Гранатовый фреш', '299', '2023-07-27 18:01:11', '2023-07-27 18:01:11'),
(512, 71, 'Грейпфрут', '260', '2023-07-27 18:01:57', '2023-07-27 18:01:57'),
(513, 71, 'Лимон', '220', '2023-07-27 18:02:16', '2023-07-27 18:02:16'),
(514, 71, 'Морковь', '170', '2023-07-27 18:02:36', '2023-07-27 18:02:36'),
(515, 71, 'Яблоко', '220', '2023-07-27 18:02:55', '2023-07-27 18:02:55'),
(516, 72, 'Клубничный', '195', '2023-07-27 18:03:49', '2023-07-27 18:03:49'),
(517, 72, 'Милкшейк банановый', '220', '2023-07-27 18:04:18', '2023-07-27 18:04:18'),
(518, 72, 'Молочно-ванильный', '195', '2023-07-27 18:04:41', '2023-07-27 18:04:41'),
(519, 72, 'Радужный единорог', '265', '2023-07-27 18:05:10', '2023-07-27 18:05:10'),
(520, 72, 'Шоколадный', '195', '2023-07-27 18:05:32', '2023-07-27 18:05:32'),
(521, 72, 'Тамуру финиковый', '220', '2023-07-27 18:05:58', '2023-07-27 18:05:58'),
(522, 73, 'Витаминный заряд', '250', '2023-07-27 18:06:38', '2023-07-27 18:06:38'),
(523, 73, 'Джумейра', '285', '2023-07-27 18:07:06', '2023-07-27 18:07:06'),
(524, 73, 'Матча маракуйя', '230', '2023-07-27 18:07:34', '2023-07-27 18:07:34'),
(525, 73, 'Пина коллада', '220', '2023-07-27 18:07:57', '2023-07-27 18:07:57'),
(526, 73, 'Черная смородина', '220', '2023-07-27 18:08:24', '2023-07-27 18:08:24'),
(527, 73, 'Черносмородиновый', '260', '2023-07-27 18:08:47', '2023-07-27 18:08:47'),
(528, 74, 'Спайс манго (1500 мл)', '465', '2023-07-27 18:10:15', '2023-07-27 18:10:15'),
(529, 74, 'Спайс манго (465 мл)', '150', '2023-07-27 18:10:46', '2023-07-27 18:10:46'),
(530, 74, 'Малиновый мохито (1500 мл)', '470', '2023-07-28 05:08:16', '2023-07-28 05:08:16'),
(531, 74, 'Малиновый мохито (465мл)', '150', '2023-07-28 05:08:44', '2023-07-28 05:08:44'),
(532, 74, 'Каспий (1500 гр)', '465', '2023-07-28 05:10:08', '2023-07-28 05:10:08'),
(533, 74, 'Каспий (400 гр)', '150', '2023-07-28 05:10:37', '2023-07-28 05:10:37'),
(534, 75, 'Аппероль абезалк', '260', '2023-07-28 05:11:52', '2023-07-28 05:11:52'),
(535, 75, 'Грейпфрут маракуйя (больш)', '470', '2023-07-28 05:13:05', '2023-07-28 05:13:05'),
(536, 75, 'Грейпфрут маракуйя (мал)', '150', '2023-07-28 05:13:24', '2023-07-28 05:13:24'),
(537, 75, 'Грушевый (бол)', '465', '2023-07-28 05:13:58', '2023-07-28 05:13:58'),
(538, 75, 'Грушевый (мал)', '150', '2023-07-28 05:14:20', '2023-07-28 05:14:20'),
(539, 75, 'Джумейра (бол)', '675', '2023-07-28 05:15:04', '2023-07-28 05:15:04'),
(540, 75, 'Джумейра (мал)', '150', '2023-07-28 05:15:25', '2023-07-28 05:15:25'),
(541, 75, 'Имбирный (бол)', '665', '2023-07-28 05:16:05', '2023-07-28 05:16:05'),
(542, 75, 'Имбирный (мал)', '150', '2023-07-28 05:16:46', '2023-07-28 05:16:46'),
(543, 75, 'Классический (бол)', '385', '2023-07-28 05:17:27', '2023-07-28 05:17:27'),
(544, 75, 'Классический (мал)', '150', '2023-07-28 05:17:56', '2023-07-28 05:17:56'),
(545, 75, 'Малина маракуйя (бол)', '465', '2023-07-28 05:18:54', '2023-07-28 05:18:54'),
(546, 75, 'Малина маракуйя (мал)', '150', '2023-07-28 05:19:14', '2023-07-28 05:19:14'),
(547, 75, 'Облепиховый (бол)', '430', '2023-07-28 05:19:47', '2023-07-28 05:21:36'),
(548, 75, 'Облепиховый (мал)', '150', '2023-07-28 05:21:58', '2023-07-28 05:21:58'),
(549, 76, 'Ежевичный (бол)', '465', '2023-07-28 05:22:53', '2023-07-28 05:22:53'),
(550, 76, 'Ежевичный (мал)', '160', '2023-07-28 05:23:29', '2023-07-28 05:23:29'),
(551, 76, 'Классический (бол)', '470', '2023-07-28 05:24:50', '2023-07-28 05:24:50'),
(552, 76, 'Классический (мал)', '150', '2023-07-28 05:25:12', '2023-07-28 05:25:12'),
(553, 76, 'Клубничный (бол)', '470', '2023-07-28 05:25:51', '2023-07-28 05:25:51'),
(554, 76, 'Клубничный (мал)', '150', '2023-07-28 05:26:12', '2023-07-28 05:26:12'),
(555, 76, 'Смородина (бол)', '465', '2023-07-28 05:27:13', '2023-07-28 05:27:13'),
(556, 76, 'Смородина (мал)', '170', '2023-07-28 05:27:35', '2023-07-28 05:27:35'),
(557, 76, 'Огуречневый (бол)', '490', '2023-07-28 05:28:31', '2023-07-28 05:28:31'),
(558, 76, 'Огуречневый (мал)', '180', '2023-07-28 05:28:57', '2023-07-28 05:28:57'),
(559, 76, 'Компот (бол)', '170', '2023-07-28 05:29:28', '2023-07-28 05:29:28'),
(560, 76, 'Компот (мал)', '40', '2023-07-28 05:30:12', '2023-07-28 05:30:12'),
(561, 78, 'Пюре быстрого пиготовления', '560 рублей', '2023-07-28 08:36:28', '2023-07-28 08:36:45'),
(563, 79, 'Овощное пюре', NULL, '2023-07-28 09:27:21', '2023-07-28 09:27:21'),
(564, 77, 'Ананасовый (1000 мл)', '260', '2023-07-28 17:49:31', '2023-07-28 17:49:31'),
(565, 77, 'Ананасовый (200 мл)', '70', '2023-07-28 17:49:59', '2023-07-28 17:49:59'),
(566, 77, 'Апельсиновый (1000 мл)', '260', '2023-07-28 17:50:56', '2023-07-28 17:50:56'),
(567, 77, 'Апельсиновый (200 мл)', '70', '2023-07-28 17:51:25', '2023-07-28 17:51:25'),
(568, 77, 'Виноградный (1000 мл)', '260', '2023-07-28 17:52:11', '2023-07-28 17:52:11'),
(569, 77, 'Виноградный (200 мл)', '70', '2023-07-28 17:52:29', '2023-07-28 17:52:29'),
(570, 77, 'Вишневый (1000 мл)', '260', '2023-07-28 17:53:05', '2023-07-28 17:53:05'),
(571, 77, 'Вишневый (200 мл)', '70', '2023-07-28 17:53:26', '2023-07-28 17:53:26'),
(572, 77, 'Манго (1000мл)', '260', '2023-07-28 17:54:05', '2023-07-28 17:54:05'),
(573, 77, 'Манго (200мл)', '70', '2023-07-28 17:54:32', '2023-07-28 17:54:32'),
(574, 77, 'Мультифрукт (1000 мл)', '260', '2023-07-28 17:55:16', '2023-07-28 17:55:16'),
(575, 77, 'Мультифрукт (200 мл)', '70', '2023-07-28 17:55:38', '2023-07-28 17:55:38'),
(576, 77, 'Персиковый (1000 мл)', '260', '2023-07-28 17:56:13', '2023-07-28 17:56:13'),
(577, 77, 'Персиковый (200 мл)', '70', '2023-07-28 17:56:39', '2023-07-28 17:56:39'),
(578, 77, 'Томатный (1000 мл)', '260', '2023-07-28 17:57:27', '2023-07-28 17:57:27'),
(579, 77, 'Томатный (200 мл)', '70', '2023-07-28 17:57:49', '2023-07-28 17:57:49'),
(580, 77, 'Яблочный (1000 мл)', '260', '2023-07-28 17:58:25', '2023-07-28 17:58:25'),
(581, 77, 'Яблочный (200 мл)', '70', '2023-07-28 17:58:48', '2023-07-28 17:58:48'),
(582, 80, 'Ананасовый', '140', '2023-07-28 17:59:59', '2023-07-28 17:59:59'),
(583, 80, 'Апельсиновый', '140', '2023-07-28 18:00:27', '2023-07-28 18:00:27'),
(584, 80, 'Вишневый', '140', '2023-07-28 18:00:49', '2023-07-28 18:00:49'),
(585, 80, 'Манго', '140', '2023-07-28 18:01:06', '2023-07-28 18:01:06'),
(586, 80, 'Мультифрукт', '140', '2023-07-28 18:01:37', '2023-07-28 18:01:37'),
(587, 80, 'Яблочный', '140', '2023-07-28 18:02:00', '2023-07-28 18:02:00');
INSERT INTO `cafe_todo_items` (`id`, `cafe_todo_list_id`, `title`, `price`, `created_at`, `updated_at`) VALUES
(588, 81, 'Pepsi', '120', '2023-07-28 18:02:52', '2023-07-28 18:02:52'),
(589, 81, 'Вода мевер', '120', '2023-07-28 18:03:32', '2023-07-28 18:03:32'),
(590, 81, 'Вода рычал-су', '130', '2023-07-28 18:04:04', '2023-07-28 18:04:04'),
(591, 81, 'Вода самур', '110', '2023-07-28 18:04:29', '2023-07-28 18:04:29'),
(592, 81, 'Вода сивли', '110', '2023-07-28 18:04:51', '2023-07-28 18:04:51'),
(593, 81, 'Кока кола Zero', '130', '2023-07-28 18:05:35', '2023-07-28 18:05:35'),
(594, 81, 'Кока кола', '130', '2023-07-28 18:05:59', '2023-07-28 18:05:59'),
(595, 81, 'Спрайт', '120', '2023-07-28 18:06:22', '2023-07-28 18:06:22'),
(596, 81, 'Фанта', '120', '2023-07-28 18:06:42', '2023-07-28 18:06:42'),
(597, 81, 'Тархун', '140', '2023-07-28 18:07:05', '2023-07-28 18:07:05'),
(598, 81, 'Айран (1000 мл)', '180', '2023-07-28 18:07:54', '2023-07-28 18:07:54'),
(599, 81, 'Айран (200 мл)', '50', '2023-07-28 18:08:43', '2023-07-28 18:08:43'),
(600, 82, 'Масло кукурузное первым холодный отжим с экстрактом прованских трав 0,5 л.', '428 рублей', '2023-07-29 11:00:55', '2023-07-29 11:00:55'),
(601, 82, 'Масло кукурузное первого холодного отжима с кайенским перцем 0,5 л.', '428 рублей', '2023-07-29 11:02:35', '2023-07-29 11:02:35'),
(602, 82, 'Масло кукурузное первый холодный отжим вегетарианское 0,5 л.', '428 рублей', '2023-07-29 11:03:28', '2023-07-29 11:03:28'),
(603, 83, 'Набор солеуменьшителей - 4 шт. Программа \"Соль-контроль\"', '714 рублей', '2023-07-29 11:09:56', '2023-07-29 11:09:56'),
(605, 83, 'Макропулос. Секрет №2', '612 рублей', '2023-07-29 11:10:57', '2023-07-29 11:10:57'),
(606, 83, 'Макропулос. Секрет №1', '612 рублей', '2023-07-29 11:12:42', '2023-07-29 11:12:42'),
(607, 82, 'Масло кукурузное первый холодный отжим с экстрактом лимона 0,5 л.', '428 рублей', '2023-07-29 11:14:01', '2023-07-29 11:14:01');

-- --------------------------------------------------------

--
-- Структура таблицы `cafe_todo_lists`
--

CREATE TABLE `cafe_todo_lists` (
  `id` bigint UNSIGNED NOT NULL,
  `title` varchar(255) COLLATE utf8mb4_unicode_ci NOT NULL,
  `user_id` bigint UNSIGNED DEFAULT NULL,
  `created_at` timestamp NULL DEFAULT NULL,
  `updated_at` timestamp NULL DEFAULT NULL,
  `deleted_at` timestamp NULL DEFAULT NULL
) ENGINE=InnoDB DEFAULT CHARSET=utf8mb4 COLLATE=utf8mb4_unicode_ci;

--
-- Дамп данных таблицы `cafe_todo_lists`
--

INSERT INTO `cafe_todo_lists` (`id`, `title`, `user_id`, `created_at`, `updated_at`, `deleted_at`) VALUES
(2, 'Горячие блюда', 4, '2023-02-04 13:13:54', '2023-02-04 13:13:54', NULL),
(4, 'Гарниры', 4, '2023-02-04 13:15:30', '2023-02-04 13:15:30', NULL),
(5, 'Соусы', 4, '2023-02-04 13:16:54', '2023-02-04 13:16:54', NULL),
(6, 'Супы', 4, '2023-02-04 13:17:51', '2023-02-04 13:17:51', NULL),
(7, 'Пицца', 4, '2023-02-04 13:18:49', '2023-02-04 13:18:49', NULL),
(9, 'Салаты', 4, '2023-04-21 04:24:42', '2023-04-21 04:24:42', NULL),
(11, 'На месте', 27, '2023-07-01 11:53:35', '2023-07-01 11:53:35', NULL),
(12, 'С собой', 27, '2023-07-01 11:53:42', '2023-07-01 11:53:42', NULL),
(13, 'Рыба (170-200гр)', 35, '2023-07-08 17:37:22', '2023-07-08 17:37:22', NULL),
(14, 'Морепродукты', 35, '2023-07-08 17:37:34', '2023-07-08 17:37:34', NULL),
(15, 'Закуски', 35, '2023-07-08 17:37:44', '2023-07-08 17:37:44', NULL),
(16, 'Гарниры', 35, '2023-07-08 17:37:50', '2023-07-08 17:37:50', NULL),
(17, 'Выпечка', 35, '2023-07-08 17:38:01', '2023-07-08 17:38:01', NULL),
(18, 'Напитки', 35, '2023-07-08 17:38:06', '2023-07-08 17:38:06', NULL),
(19, 'Соусы', 35, '2023-07-08 17:38:12', '2023-07-08 17:38:12', NULL),
(20, 'Пицца', 37, '2023-07-09 10:35:35', '2023-07-09 10:35:35', NULL),
(21, 'Выпечка', 37, '2023-07-09 10:35:40', '2023-07-09 10:35:40', NULL),
(22, 'Напитки', 37, '2023-07-09 10:35:46', '2023-07-09 10:35:46', NULL),
(23, 'Хлеба', 38, '2023-07-10 07:40:52', '2023-07-10 07:40:52', NULL),
(24, 'Холодные закуски', 38, '2023-07-10 08:20:17', '2023-07-10 08:20:17', NULL),
(25, 'Салаты', 38, '2023-07-10 08:22:19', '2023-07-10 08:22:19', NULL),
(26, 'Горячие закуски', 38, '2023-07-11 16:11:49', '2023-07-11 16:11:49', NULL),
(27, 'Супы', 38, '2023-07-11 16:14:22', '2023-07-11 16:14:22', NULL),
(28, 'Пасты', 38, '2023-07-11 16:17:33', '2023-07-11 16:17:33', NULL),
(29, 'Гарниры', 38, '2023-07-11 16:20:55', '2023-07-11 16:20:55', NULL),
(30, 'Горячие блюда', 38, '2023-07-11 16:23:55', '2023-07-11 16:23:55', NULL),
(31, 'Хинкалы', 38, '2023-07-11 16:33:25', '2023-07-11 16:33:25', NULL),
(32, 'Чуду тонкое', 38, '2023-07-12 16:53:07', '2023-07-12 16:53:07', NULL),
(33, 'Чуду толстое', 38, '2023-07-12 17:00:23', '2023-07-12 17:00:23', NULL),
(34, 'Пиццы', 38, '2023-07-12 17:06:30', '2023-07-12 17:06:30', NULL),
(35, 'Блюда на мангале', 38, '2023-07-12 17:14:44', '2023-07-12 17:14:44', NULL),
(36, 'Десерты', 39, '2023-07-14 15:11:22', '2023-07-14 15:11:22', NULL),
(37, 'Гриль', 39, '2023-07-14 15:21:23', '2023-07-14 15:21:23', NULL),
(38, 'Фирменные блюда на гриле', 39, '2023-07-14 17:22:31', '2023-07-14 17:22:31', NULL),
(39, 'Мясо', 39, '2023-07-14 17:29:22', '2023-07-14 17:29:22', NULL),
(40, 'Выпечка', 39, '2023-07-14 17:34:10', '2023-07-14 17:34:10', NULL),
(41, 'Гарниры', 39, '2023-07-14 17:36:53', '2023-07-14 17:36:53', NULL),
(42, 'Горячие закуски', 39, '2023-07-14 17:39:35', '2023-07-14 17:39:35', NULL),
(43, 'Куриные блюда', 38, '2023-07-15 08:23:50', '2023-07-15 08:23:50', NULL),
(44, 'Рыбные блюда', 38, '2023-07-17 16:59:33', '2023-07-17 16:59:33', NULL),
(45, 'Блюда на компанию', 38, '2023-07-17 17:02:28', '2023-07-17 17:02:28', NULL),
(46, 'Сеты роллов', 38, '2023-07-17 17:06:41', '2023-07-17 17:06:41', NULL),
(47, 'Холодные', 38, '2023-07-17 17:09:33', '2023-07-17 17:09:33', NULL),
(48, 'Запеченные', 38, '2023-07-17 17:23:40', '2023-07-17 17:23:40', NULL),
(49, 'Супы', 39, '2023-07-19 17:20:30', '2023-07-19 17:20:30', NULL),
(50, 'Паста', 39, '2023-07-19 17:24:36', '2023-07-19 17:24:36', NULL),
(51, 'Рыба', 39, '2023-07-19 17:28:50', '2023-07-19 17:28:50', NULL),
(52, 'Холодные закуски', 39, '2023-07-19 17:33:29', '2023-07-19 17:33:29', NULL),
(53, 'Салаты', 39, '2023-07-19 17:45:34', '2023-07-19 17:45:34', NULL),
(54, 'Завтраки', 39, '2023-07-19 17:52:57', '2023-07-19 17:52:57', NULL),
(55, 'Аквариум', 39, '2023-07-20 03:39:13', '2023-07-20 03:39:13', NULL),
(56, 'Закуски', 39, '2023-07-20 03:41:46', '2023-07-20 03:41:46', NULL),
(57, 'Опаленные', 38, '2023-07-27 08:37:32', '2023-07-27 08:37:32', NULL),
(58, 'Жаренные', 38, '2023-07-27 08:41:11', '2023-07-27 08:41:11', NULL),
(59, 'Десерты', 38, '2023-07-27 08:44:33', '2023-07-27 08:44:33', NULL),
(60, 'Мороженое', 38, '2023-07-27 08:59:00', '2023-07-27 08:59:00', NULL),
(61, 'Добавки к мороженому', 38, '2023-07-27 08:59:22', '2023-07-27 08:59:22', NULL),
(62, 'Соусы топпинги', 38, '2023-07-27 08:59:37', '2023-07-27 08:59:37', NULL),
(63, 'Классические Чаи', 38, '2023-07-27 09:11:09', '2023-07-27 09:11:24', NULL),
(64, 'Авторские Чаи', 38, '2023-07-27 09:22:14', '2023-07-27 09:22:14', NULL),
(65, 'Чайный сет', 38, '2023-07-27 09:27:29', '2023-07-27 09:27:29', NULL),
(66, 'Варенье и мед', 38, '2023-07-27 09:30:13', '2023-07-27 09:30:13', NULL),
(67, 'К чаю', 38, '2023-07-27 10:19:33', '2023-07-27 10:19:33', NULL),
(68, 'Кофе', 38, '2023-07-27 10:21:07', '2023-07-27 10:21:07', NULL),
(69, 'Айс Кофе', 38, '2023-07-27 17:57:19', '2023-07-27 17:57:19', NULL),
(70, 'Коктейль', 38, '2023-07-27 17:59:23', '2023-07-27 17:59:23', NULL),
(71, 'Фреши', 38, '2023-07-27 18:01:37', '2023-07-27 18:01:37', NULL),
(72, 'Шейки', 38, '2023-07-27 18:03:16', '2023-07-27 18:03:16', NULL),
(73, 'Смузи', 38, '2023-07-27 18:06:18', '2023-07-27 18:06:18', NULL),
(74, 'Напитки', 38, '2023-07-27 18:09:30', '2023-07-27 18:09:30', NULL),
(75, 'Домашние лимонады', 38, '2023-07-28 05:11:06', '2023-07-28 05:11:06', NULL),
(76, 'Мохито', 38, '2023-07-28 05:22:18', '2023-07-28 05:22:18', NULL),
(77, 'Соки', 38, '2023-07-28 05:30:59', '2023-07-28 05:30:59', NULL),
(79, 'Диеты, здоровое питание', 40, '2023-07-28 09:23:58', '2023-07-28 09:23:58', NULL),
(80, 'Соки IL PRIMO', 38, '2023-07-28 17:59:21', '2023-07-28 17:59:21', NULL),
(81, 'Вода и напитки', 38, '2023-07-28 18:02:18', '2023-07-28 18:02:18', NULL),
(82, 'Бакалея. Растительное масло.', 40, '2023-07-29 10:59:53', '2023-07-29 10:59:53', NULL),
(83, 'Специи, приправы и пряности', 40, '2023-07-29 11:09:31', '2023-07-29 11:09:31', NULL),
(84, '1', 41, '2023-08-11 08:57:35', '2023-08-11 08:57:35', NULL);

-- --------------------------------------------------------

--
-- Структура таблицы `cafe_todo_products`
--

CREATE TABLE `cafe_todo_products` (
  `id` bigint UNSIGNED NOT NULL,
  `cafe_todo_item_id` bigint UNSIGNED DEFAULT NULL,
  `title` varchar(255) COLLATE utf8mb4_unicode_ci NOT NULL,
  `price` varchar(255) COLLATE utf8mb4_unicode_ci DEFAULT NULL,
  `created_at` timestamp NULL DEFAULT NULL,
  `updated_at` timestamp NULL DEFAULT NULL
) ENGINE=InnoDB DEFAULT CHARSET=utf8mb4 COLLATE=utf8mb4_unicode_ci;

--
-- Дамп данных таблицы `cafe_todo_products`
--

INSERT INTO `cafe_todo_products` (`id`, `cafe_todo_item_id`, `title`, `price`, `created_at`, `updated_at`) VALUES
(1, 562, 'Овощное пюре с томатом 150 гр', '560 рублей', '2023-07-28 09:26:37', '2023-07-28 09:26:37'),
(2, 563, 'Овощное пюре со свеклой 150 гр - 1 кг готового продукта', '562 рубля', '2023-07-28 09:28:01', '2023-07-28 10:05:32'),
(3, 563, 'Овощное пюре с томатом 150 гр - 1 кг готового продукта', '562 рубля', '2023-07-28 09:28:24', '2023-07-28 10:05:41'),
(4, 563, 'Овощное пбре с зеленью 150 гр - 1 кг готового продукта', '562 рубля', '2023-07-28 09:29:12', '2023-07-28 10:05:59'),
(5, 563, 'Овощное пюре с морковью 150 гр - 1 кг готового продукта', '562 рубля', '2023-07-28 09:30:13', '2023-09-07 09:49:10');

-- --------------------------------------------------------

--
-- Структура таблицы `categories`
--

CREATE TABLE `categories` (
  `id` bigint UNSIGNED NOT NULL,
  `title` varchar(255) COLLATE utf8mb4_unicode_ci NOT NULL,
  `created_at` timestamp NULL DEFAULT NULL,
  `updated_at` timestamp NULL DEFAULT NULL,
  `deleted_at` timestamp NULL DEFAULT NULL
) ENGINE=InnoDB DEFAULT CHARSET=utf8mb4 COLLATE=utf8mb4_unicode_ci;

--
-- Дамп данных таблицы `categories`
--

INSERT INTO `categories` (`id`, `title`, `created_at`, `updated_at`, `deleted_at`) VALUES
(1, 'Ресторан (Кафе)', '2023-02-04 06:53:37', '2023-02-04 06:54:01', NULL),
(2, 'Спа', '2023-02-04 06:54:18', '2023-02-04 06:54:18', NULL),
(3, 'Мед.центр', '2023-02-04 06:54:26', '2023-02-04 06:54:26', NULL);

-- --------------------------------------------------------

--
-- Структура таблицы `cities`
--

CREATE TABLE `cities` (
  `id` bigint UNSIGNED NOT NULL,
  `title` varchar(255) COLLATE utf8mb4_unicode_ci NOT NULL,
  `created_at` timestamp NULL DEFAULT NULL,
  `updated_at` timestamp NULL DEFAULT NULL,
  `deleted_at` timestamp NULL DEFAULT NULL,
  `district_id` int DEFAULT NULL,
  `republic_id` int DEFAULT NULL
) ENGINE=InnoDB DEFAULT CHARSET=utf8mb4 COLLATE=utf8mb4_unicode_ci;

--
-- Дамп данных таблицы `cities`
--

INSERT INTO `cities` (`id`, `title`, `created_at`, `updated_at`, `deleted_at`, `district_id`, `republic_id`) VALUES
(13, 'Минск', '2024-09-06 05:02:34', '2024-09-06 05:02:34', NULL, 6, 8),
(14, 'Гродно', '2024-09-06 05:02:47', '2024-09-06 05:02:47', NULL, 6, 12),
(15, 'Махачкала', '2024-09-06 05:02:59', '2024-09-06 05:06:23', NULL, 7, 11),
(16, 'Гомель', '2024-09-06 05:03:13', '2024-09-06 05:03:13', NULL, 6, 9),
(17, 'Москва', '2024-09-06 05:03:24', '2024-09-06 05:03:24', NULL, 7, 10),
(18, 'Анапа', '2024-09-06 08:45:03', '2024-09-06 08:45:03', NULL, 7, 13),
(19, 'Геленджик', '2024-09-06 08:57:19', '2024-09-06 08:57:19', NULL, 7, 13),
(20, 'Сочи', '2024-09-06 09:05:27', '2024-09-06 09:05:27', NULL, 7, 13),
(21, 'Баку', '2024-09-15 11:37:16', '2024-09-15 11:37:16', NULL, 8, 14),
(22, 'Дербент', '2024-09-15 11:45:25', '2024-09-15 11:45:25', NULL, 7, 11),
(23, 'Санкт-Петербург', '2024-09-15 11:51:16', '2024-09-15 11:51:16', NULL, 7, 15);

-- --------------------------------------------------------

--
-- Структура таблицы `comment_cafes`
--

CREATE TABLE `comment_cafes` (
  `id` bigint UNSIGNED NOT NULL,
  `cafeCard_id` bigint UNSIGNED NOT NULL,
  `message` text COLLATE utf8mb4_unicode_ci NOT NULL,
  `user_name` text COLLATE utf8mb4_unicode_ci NOT NULL,
  `created_at` timestamp NULL DEFAULT NULL,
  `updated_at` timestamp NULL DEFAULT NULL,
  `deleted_at` timestamp NULL DEFAULT NULL
) ENGINE=InnoDB DEFAULT CHARSET=utf8mb4 COLLATE=utf8mb4_unicode_ci;

--
-- Дамп данных таблицы `comment_cafes`
--

INSERT INTO `comment_cafes` (`id`, `cafeCard_id`, `message`, `user_name`, `created_at`, `updated_at`, `deleted_at`) VALUES
(1, 2, 'Сидящие на диетах поклонники пресно-паровой здоровой пищи - вам явно не сюда!) А всем гурманам-ценителям ярких вкусов, любителям экзотической и при этом невероятно вкусной еды - очень рекомендую! Здесь просто непристойно вкусно!)))', '7', '2023-02-22 09:14:43', '2023-02-22 09:14:43', NULL),
(2, 2, 'Было вкусно', '13', '2023-09-19 17:34:29', '2023-09-19 17:34:29', NULL),
(3, 2, 'sss', '13', '2023-09-19 17:34:34', '2023-09-19 17:34:34', NULL),
(4, 2, 'sdfdsf', '13', '2023-09-19 17:34:43', '2023-09-19 17:34:43', NULL),
(5, 2, '11111', '13', '2023-09-19 17:34:51', '2023-09-19 17:34:51', NULL),
(6, 2, 'ssss', '13', '2023-09-19 17:35:21', '2023-09-19 17:35:21', NULL),
(7, 2, 'sss', '13', '2023-09-19 17:35:31', '2023-09-19 17:35:31', NULL);

-- --------------------------------------------------------

--
-- Структура таблицы `comment_consultings`
--

CREATE TABLE `comment_consultings` (
  `id` bigint UNSIGNED NOT NULL,
  `constalingCard_id` bigint UNSIGNED NOT NULL,
  `message` text COLLATE utf8mb4_unicode_ci NOT NULL,
  `user_name` text COLLATE utf8mb4_unicode_ci NOT NULL,
  `created_at` timestamp NULL DEFAULT NULL,
  `updated_at` timestamp NULL DEFAULT NULL
) ENGINE=InnoDB DEFAULT CHARSET=utf8mb4 COLLATE=utf8mb4_unicode_ci;

--
-- Дамп данных таблицы `comment_consultings`
--

INSERT INTO `comment_consultings` (`id`, `constalingCard_id`, `message`, `user_name`, `created_at`, `updated_at`) VALUES
(2, 2, 'asd', '1', '2023-09-06 05:39:55', '2023-09-06 05:39:55');

-- --------------------------------------------------------

--
-- Структура таблицы `comment_hostels`
--

CREATE TABLE `comment_hostels` (
  `id` bigint UNSIGNED NOT NULL,
  `hostelCard_id` bigint UNSIGNED NOT NULL,
  `message` text COLLATE utf8mb4_unicode_ci NOT NULL,
  `user_name` text COLLATE utf8mb4_unicode_ci NOT NULL,
  `created_at` timestamp NULL DEFAULT NULL,
  `updated_at` timestamp NULL DEFAULT NULL,
  `deleted_at` timestamp NULL DEFAULT NULL
) ENGINE=InnoDB DEFAULT CHARSET=utf8mb4 COLLATE=utf8mb4_unicode_ci;

--
-- Дамп данных таблицы `comment_hostels`
--

INSERT INTO `comment_hostels` (`id`, `hostelCard_id`, `message`, `user_name`, `created_at`, `updated_at`, `deleted_at`) VALUES
(1, 1, 'Мы остались в восторге! Чистота, лаконичный дизайн номеров, приветливый персонал на стойке регистрации! Простые, но вкусные и сытные шведские завтраки. В номере есть холодильничек, шампунь, бальзам для волос, лосьон для тела, набор для чистки зубов и даже шапочки для душа)) Всё одноразовое и каждый день обновляется, уборка и смена полотенец тоже каждый день. Горничная даже на столе нам порядок наводила)) Спасибо из Нижнего Новгорода!!))', '6', '2023-02-22 09:12:20', '2023-02-22 09:12:20', NULL),
(2, 1, 'Буду ли я рекомендовать данный отель для проживания? Конечно же да! Сняли номер улучшенный на одну ночь, хотели съезжать в другой отель так как был забронирован, в итоге тут пошли нам на встречу и оставили номер по шикарной цене ! Да ещё и включён завтрак - шведский стол. Номерной фонд шикарный : номера чистые , стильные и как мне показалось , очень тихие. Спасибо за отличный отдых', '7', '2023-02-22 09:13:49', '2023-02-22 09:13:49', NULL),
(3, 1, 'Отличный отель! Удобное расположение, отзывчивый персонал, чистота, вкусный завтрак по системе шведский стол. Однозначно вернусь!', '8', '2023-02-22 09:20:24', '2023-02-22 09:20:24', NULL),
(4, 1, 'Отличный отель! Удобное расположение, отзывчивый персонал, чистота, вкусный завтрак по системе шведский стол. Однозначно вернусь!', '8', '2023-02-22 09:20:31', '2023-02-22 09:20:31', NULL),
(5, 1, '«Спасибо за прекрасный отдых Замечательный персонал, вкусный завтрак и самое важное - чистота идеальная» Спасибо!»', '9', '2023-02-22 09:22:00', '2023-02-22 09:22:00', NULL),
(6, 1, '11', '13', '2023-09-19 17:21:47', '2023-09-19 17:21:47', NULL),
(8, 1, '234', '13', '2023-09-19 17:23:59', '2023-09-19 17:23:59', NULL),
(9, 1, '333', '13', '2023-09-19 17:24:05', '2023-09-19 17:24:05', NULL),
(10, 1, 'норм', '13', '2024-01-28 05:55:33', '2024-01-28 05:55:33', NULL);

-- --------------------------------------------------------

--
-- Структура таблицы `comment_meds`
--

CREATE TABLE `comment_meds` (
  `id` bigint UNSIGNED NOT NULL,
  `medicalCard_id` bigint UNSIGNED NOT NULL,
  `message` text COLLATE utf8mb4_unicode_ci NOT NULL,
  `user_name` text COLLATE utf8mb4_unicode_ci NOT NULL,
  `created_at` timestamp NULL DEFAULT NULL,
  `updated_at` timestamp NULL DEFAULT NULL,
  `deleted_at` timestamp NULL DEFAULT NULL
) ENGINE=InnoDB DEFAULT CHARSET=utf8mb4 COLLATE=utf8mb4_unicode_ci;

--
-- Дамп данных таблицы `comment_meds`
--

INSERT INTO `comment_meds` (`id`, `medicalCard_id`, `message`, `user_name`, `created_at`, `updated_at`, `deleted_at`) VALUES
(2, 2, 'Коммент', '13', '2023-09-19 15:11:07', '2023-09-19 15:11:07', NULL),
(3, 2, '111', '13', '2023-09-19 17:21:04', '2023-09-19 17:21:04', NULL),
(4, 2, 'sss', '13', '2023-09-19 17:36:41', '2023-09-19 17:36:41', NULL),
(5, 2, 'asdsad', '13', '2023-09-19 17:36:47', '2023-09-19 17:36:47', NULL),
(6, 2, 'Тест', '13', '2023-09-20 16:44:29', '2023-09-20 16:44:29', NULL),
(7, 2, 'Ny tipo comments', '13', '2023-09-21 09:47:54', '2023-09-21 09:47:54', NULL),
(8, 2, 'lalala', '13', '2023-09-21 09:48:26', '2023-09-21 09:48:26', NULL),
(9, 2, 'Ytttt', '13', '2023-09-23 07:25:00', '2023-09-23 07:25:00', NULL),
(10, 2, 'Игмн', '13', '2023-10-02 06:49:56', '2023-10-02 06:49:56', NULL),
(12, 7, 'Пфф', '13', '2024-04-29 00:43:34', '2024-04-29 00:43:34', NULL);

-- --------------------------------------------------------

--
-- Структура таблицы `comment_sanatoriums`
--

CREATE TABLE `comment_sanatoriums` (
  `id` bigint UNSIGNED NOT NULL,
  `sanatoriumCard_id` bigint UNSIGNED NOT NULL,
  `message` text COLLATE utf8mb4_unicode_ci NOT NULL,
  `user_name` text COLLATE utf8mb4_unicode_ci NOT NULL,
  `created_at` timestamp NULL DEFAULT NULL,
  `updated_at` timestamp NULL DEFAULT NULL,
  `deleted_at` timestamp NULL DEFAULT NULL
) ENGINE=InnoDB DEFAULT CHARSET=utf8mb4 COLLATE=utf8mb4_unicode_ci;

--
-- Дамп данных таблицы `comment_sanatoriums`
--

INSERT INTO `comment_sanatoriums` (`id`, `sanatoriumCard_id`, `message`, `user_name`, `created_at`, `updated_at`, `deleted_at`) VALUES
(1, 1, 'Много лет отдыхаем в этом санатории,(более 10). И с каждым годом не перестаю удивляться, насколько здесь все очень хорошо. Одни улыбки. Первая при заезде от охраны, затем на ресепшене, маркетинге, улыбки от врачей, медсестер, официантов и горничной. Все не просто хорошо, а очень хорошо.\nПроцедуры приятные и полезные. Врачи грамотно подскажут что и как.\nПитание в столовой выше похвал, как говорится то, что доктор прописал.\nНомер хорошо и часто убирается, полотенца всегда свежие. В Европе в 5 звездах не всегда так приятно. Бвссейн просто супер! Территория и пляж также!\nОгромное спасибо Всем!', '6', '2023-02-23 17:18:28', '2023-02-23 17:18:28', NULL),
(3, 1, 'Отвратительно. Медицинская база на троечку. Для пенсионеров подойдет не для всех. Расстояние за один день , если ходить на процедуры, 6 км по коридорам - не всякий найдет. Когда походят конференции , людей кормят в маленькой столовой, где место есть не для всех.', '7', '2023-02-23 17:19:58', '2023-02-23 17:19:58', NULL),
(19, 1, '4544554', 'имя', '2023-09-19 16:48:50', '2023-09-19 16:48:50', NULL),
(20, 1, 'asdsad', 'comment.user_name', '2023-09-19 16:59:34', '2023-09-19 16:59:34', NULL),
(21, 1, 'asdasd', '[object Undefined]', '2023-09-19 17:01:33', '2023-09-19 17:01:33', NULL),
(23, 1, 'dsfdsf', '13', '2023-09-19 17:09:57', '2023-09-19 17:09:57', NULL),
(24, 1, 'lalalala', '13', '2023-09-19 17:10:13', '2023-09-19 17:10:13', NULL),
(25, 1, '22222', '13', '2023-09-19 17:12:04', '2023-09-19 17:12:04', NULL),
(26, 1, 'ddd', '13', '2023-09-19 17:14:46', '2023-09-19 17:14:46', NULL),
(27, 1, 'asd', '13', '2023-09-19 17:15:11', '2023-09-19 17:15:11', NULL),
(28, 1, 'Пцууу', '13', '2023-09-19 17:16:40', '2023-09-19 17:16:40', NULL),
(29, 1, '11', '13', '2023-09-19 17:21:20', '2023-09-19 17:21:20', NULL),
(30, 1, 'Лалала', '61', '2023-09-23 09:38:13', '2023-09-23 09:38:13', NULL),
(31, 1, 'Test', '63', '2023-10-06 07:08:00', '2023-10-06 07:08:00', NULL);

-- --------------------------------------------------------

--
-- Структура таблицы `comment_spas`
--

CREATE TABLE `comment_spas` (
  `id` bigint UNSIGNED NOT NULL,
  `spaCard_id` bigint UNSIGNED NOT NULL,
  `message` text COLLATE utf8mb4_unicode_ci NOT NULL,
  `user_name` text COLLATE utf8mb4_unicode_ci NOT NULL,
  `created_at` timestamp NULL DEFAULT NULL,
  `updated_at` timestamp NULL DEFAULT NULL,
  `deleted_at` timestamp NULL DEFAULT NULL
) ENGINE=InnoDB DEFAULT CHARSET=utf8mb4 COLLATE=utf8mb4_unicode_ci;

--
-- Дамп данных таблицы `comment_spas`
--

INSERT INTO `comment_spas` (`id`, `spaCard_id`, `message`, `user_name`, `created_at`, `updated_at`, `deleted_at`) VALUES
(1, 1, 'Прежде всего этот салон отличается удобным местом расположения. Внимательное отношение, уютная атмосфера, профессионализм мастеров превратило наше с женой посещение салона в незабываемое событие. Каждая деталь интерьера продумана до мелочей, приятная тихая музыка, ненавязчивый аромат - после тяжелого рабочего дня - это было круто, успокоили, помогли расслабиться. По окончании было непреодолимое желание не только вернуться самому, но и подарить этот ритуал своим близким. Всем, кто работает в этом салоне огромное спасибо!', '8', '2023-02-22 09:18:13', '2023-02-22 09:18:13', NULL),
(2, 1, '11', '13', '2023-09-19 17:21:33', '2023-09-19 17:21:33', NULL);

-- --------------------------------------------------------

--
-- Структура таблицы `comment_sports`
--

CREATE TABLE `comment_sports` (
  `id` bigint UNSIGNED NOT NULL,
  `sportCard_id` bigint UNSIGNED NOT NULL,
  `message` text COLLATE utf8mb4_unicode_ci NOT NULL,
  `user_name` text COLLATE utf8mb4_unicode_ci NOT NULL,
  `created_at` timestamp NULL DEFAULT NULL,
  `updated_at` timestamp NULL DEFAULT NULL,
  `deleted_at` timestamp NULL DEFAULT NULL
) ENGINE=InnoDB DEFAULT CHARSET=utf8mb4 COLLATE=utf8mb4_unicode_ci;

--
-- Дамп данных таблицы `comment_sports`
--

INSERT INTO `comment_sports` (`id`, `sportCard_id`, `message`, `user_name`, `created_at`, `updated_at`, `deleted_at`) VALUES
(1, 3, 'f', '13', '2023-09-19 17:28:58', '2023-09-19 17:28:58', NULL),
(2, 3, 'sdfdsf', '13', '2023-09-19 17:29:01', '2023-09-19 17:29:01', NULL),
(3, 3, 'sdf', '13', '2023-09-19 17:29:52', '2023-09-19 17:29:52', NULL),
(4, 3, 'Нормас', '13', '2023-12-01 13:06:31', '2023-12-01 13:06:31', NULL);

-- --------------------------------------------------------

--
-- Структура таблицы `comment_turs`
--

CREATE TABLE `comment_turs` (
  `id` bigint UNSIGNED NOT NULL,
  `turCard_id` bigint UNSIGNED NOT NULL,
  `message` text COLLATE utf8mb4_unicode_ci NOT NULL,
  `user_name` text COLLATE utf8mb4_unicode_ci NOT NULL,
  `created_at` timestamp NULL DEFAULT NULL,
  `updated_at` timestamp NULL DEFAULT NULL,
  `deleted_at` timestamp NULL DEFAULT NULL
) ENGINE=InnoDB DEFAULT CHARSET=utf8mb4 COLLATE=utf8mb4_unicode_ci;

--
-- Дамп данных таблицы `comment_turs`
--

INSERT INTO `comment_turs` (`id`, `turCard_id`, `message`, `user_name`, `created_at`, `updated_at`, `deleted_at`) VALUES
(3, 1, '11', '13', '2023-09-19 17:21:59', '2023-09-19 17:21:59', NULL);

-- --------------------------------------------------------

--
-- Структура таблицы `consulting_actions`
--

CREATE TABLE `consulting_actions` (
  `id` bigint UNSIGNED NOT NULL,
  `title` varchar(255) COLLATE utf8mb4_unicode_ci NOT NULL,
  `user_id` varchar(255) COLLATE utf8mb4_unicode_ci NOT NULL,
  `cat_id` varchar(255) COLLATE utf8mb4_unicode_ci NOT NULL,
  `created_at` timestamp NULL DEFAULT NULL,
  `updated_at` timestamp NULL DEFAULT NULL
) ENGINE=InnoDB DEFAULT CHARSET=utf8mb4 COLLATE=utf8mb4_unicode_ci;

--
-- Дамп данных таблицы `consulting_actions`
--

INSERT INTO `consulting_actions` (`id`, `title`, `user_id`, `cat_id`, `created_at`, `updated_at`) VALUES
(1, 'Описание категории отлоиоириллорммдрмломолриродилри.  лоурикимдшумшдукмадукмадукашдукадшукикадрукиадруашдуйкашжйкамдукиадкуиакиажшкиашжукимжукиамщжукиащэукимэщуикащэку', '67', '2', '2024-02-10 03:34:24', '2024-02-10 03:44:38'),
(2, 'Перечень работ/услуг: - Основные условия оказания услуг по предмету тендера определены Проек', '67', '2', '2024-02-10 03:41:55', '2024-02-10 03:41:55'),
(3, 'просто хороший текст', '67', '2', '2024-02-10 03:42:08', '2024-02-10 03:42:08'),
(4, 'htajhvfывмыв', '42', '1', '2024-02-27 08:17:19', '2024-06-21 05:30:51'),
(5, 'Образование', '42', '4', '2024-02-27 08:24:29', '2024-02-27 08:24:29'),
(6, 'апвпрывп', '42', '4', '2024-05-26 17:01:18', '2024-05-26 17:01:18'),
(7, 'выпфвыпфывпыфвпыпвыпыпвывпыфвпывппывпфывпфывпывпывпыфвмыфмфымыфмв', '42', '1', '2024-06-10 05:44:19', '2024-06-10 05:44:19');

-- --------------------------------------------------------

--
-- Структура таблицы `consulting_cats`
--

CREATE TABLE `consulting_cats` (
  `id` bigint UNSIGNED NOT NULL,
  `title` varchar(255) COLLATE utf8mb4_unicode_ci NOT NULL,
  `created_at` timestamp NULL DEFAULT NULL,
  `updated_at` timestamp NULL DEFAULT NULL,
  `content` text COLLATE utf8mb4_unicode_ci
) ENGINE=InnoDB DEFAULT CHARSET=utf8mb4 COLLATE=utf8mb4_unicode_ci;

--
-- Дамп данных таблицы `consulting_cats`
--

INSERT INTO `consulting_cats` (`id`, `title`, `created_at`, `updated_at`, `content`) VALUES
(1, 'Аудит компании', '2023-08-18 15:21:01', '2024-01-24 07:15:45', 'Инициативный аудит организация проводит исходя из потребности самой организации.\r\nКомплекс мероприятий, включающих сбор, оценку, анализ, заключение с целью объективного видения и планирования. Необходимость в аудиторской услуге может возникнуть при системных изменениях компании, а также для более точного стратегирования и проектирования и планирования  дальнейшей деятельности.'),
(2, 'Стратег. сессии', '2023-08-18 15:21:09', '2024-01-24 08:49:08', '<p>- Определение и/или обновление стратегии\r\n</p><p>- Установление приоритетов\r\n</p><p>- Развитие бизнеса\r\n</p><p>- Улучшение операционной эффективности</p><p>\r\n- Решение проблем и противостояние кризису</p><p>\r\n- Повышение вовлеченности сотрудников</p><p>\r\n- Адаптация к изменениям</p>'),
(3, 'Концепция и бизнес модель', '2023-08-18 15:21:15', '2024-01-24 07:47:25', 'Бизнес модель – это концептуальный инструмент для функционирования бизнес системы, отражающий логику бизнеса. От того, на сколько удачен выбор и реализация бизнес модели, во многом зависит судьба компании. Системная суть бизнеса и его бизнес модели работают для достижения цели организации.'),
(4, 'Образовательные программы', '2023-08-18 15:21:24', '2024-01-24 09:32:50', '<p>Для ТОП менеджмента\r\n</p><p>Для линейного персонала\r\n</p><p>Для кадрового потенциала (HR директора)</p><p>\r\nКомандообразование\r\nМаркетинг</p><p>Продажи.</p>'),
(5, 'Программа всесезонного заполнения', '2023-08-24 12:45:28', '2024-01-24 07:49:22', 'Концептуальные, маркетинговые и структурные решения в организации, приводящие к регулярному клиентопотоку. План и дорожная карта реализации программы всесезонного наполнения клиентами.'),
(6, 'Сопровождение бизнеса', '2023-08-24 12:46:52', '2024-01-24 07:49:57', 'Экологичное прохождение сквозь кризисы организации, закономерно сопровождающие рост и развитие системы. Профессиональное сопровождение позволяет эффективно своевременно, точно и мягко справляться с неминуемой кризисной нагрузкой на разных этапах развития организации.'),
(7, 'Юридическое сопровождение', '2023-08-24 12:47:15', '2024-01-24 07:50:57', 'Сопровождение в правовом поле, профилактирующее и решающее необходимые юридические аспекты организации.'),
(8, 'Цифровая трансформация', '2023-08-24 12:47:54', '2024-01-24 07:51:32', 'Автоматизация и оптимизация системы за счет внедрения цифровых технологий'),
(9, 'Профессиональные компетенции', '2023-08-24 12:48:45', '2024-01-24 07:52:11', 'Отраслевые программы как для управленцев и топ менеджеров, так и для линейного персонала.'),
(10, 'Дизайн мышления', '2023-08-24 12:49:02', '2024-01-24 07:52:49', 'Работа с учредителями и руководителями бизнеса, позволяющая диагностировать ограничивающие убеждения, устранять их и менять видение и масштаб деятельности с целью расширения и масштабирования бизнеса'),
(11, 'Международная интеграция', '2023-09-12 09:45:52', '2024-01-24 07:53:25', 'Формирование условий и возможностей для вывода бизнеса в международное пространство.');

-- --------------------------------------------------------

--
-- Структура таблицы `consulting_cat_users`
--

CREATE TABLE `consulting_cat_users` (
  `id` bigint UNSIGNED NOT NULL,
  `user_id` bigint UNSIGNED NOT NULL,
  `cat_id` bigint UNSIGNED NOT NULL,
  `created_at` timestamp NULL DEFAULT NULL,
  `updated_at` timestamp NULL DEFAULT NULL
) ENGINE=InnoDB DEFAULT CHARSET=utf8mb4 COLLATE=utf8mb4_unicode_ci;

--
-- Дамп данных таблицы `consulting_cat_users`
--

INSERT INTO `consulting_cat_users` (`id`, `user_id`, `cat_id`, `created_at`, `updated_at`) VALUES
(1, 42, 1, NULL, NULL),
(2, 42, 4, NULL, NULL),
(3, 43, 10, NULL, NULL),
(4, 44, 2, NULL, NULL),
(5, 44, 3, NULL, NULL),
(6, 30, 1, NULL, NULL),
(7, 30, 2, NULL, NULL),
(8, 30, 3, NULL, NULL),
(9, 30, 4, NULL, NULL),
(10, 30, 5, NULL, NULL),
(11, 30, 6, NULL, NULL),
(12, 30, 10, NULL, NULL),
(13, 30, 11, NULL, NULL),
(14, 66, 3, NULL, NULL),
(15, 66, 5, NULL, NULL),
(16, 67, 2, NULL, NULL),
(17, 67, 5, NULL, NULL),
(18, 74, 1, NULL, NULL),
(19, 77, 2, NULL, NULL);

-- --------------------------------------------------------

--
-- Структура таблицы `consulting_lists`
--

CREATE TABLE `consulting_lists` (
  `id` bigint UNSIGNED NOT NULL,
  `title` varchar(255) COLLATE utf8mb4_unicode_ci NOT NULL,
  `price` varchar(255) COLLATE utf8mb4_unicode_ci NOT NULL,
  `user_id` varchar(255) COLLATE utf8mb4_unicode_ci NOT NULL,
  `cat_id` varchar(255) COLLATE utf8mb4_unicode_ci NOT NULL,
  `created_at` timestamp NULL DEFAULT NULL,
  `updated_at` timestamp NULL DEFAULT NULL
) ENGINE=InnoDB DEFAULT CHARSET=utf8mb4 COLLATE=utf8mb4_unicode_ci;

-- --------------------------------------------------------

--
-- Структура таблицы `consulting_posts`
--

CREATE TABLE `consulting_posts` (
  `id` bigint UNSIGNED NOT NULL,
  `title` varchar(255) COLLATE utf8mb4_unicode_ci NOT NULL,
  `user_email` varchar(255) COLLATE utf8mb4_unicode_ci DEFAULT NULL,
  `cat_id` varchar(255) COLLATE utf8mb4_unicode_ci DEFAULT NULL,
  `address` varchar(255) COLLATE utf8mb4_unicode_ci NOT NULL,
  `preview_image` varchar(255) COLLATE utf8mb4_unicode_ci DEFAULT NULL,
  `user_id` bigint UNSIGNED DEFAULT NULL,
  `created_at` timestamp NULL DEFAULT NULL,
  `updated_at` timestamp NULL DEFAULT NULL,
  `desc` text COLLATE utf8mb4_unicode_ci
) ENGINE=InnoDB DEFAULT CHARSET=utf8mb4 COLLATE=utf8mb4_unicode_ci;

--
-- Дамп данных таблицы `consulting_posts`
--

INSERT INTO `consulting_posts` (`id`, `title`, `user_email`, `cat_id`, `address`, `preview_image`, `user_id`, `created_at`, `updated_at`, `desc`) VALUES
(1, 'Аудит компании', 'klimashevskijvova@gmail.com', '1', 'Пинск', 'consulting_images_post/Ipd23NsTAsNGGRRbBCaF1x0DIxTqiH4NOnHfneUt.svg', 42, '2023-08-18 15:23:20', '2024-06-21 02:26:06', 'какое то описание какое то описание какое то описание'),
(2, 'Образовательные программы', 'medica1l@mail.ru', '4', 'минск', 'consulting_images_post/P9jb7qkMykSESiceNbAnCBaSzexRoDBu2dhRd4Jb.jpg', 42, '2023-08-18 15:25:12', '2023-08-18 15:25:12', NULL),
(4, 'Центр ЮНИТИ', 'unity.unity@mail.ru', '1', 'г Москва, ул Новодмитровская, дом 5А, стр 1', 'consulting_images_post/BGH1b4biTp2cJ1vErySAjs8CZZrIYoZsUXlvoOWe.jpg', 30, '2023-09-06 06:42:34', '2023-09-06 06:42:34', NULL),
(5, 'ПППостттт', 'nastelina@list.ru', '2', 'Moskow', 'consulting_images_post/TfQ1zLcAUWZcl8YpjEaqp7mGc3zM7XOhcCbxme9p.jpg', 67, '2024-02-10 03:46:57', '2024-02-10 03:46:57', NULL);

-- --------------------------------------------------------

--
-- Структура таблицы `consulting_services`
--

CREATE TABLE `consulting_services` (
  `id` bigint UNSIGNED NOT NULL,
  `title` varchar(255) COLLATE utf8mb4_unicode_ci NOT NULL,
  `price` varchar(255) COLLATE utf8mb4_unicode_ci NOT NULL,
  `user_id` varchar(255) COLLATE utf8mb4_unicode_ci NOT NULL,
  `cat_id` varchar(255) COLLATE utf8mb4_unicode_ci NOT NULL,
  `created_at` timestamp NULL DEFAULT NULL,
  `updated_at` timestamp NULL DEFAULT NULL
) ENGINE=InnoDB DEFAULT CHARSET=utf8mb4 COLLATE=utf8mb4_unicode_ci;

--
-- Дамп данных таблицы `consulting_services`
--

INSERT INTO `consulting_services` (`id`, `title`, `price`, `user_id`, `cat_id`, `created_at`, `updated_at`) VALUES
(1, 'Услугa2', '123', '42', '1', '2023-08-18 15:23:51', '2023-08-18 15:24:07'),
(2, 'Услугa1', '700', '42', '1', '2023-08-18 15:23:57', '2023-08-18 15:23:57'),
(3, 'Услугa3', '300', '42', '1', '2023-08-18 15:24:13', '2023-08-18 15:24:13'),
(4, 'Услуги 1', '22222', '42', '4', '2023-08-18 15:25:55', '2023-08-18 15:25:55'),
(5, 'Услуги 1a', '22', '42', '4', '2023-08-18 15:26:09', '2023-08-18 15:26:09'),
(6, 'Услуги1d', '300', '42', '4', '2023-08-18 15:26:16', '2023-08-18 15:26:16'),
(7, 'Услуги12s', '700', '42', '4', '2023-08-18 15:26:24', '2023-08-18 15:26:24'),
(10, 'ыва', '120', '42', '1', '2023-09-06 06:39:45', '2023-09-06 06:39:45'),
(11, 'Услуга новая', '300', '42', '1', '2023-09-06 06:46:52', '2023-09-06 06:46:52'),
(12, 'Консультирование руководителя', '12', '30', '1', '2023-09-06 06:48:48', '2023-09-06 06:48:48'),
(13, 'Бизнес расстановка', '25', '30', '1', '2023-09-06 06:50:29', '2023-09-06 06:50:29');

-- --------------------------------------------------------

--
-- Структура таблицы `consulting_todo_lists`
--

CREATE TABLE `consulting_todo_lists` (
  `id` bigint UNSIGNED NOT NULL,
  `title` varchar(255) COLLATE utf8mb4_unicode_ci NOT NULL,
  `user_id` varchar(255) COLLATE utf8mb4_unicode_ci NOT NULL,
  `cat_id` varchar(255) COLLATE utf8mb4_unicode_ci NOT NULL,
  `created_at` timestamp NULL DEFAULT NULL,
  `updated_at` timestamp NULL DEFAULT NULL,
  `price` varchar(255) COLLATE utf8mb4_unicode_ci DEFAULT NULL
) ENGINE=InnoDB DEFAULT CHARSET=utf8mb4 COLLATE=utf8mb4_unicode_ci;

--
-- Дамп данных таблицы `consulting_todo_lists`
--

INSERT INTO `consulting_todo_lists` (`id`, `title`, `user_id`, `cat_id`, `created_at`, `updated_at`, `price`) VALUES
(11, 'Услуги1', '42', '1', '2023-09-10 05:06:51', '2024-02-27 08:15:37', '5'),
(12, 'Услуги2', '42', '1', '2023-09-10 05:06:55', '2023-09-10 05:06:55', NULL),
(13, 'Услуги3', '42', '1', '2023-09-10 05:07:00', '2023-09-10 05:07:00', NULL),
(14, 'a', '42', '4', '2023-09-10 05:07:31', '2023-09-10 05:07:31', NULL),
(15, 'b', '42', '4', '2023-09-10 05:07:34', '2023-09-10 05:07:34', NULL),
(16, 'c', '42', '4', '2023-09-10 05:07:38', '2023-09-10 05:07:38', NULL),
(18, 'Услуга 123', '42', '4', '2023-09-12 08:43:03', '2023-09-12 08:43:03', NULL),
(19, 'услуга', '67', '2', '2024-02-10 03:34:52', '2024-02-10 03:34:52', '3400'),
(20, '5', '42', '1', '2024-02-27 08:15:42', '2024-02-27 08:15:42', '5'),
(21, 'oouvhiehvieh', '42', '1', '2024-02-27 08:16:01', '2024-02-27 08:16:01', '3400'),
(22, 'гранит науки', '42', '4', '2024-02-27 08:24:11', '2024-02-27 08:24:11', '100500');

-- --------------------------------------------------------

--
-- Структура таблицы `districts`
--

CREATE TABLE `districts` (
  `id` bigint UNSIGNED NOT NULL,
  `title` varchar(255) COLLATE utf8mb4_unicode_ci NOT NULL,
  `created_at` timestamp NULL DEFAULT NULL,
  `updated_at` timestamp NULL DEFAULT NULL,
  `deleted_at` timestamp NULL DEFAULT NULL,
  `id_country` text COLLATE utf8mb4_unicode_ci
) ENGINE=InnoDB DEFAULT CHARSET=utf8mb4 COLLATE=utf8mb4_unicode_ci;

--
-- Дамп данных таблицы `districts`
--

INSERT INTO `districts` (`id`, `title`, `created_at`, `updated_at`, `deleted_at`, `id_country`) VALUES
(6, 'Беларусь', '2024-09-06 04:16:28', '2024-09-06 04:16:28', NULL, NULL),
(7, 'Россия', '2024-09-06 04:16:36', '2024-09-06 04:16:36', NULL, NULL),
(8, 'Азербайджан', '2024-09-15 11:34:24', '2024-09-15 11:34:24', NULL, NULL);

-- --------------------------------------------------------

--
-- Структура таблицы `failed_jobs`
--

CREATE TABLE `failed_jobs` (
  `id` bigint UNSIGNED NOT NULL,
  `uuid` varchar(255) COLLATE utf8mb4_unicode_ci NOT NULL,
  `connection` text COLLATE utf8mb4_unicode_ci NOT NULL,
  `queue` text COLLATE utf8mb4_unicode_ci NOT NULL,
  `payload` longtext COLLATE utf8mb4_unicode_ci NOT NULL,
  `exception` longtext COLLATE utf8mb4_unicode_ci NOT NULL,
  `failed_at` timestamp NOT NULL DEFAULT CURRENT_TIMESTAMP
) ENGINE=InnoDB DEFAULT CHARSET=utf8mb4 COLLATE=utf8mb4_unicode_ci;

-- --------------------------------------------------------

--
-- Структура таблицы `hostel_actions`
--

CREATE TABLE `hostel_actions` (
  `id` bigint UNSIGNED NOT NULL,
  `title` varchar(255) COLLATE utf8mb4_unicode_ci NOT NULL,
  `user_id` bigint UNSIGNED DEFAULT NULL,
  `created_at` timestamp NULL DEFAULT NULL,
  `updated_at` timestamp NULL DEFAULT NULL
) ENGINE=InnoDB DEFAULT CHARSET=utf8mb4 COLLATE=utf8mb4_unicode_ci;

--
-- Дамп данных таблицы `hostel_actions`
--

INSERT INTO `hostel_actions` (`id`, `title`, `user_id`, `created_at`, `updated_at`) VALUES
(1, 'вкусный завтрак', 5, '2023-02-22 09:08:19', '2023-02-22 09:08:19'),
(2, '5% скидка на такси', 5, '2023-02-22 09:08:28', '2023-02-22 09:08:28'),
(4, 'Преференция 1', 11, '2023-03-20 15:56:30', '2023-03-20 15:56:30'),
(5, 'Преференция 2', 11, '2023-03-20 15:56:39', '2023-03-20 15:56:39'),
(6, 'Преференция 1', 18, '2023-05-30 02:31:48', '2023-05-30 02:31:48'),
(7, 'Преференция 2', 18, '2023-05-30 02:31:57', '2023-05-30 02:31:57'),
(8, 'Преференция 1', 24, '2023-06-07 17:08:51', '2023-06-07 17:08:51'),
(9, 'Преференция 2', 24, '2023-06-07 17:08:59', '2023-06-07 17:08:59'),
(10, 'Преференция 3', 24, '2023-06-07 17:09:09', '2023-06-07 17:09:09'),
(11, 'Скидка 10% в пиццерии', 25, '2023-06-08 17:11:24', '2023-06-08 17:11:24'),
(12, 'Преференция 1', 26, '2023-06-09 16:32:16', '2023-06-09 16:32:16'),
(13, 'Преференция 2', 26, '2023-06-09 16:32:23', '2023-06-09 16:32:23'),
(14, 'Преференция 1', 28, '2023-06-28 06:46:21', '2023-06-28 06:46:21'),
(15, 'Преференция 2', 28, '2023-06-28 06:46:27', '2023-06-28 06:46:27'),
(16, 'Преференция 1', 34, '2023-07-06 18:37:26', '2023-07-06 18:37:26'),
(17, 'Преференция 2', 34, '2023-07-06 18:37:35', '2023-07-06 18:37:35'),
(18, 'Преференция 1', 36, '2023-07-09 08:36:39', '2023-07-09 08:36:39'),
(19, 'Преференция 2', 36, '2023-07-09 08:36:47', '2023-07-09 08:36:47'),
(20, 'сутки проживания в подарок!', 5, '2024-02-27 05:11:21', '2024-02-27 05:11:21');

-- --------------------------------------------------------

--
-- Структура таблицы `hostel_cards`
--

CREATE TABLE `hostel_cards` (
  `id` bigint UNSIGNED NOT NULL,
  `title` varchar(255) COLLATE utf8mb4_unicode_ci NOT NULL,
  `content` varchar(255) COLLATE utf8mb4_unicode_ci NOT NULL,
  `desc` varchar(255) COLLATE utf8mb4_unicode_ci NOT NULL,
  `link` varchar(255) COLLATE utf8mb4_unicode_ci NOT NULL,
  `name_link` varchar(255) COLLATE utf8mb4_unicode_ci NOT NULL,
  `address` varchar(255) COLLATE utf8mb4_unicode_ci NOT NULL,
  `coordinate_l` varchar(255) COLLATE utf8mb4_unicode_ci NOT NULL,
  `coordinate_r` varchar(255) COLLATE utf8mb4_unicode_ci NOT NULL,
  `preview_image` varchar(255) COLLATE utf8mb4_unicode_ci DEFAULT NULL,
  `logo` varchar(255) COLLATE utf8mb4_unicode_ci DEFAULT NULL,
  `phone` bigint UNSIGNED DEFAULT NULL,
  `user_id` bigint UNSIGNED DEFAULT NULL,
  `type_id` bigint UNSIGNED DEFAULT NULL,
  `district_id` bigint UNSIGNED DEFAULT NULL,
  `republic_id` bigint UNSIGNED DEFAULT NULL,
  `city_id` bigint UNSIGNED DEFAULT NULL,
  `created_at` timestamp NULL DEFAULT NULL,
  `updated_at` timestamp NULL DEFAULT NULL,
  `coordinate` varchar(255) COLLATE utf8mb4_unicode_ci DEFAULT NULL,
  `deleted_at` timestamp NULL DEFAULT NULL,
  `user_email` varchar(255) COLLATE utf8mb4_unicode_ci DEFAULT NULL
) ENGINE=InnoDB DEFAULT CHARSET=utf8mb4 COLLATE=utf8mb4_unicode_ci;

--
-- Дамп данных таблицы `hostel_cards`
--

INSERT INTO `hostel_cards` (`id`, `title`, `content`, `desc`, `link`, `name_link`, `address`, `coordinate_l`, `coordinate_r`, `preview_image`, `logo`, `phone`, `user_id`, `type_id`, `district_id`, `republic_id`, `city_id`, `created_at`, `updated_at`, `coordinate`, `deleted_at`, `user_email`) VALUES
(1, 'Pheasants', 'Добро пожаловать в наш отель. Здесь для Вас самые лучшие номера на любой вкус. Мы заботимся о наших клиентах и всегда поддерживаем номера в самом лучшем виде.', 'Мы заботимся о наших клиентах.', 'https://turmeddriver.d0053501.atservers.net/', 'Pheasants', 'Грузия, Тбилиси, Улица Абано 24', '41.688123500330946', '44.81122249999989', 'hostel_images_card/4xpsDC6PwXRoFZcZszLNGaxKYeW31Tp4NcA6RLev.jpg', 'hostel_images_card/9YlPkktwbUJjFFZsPw4OhYuADH0PS1TIuMfrFCV2.jpg', 955322147903, 5, 5, 6, 8, 13, '2023-02-22 08:32:43', '2024-10-15 08:31:58', NULL, NULL, 'hostel@mail.ru'),
(2, 'Гостевой дом Ракушка Блага', 'Бескрайнее море и песчаные пляжи. Современные номера. Озелененная территория. Детская площадка. Бассейн. Мангальная зона . Кондиционер, ЖК телевизор и бесплатный wi-fi. Аниматор для детей.', 'Гостевой дом Ракушка Блага', 'rakushka-blaga.com', 'rakushka-blaga.com', 'Анапа, Краснодарский край ст-ца Благовещенская, ул. Таманская 142А', '45.056524', '37.122394', 'hostel_images_card/Ybc6VOWGktCw37RAKRzcsLopzPCKLWBBZaUBQ8aA.webp', 'hostel_images_card/RCPtigF3Ph1npu4NTqMg5yYeC8qWqiJvXBzKgiGV.webp', 79881313205, 11, 1, 1, 1, 6, '2023-03-20 14:46:28', '2023-05-29 19:12:23', NULL, NULL, 'rakushka023@yandex.ru'),
(3, 'Golden Kids', 'Все номера Golden Kids имеют выход на балкон, а в некоторых - на террасу, где можно насладиться шикарным видом на горы или город. Есть кабельное телевидение, бесплатный Wi-Fi, детская игровая и всё, что нужно для яркого семейного отдыха', 'Golden Kids - отель для приятного семейного отдыха в Геленджике', 'https://goldenkids-hotel.ru/', 'https://goldenkids-hotel.ru/', 'Россия, г. Геленджик, ул. Шевченко, 32', '44.556394', '38.079019', 'hostel_images_card/pnHqpAVN0TC5bOeps4sRRSUzvg0IJUxRO88QCy2E.jpg', 'hostel_images_card/4b5YO6TMpFZuwtamX4zz6suMDNNRCBMUG0jucEng.jpg', 79385053000, 18, 4, 7, 13, 19, '2023-05-30 18:22:34', '2024-10-15 07:16:55', NULL, NULL, 'admin@mail.ru'),
(4, 'Апарт-отель Brio', 'Мы находимся в тихом и спокойном районе, недалеко от моря, что обеспечит вам комфортное проживание, спокойный и уютный отдых и вы можете наслаждаться солнцем и морем в любое время. Отель подходит для отдыха семей или небольших групп друзей.', 'Комфортный отель всего в 200 метрах от моря.', 'http://brio-hotel.ru', 'http://brio-hotel.ru', 'Геленджик, улица Грибоедова 20/2', '44.553144', '38.073225', 'hostel_images_card/gXrjkepD7iblqdCjtBBGmdKV6CUIQMG83DV6VEOT.jpg', 'hostel_images_card/NfiLUcptGVe8Ig97sUvhnL11xhoY9ZIz8TXLD0kf.jpg', 79384906303, 24, 4, 1, 6, 7, '2023-06-07 17:35:22', '2023-06-07 17:35:22', NULL, NULL, 'admin@mail.ru'),
(5, 'Апарт-отель OmNashDom', 'Отель расположен в красивом районе Толстый мыс, всего в 900 метрах от моря, что делает его отличным выбором для отдыха у моря. В нашем отеле каждый момент наполнен спокойствием, покоем и внутренней гармонией.', 'Мы приложим все усилия для комфортного и безопасного отдыха', 'http://omnashdom.ru', 'http://omnashdom.ru', 'Геленджик, улица Розы Люксембург 26', '44.566195', '38.085873', 'hostel_images_card/ekVzs5Y8O5jogySTQbolIuHkK0XDrEiZ91K5fqPZ.jpg', 'hostel_images_card/Nui4w3JLY0Yqt2KP3gRmcb6voMo61fpAHcOTiCHD.jpg', 79384906303, 24, 4, 1, 6, 7, '2023-06-07 17:54:17', '2023-06-07 17:54:17', NULL, NULL, 'admin@mail.ru'),
(6, 'Бутик-отель Атлантида', 'Новый современный отель в центре Геленджика. Расстояние до моря и набережной 300 м. В номерах есть все для самого комфортного отдыха', 'Новый современный отель в центре Геленджика', 'Hotel-atlantida.ru', 'Hotel-atlantida.ru', 'Геленджик ул. Советская, 21', '44.557358', '38.079279', 'hostel_images_card/wAjHsCdtdUjROrXil3WeShrAgdF4jxHJXjGdOfHE.jpg', 'hostel_images_card/znRYryPrrkKcY1CY5OWcZ3pRw035ibihiEeIueSD.jpg', 79628551900, 25, 4, 7, 13, 19, '2023-06-08 17:30:06', '2024-10-15 08:52:21', NULL, NULL, 'admin@mail.ru'),
(7, 'Гостевой дом \"Валентин\"', 'Атмосфера загородной жизни среди сосен с потрясающими морскими и горными пейзажами ﻿на берегу бухты с кристальной водой…\r\nВсего лишь 30 минут отделяют размеренный отдых в микрорайоне Голубая бухта ﻿от праздничной курортной жизни центра Геленджика!', 'Добро пожаловать в Гостевой дом \"Валентин\"!', 'https://valentin-gel.ru', 'https://valentin-gel.ru', 'г. Геленджик, Голубая бухта, ул. Ак. Ширшова, 14', '44.57939', '37.989735', 'hostel_images_card/EMrRGQkNmYczDkTcoe2yX8wrAkgeSBHX8Lt3b1Pt.jpg', 'hostel_images_card/kB2fZDTI1CdZfD0XyoGTQX5bzE6ATKz2QmqzpaZd.jpg', 79000001045, 26, 4, 1, 6, 7, '2023-06-09 16:51:46', '2023-06-09 16:51:46', NULL, NULL, 'admin@mail.ru'),
(8, 'Гостевой дом «Руслан»', 'Уютные большие номера в гостевом доме, индивидуальный санузел, кухня, бесплатная парковка, большой двор, мангальная зона, до моря 50 метров', 'Уютный гостевой дом', 'https://tvil.ru/city/gelendzhik/hotels/430342/', 'https://tvil.ru/city/gelendzhik/hotels/430342/', 'Россия, Геленджик, ул. Курзальная, 5а', '44.555502', '38.075129', 'hostel_images_card/GrdKhdWjpiQdcpk6avgEnZHUgO59syvr1ZqA1fyo.jpg', 'hostel_images_card/z7dSn7KUipdBQdR8QcdMcaVIzJ0HEiV8n1gK1IXc.jpg', 79180581212, 34, 4, 1, 6, 7, '2023-07-06 18:55:53', '2023-07-06 18:59:10', NULL, NULL, 'ruslan-gelendg82@mail.ru'),
(9, 'Гостиница \"История\"', 'Гостиница \"История\" – это современная гостиница со всеми удобствами и удобным расположением для туризма и отдыха.  Для нас важен каждый клиент, и мы прилагаем все усилия для обеспечения комфортных условий проживания.', '\"История\" – это современная гостиница в Дербенте', 'https://gostinica-istoriya.ru', 'https://gostinica-istoriya.ru', 'Россия, Дербент, пер. Карла Маркса, 66', '42.05143', '48.298011', 'hostel_images_card/0Fk4dibf1QniMAnHdPSQv0zIpDImZS9quLKhse2O.jpg', 'hostel_images_card/LMZ6gzNEu0g4LfVq7hiux2Tj5hrvG43mhZIrFpfN.jpg', 79382015858, 28, 4, 7, 10, 17, '2023-07-07 06:17:44', '2024-10-15 08:21:07', NULL, NULL, 'hotel_istoria@mail.ru'),
(10, 'Гостевой дом Вито', 'Наш гостевой дом расположен в удобном месте, всего в нескольких минутах ходьбы от пляжа и недалеко от множества ресторанов, кафе и магазинов.\r\nМы уверены, что вы будете чувствовать себя комфортно и уютно в Гостевом доме Вито.', 'Мы предлагаем прекрасный выбор экономичных номеров для комфортного отдыха', 'http://vito-home.ru', 'http://vito-home.ru', 'Россия, Геленджик, улица Розы Люксембург 26', '44.566195', '38.085873', 'hostel_images_card/PTicJ7XvGrk29LpFClmh8u9KV5oTB42no96lOpHP.jpg', 'hostel_images_card/IKWEDPj6ARDBOYUB1S2ARnpVBhMHlyO0B4NIwaaf.jpg', 79284505692, 24, 4, 1, 6, 7, '2023-07-09 04:54:56', '2023-07-09 04:54:56', NULL, NULL, 'Oksana.9338@mail.ru'),
(11, 'Гостевой дом \"Квен Очаг\"', 'В доме есть изделия старинной и современной ручной работы. По предварительной записи можно заказать мастер классы по приготовлению национальной еды или по изделиям натуральной кожи.\r\nРядом 2 магазина.', 'Отличаемся тем, что в доме все сделано моими руками', 'https://kven-ochag.clients.site', 'https://kven-ochag.clients.site', 'Россия, Республика Дагестан, село Заиб, Заибская улица, 46', '42.489169', '46.7097', 'hostel_images_card/cR9CingHUs7enphNt6mLUeWbrVqT8AVdNwORHD1k.jpg', 'hostel_images_card/YDrfF1s9ZKwm0Izc6tIzYQqYja1zqvSSC11R69Nu.jpg', 79884687817, 36, 4, 1, 5, 11, '2023-07-09 08:55:24', '2023-07-09 08:55:24', NULL, NULL, 'shamay.yusupova.82@mail.ru');

-- --------------------------------------------------------

--
-- Структура таблицы `hostel_card_images`
--

CREATE TABLE `hostel_card_images` (
  `id` bigint UNSIGNED NOT NULL,
  `hostel_card_id` bigint UNSIGNED NOT NULL,
  `images` varchar(255) COLLATE utf8mb4_unicode_ci NOT NULL,
  `created_at` timestamp NULL DEFAULT NULL,
  `updated_at` timestamp NULL DEFAULT NULL
) ENGINE=InnoDB DEFAULT CHARSET=utf8mb4 COLLATE=utf8mb4_unicode_ci;

--
-- Дамп данных таблицы `hostel_card_images`
--

INSERT INTO `hostel_card_images` (`id`, `hostel_card_id`, `images`, `created_at`, `updated_at`) VALUES
(11, 2, '-main_image-1685396112151.webp', '2023-05-29 18:35:12', '2023-05-29 18:35:12'),
(12, 2, '-main_image-1685396127769.jpg', '2023-05-29 18:35:27', '2023-05-29 18:35:27'),
(13, 2, '-main_image-1685396134199.jpg', '2023-05-29 18:35:34', '2023-05-29 18:35:34'),
(14, 2, '-main_image-1685396825568.jpg', '2023-05-29 18:47:05', '2023-05-29 18:47:05'),
(15, 3, 'Golden Kids-main_image-1685481754496.jpg', '2023-05-30 18:22:34', '2023-05-30 18:22:34'),
(16, 3, '-main_image-1685481779546.jpg', '2023-05-30 18:22:59', '2023-05-30 18:22:59'),
(17, 3, '-main_image-1685481792325.jpg', '2023-05-30 18:23:12', '2023-05-30 18:23:12'),
(18, 3, '-main_image-1685481802806.jpg', '2023-05-30 18:23:22', '2023-05-30 18:23:22'),
(19, 4, 'Апарт-отель Brio-main_image-1686170122464.jpg', '2023-06-07 17:35:22', '2023-06-07 17:35:22'),
(20, 5, 'Апарт-отель OmNashDom-main_image-1686171257518.jpg', '2023-06-07 17:54:17', '2023-06-07 17:54:17'),
(21, 6, 'Бутик-отель Атлантида-main_image-1686256206739.jpg', '2023-06-08 17:30:06', '2023-06-08 17:30:06'),
(22, 6, '-main_image-1686256278498.jpg', '2023-06-08 17:31:18', '2023-06-08 17:31:18'),
(23, 6, '-main_image-1686256289916.jpg', '2023-06-08 17:31:29', '2023-06-08 17:31:29'),
(24, 7, 'Гостевой дом \"Валентин\"-main_image-1686340306643.jpg', '2023-06-09 16:51:46', '2023-06-09 16:51:46'),
(26, 7, '-main_image-1686340389419.jpg', '2023-06-09 16:53:09', '2023-06-09 16:53:09'),
(27, 7, '-main_image-168634040181.webp', '2023-06-09 16:53:21', '2023-06-09 16:53:21'),
(28, 8, 'Гостевой дом «Руслан»-main_image-1688680553332.jpg', '2023-07-06 18:55:53', '2023-07-06 18:55:53'),
(29, 8, '-main_image-1688680778943.jpg', '2023-07-06 18:59:38', '2023-07-06 18:59:38'),
(31, 9, 'Гостиница \"История\"-main_image-1688721464907.jpg', '2023-07-07 06:17:44', '2023-07-07 06:17:44'),
(32, 1, '-main_image-1688730373287.jpg', '2023-07-07 08:46:13', '2023-07-07 08:46:13'),
(33, 1, '-main_image-1688730373695.jpg', '2023-07-07 08:46:13', '2023-07-07 08:46:13'),
(34, 1, '-main_image-1688730373315.jpg', '2023-07-07 08:46:13', '2023-07-07 08:46:13'),
(35, 1, '-main_image-1688730373561.jpg', '2023-07-07 08:46:13', '2023-07-07 08:46:13'),
(36, 10, 'Гостевой дом Вито-main_image-1688889296149.jpg', '2023-07-09 04:54:56', '2023-07-09 04:54:56'),
(37, 11, 'Гостевой дом \"Квен Очаг\"-main_image-1688903724755.jpg', '2023-07-09 08:55:24', '2023-07-09 08:55:24'),
(38, 11, '-main_image-1688903816980.jpg', '2023-07-09 08:56:56', '2023-07-09 08:56:56'),
(39, 11, '-main_image-1688903827227.jpg', '2023-07-09 08:57:07', '2023-07-09 08:57:07');

-- --------------------------------------------------------

--
-- Структура таблицы `hostel_card_tags`
--

CREATE TABLE `hostel_card_tags` (
  `id` bigint UNSIGNED NOT NULL,
  `title` varchar(255) COLLATE utf8mb4_unicode_ci NOT NULL,
  `created_at` timestamp NULL DEFAULT NULL,
  `updated_at` timestamp NULL DEFAULT NULL,
  `deleted_at` timestamp NULL DEFAULT NULL,
  `user_id` bigint UNSIGNED DEFAULT NULL
) ENGINE=InnoDB DEFAULT CHARSET=utf8mb4 COLLATE=utf8mb4_unicode_ci;

--
-- Дамп данных таблицы `hostel_card_tags`
--

INSERT INTO `hostel_card_tags` (`id`, `title`, `created_at`, `updated_at`, `deleted_at`, `user_id`) VALUES
(6, 'Трехразовое питание', '2023-03-20 14:37:54', '2023-05-29 18:29:32', NULL, 11),
(7, 'Детская площадка', '2023-04-07 08:11:47', '2023-05-29 18:29:19', NULL, 11),
(8, 'Aниматоры для детей', '2023-05-29 18:29:07', '2023-05-29 18:29:07', NULL, 11),
(9, 'Семейный отдых', '2023-05-30 02:34:40', '2023-05-30 02:34:40', NULL, 18),
(10, 'Детская комната', '2023-05-30 02:35:02', '2023-05-30 02:35:02', NULL, 18),
(11, 'Бассейн с гидромассажем', '2023-05-30 02:35:30', '2023-05-30 02:35:30', NULL, 18),
(12, 'Развитая инфраструктура', '2023-05-30 02:36:12', '2023-05-30 02:36:12', NULL, 18),
(13, 'Парковка', '2023-05-30 02:37:11', '2023-05-30 02:37:11', NULL, 18),
(14, 'В центре города', '2023-06-08 17:12:42', '2023-06-08 17:12:42', NULL, 25),
(15, 'До пляжа 300 м', '2023-06-08 17:13:49', '2023-06-08 17:13:49', NULL, 25),
(16, 'Услуги питания', '2023-06-08 17:14:09', '2023-06-08 17:14:09', NULL, 25),
(17, 'Безупречный комфорт', '2023-06-08 17:14:44', '2023-06-08 17:14:44', NULL, 25),
(18, 'Постройка 2022 года', '2023-06-08 17:15:16', '2023-06-08 17:15:16', NULL, 25),
(19, '600 м до пляжа', '2023-06-09 16:33:45', '2023-06-09 16:33:45', NULL, 26),
(20, 'Отдых с детьми', '2023-06-09 16:34:17', '2023-06-09 16:34:17', NULL, 26),
(21, 'Возможен трансфер', '2023-06-09 16:34:27', '2023-06-09 16:34:27', NULL, 26),
(22, '30 минут от центра', '2023-06-09 16:35:42', '2023-06-09 16:35:42', NULL, 26),
(23, 'Номера с удобствами', '2023-06-09 16:36:07', '2023-06-09 16:36:07', NULL, 26),
(24, 'Удобное расположение', '2023-06-28 06:47:33', '2023-06-28 06:47:33', NULL, 28),
(25, 'Высокий уровень сервиса', '2023-06-28 06:47:56', '2023-06-28 06:47:56', NULL, 28),
(26, 'Доступные цены', '2023-06-28 06:48:04', '2023-06-28 06:48:04', NULL, 28),
(27, 'Концепция отеля', '2023-06-28 06:48:22', '2023-06-28 06:48:22', NULL, 28),
(28, 'Питание', '2023-06-28 06:48:29', '2023-06-28 06:48:29', NULL, 28),
(29, 'Уютные номера', '2023-07-06 18:38:05', '2023-07-06 18:38:05', NULL, 34),
(30, 'Бесплатная парковка', '2023-07-06 18:38:18', '2023-07-06 18:38:18', NULL, 34),
(31, 'Большой двор', '2023-07-06 18:38:35', '2023-07-06 18:38:35', NULL, 34),
(32, 'Мангальная зона', '2023-07-06 18:38:45', '2023-07-06 18:38:45', NULL, 34),
(33, 'До моря 50 м', '2023-07-06 18:39:10', '2023-07-06 18:39:10', NULL, 34),
(34, 'Парковка', '2023-07-09 04:57:13', '2023-07-09 04:57:13', NULL, 24),
(35, 'Можно с животными', '2023-07-09 04:57:22', '2023-07-09 04:57:22', NULL, 24),
(36, 'Общая кухня', '2023-07-09 04:57:43', '2023-07-09 04:57:43', NULL, 24),
(37, 'Бассейн', '2023-07-09 04:57:51', '2023-07-09 04:57:51', NULL, 24),
(38, 'Мангальная зона', '2023-07-09 04:58:29', '2023-07-09 04:59:11', '2023-07-09 04:59:11', 24),
(39, 'Мангальная зона', '2023-07-09 04:59:21', '2023-07-09 04:59:21', NULL, 24),
(40, 'Национальная еда', '2023-07-09 08:37:18', '2023-07-09 08:37:18', NULL, 36),
(41, 'Рядом магазины', '2023-07-09 08:38:22', '2023-07-09 08:38:22', NULL, 36),
(42, 'Изделия ручной работы', '2023-07-09 08:39:08', '2023-07-09 08:39:08', NULL, 36),
(43, 'Вид на горы', '2023-07-09 08:40:05', '2023-07-09 08:40:05', NULL, 36),
(44, 'Гидам проживание бесплатно', '2023-07-09 08:40:32', '2023-07-09 08:40:32', NULL, 36);

-- --------------------------------------------------------

--
-- Структура таблицы `hostel_card_tag_cards`
--

CREATE TABLE `hostel_card_tag_cards` (
  `id` bigint UNSIGNED NOT NULL,
  `hostel_card_id` bigint UNSIGNED NOT NULL,
  `hostel_cardTag_id` bigint UNSIGNED NOT NULL,
  `created_at` timestamp NULL DEFAULT NULL,
  `updated_at` timestamp NULL DEFAULT NULL
) ENGINE=InnoDB DEFAULT CHARSET=utf8mb4 COLLATE=utf8mb4_unicode_ci;

--
-- Дамп данных таблицы `hostel_card_tag_cards`
--

INSERT INTO `hostel_card_tag_cards` (`id`, `hostel_card_id`, `hostel_cardTag_id`, `created_at`, `updated_at`) VALUES
(1, 1, 1, NULL, NULL),
(2, 1, 2, NULL, NULL),
(3, 1, 3, NULL, NULL),
(4, 1, 4, NULL, NULL),
(5, 1, 5, NULL, NULL),
(6, 2, 6, NULL, NULL),
(7, 2, 7, NULL, NULL),
(8, 2, 8, NULL, NULL),
(9, 3, 9, NULL, NULL),
(10, 3, 10, NULL, NULL),
(11, 3, 11, NULL, NULL),
(12, 3, 12, NULL, NULL),
(13, 3, 13, NULL, NULL),
(14, 6, 14, NULL, NULL),
(15, 6, 15, NULL, NULL),
(16, 6, 16, NULL, NULL),
(17, 6, 17, NULL, NULL),
(18, 6, 18, NULL, NULL),
(19, 7, 19, NULL, NULL),
(20, 7, 20, NULL, NULL),
(21, 7, 21, NULL, NULL),
(22, 7, 22, NULL, NULL),
(23, 7, 23, NULL, NULL),
(24, 8, 29, NULL, NULL),
(25, 8, 30, NULL, NULL),
(26, 8, 31, NULL, NULL),
(27, 8, 32, NULL, NULL),
(28, 8, 33, NULL, NULL),
(29, 9, 24, NULL, NULL),
(30, 9, 25, NULL, NULL),
(31, 9, 26, NULL, NULL),
(32, 9, 27, NULL, NULL),
(33, 9, 28, NULL, NULL),
(34, 4, 34, NULL, NULL),
(35, 4, 35, NULL, NULL),
(36, 4, 36, NULL, NULL),
(37, 4, 37, NULL, NULL),
(38, 4, 39, NULL, NULL),
(39, 5, 34, NULL, NULL),
(40, 5, 35, NULL, NULL),
(41, 5, 36, NULL, NULL),
(42, 5, 37, NULL, NULL),
(43, 5, 39, NULL, NULL),
(44, 10, 34, NULL, NULL),
(45, 10, 35, NULL, NULL),
(46, 10, 36, NULL, NULL),
(47, 10, 37, NULL, NULL),
(48, 10, 39, NULL, NULL),
(49, 11, 40, NULL, NULL),
(50, 11, 41, NULL, NULL),
(51, 11, 42, NULL, NULL),
(52, 11, 43, NULL, NULL),
(53, 11, 44, NULL, NULL);

-- --------------------------------------------------------

--
-- Структура таблицы `hostel_categories`
--

CREATE TABLE `hostel_categories` (
  `id` bigint UNSIGNED NOT NULL,
  `title` varchar(255) COLLATE utf8mb4_unicode_ci NOT NULL,
  `created_at` timestamp NULL DEFAULT NULL,
  `updated_at` timestamp NULL DEFAULT NULL,
  `deleted_at` timestamp NULL DEFAULT NULL,
  `user_id` bigint UNSIGNED DEFAULT NULL
) ENGINE=InnoDB DEFAULT CHARSET=utf8mb4 COLLATE=utf8mb4_unicode_ci;

--
-- Дамп данных таблицы `hostel_categories`
--

INSERT INTO `hostel_categories` (`id`, `title`, `created_at`, `updated_at`, `deleted_at`, `user_id`) VALUES
(1, 'Одноместные номера', '2023-02-22 08:57:09', '2023-02-22 08:57:09', NULL, 5),
(2, 'Двухместные номера', '2023-02-22 08:57:20', '2023-02-22 08:57:20', NULL, 5),
(3, 'Двухместные люкс', '2023-02-22 08:57:34', '2023-02-22 08:57:34', NULL, 5),
(4, 'с детьми можно жить', '2023-03-01 09:53:47', '2023-03-02 12:50:24', '2023-03-02 12:50:24', 5),
(5, 'VIp 3-х местный', '2023-03-20 13:48:53', '2023-05-29 19:08:33', '2023-05-29 19:08:33', 11),
(6, 'VIP 3-х местный 2-х комнатный', '2023-03-20 15:38:23', '2023-05-29 19:08:35', '2023-05-29 19:08:35', 11),
(7, '2-х местный улучшенный в первом корпусе', '2023-03-20 15:38:48', '2023-05-29 19:08:37', '2023-05-29 19:08:37', 11),
(8, '4-х местный улучшенный в первом корпусе', '2023-03-20 15:39:28', '2023-05-29 18:39:38', NULL, 11),
(9, 'Дом с 2-я спальнями', '2023-03-20 15:40:45', '2023-05-29 19:08:41', '2023-05-29 19:08:41', 11),
(10, '2-х местный улучшенный в первом корпусе', '2023-05-29 19:08:56', '2023-05-29 19:08:56', NULL, 11),
(11, '3-х местный улучшенный в новом корпусе', '2023-05-29 19:09:11', '2023-05-29 19:09:11', NULL, 11),
(12, '3-х местный VIP в новом корпусе', '2023-05-29 19:09:22', '2023-05-29 19:09:22', NULL, 11),
(13, '4-х местный 2х комнатный VIP в новом корпусе', '2023-05-29 19:09:35', '2023-05-29 19:09:35', NULL, 11),
(14, 'Домик для отдыха', '2023-05-29 19:09:48', '2023-05-29 19:09:48', NULL, 11),
(15, 'Двухместный стандарт', '2023-05-30 18:12:29', '2023-05-30 18:12:29', NULL, 18),
(16, 'Трехместный стандарт', '2023-05-30 18:12:39', '2023-05-30 18:12:39', NULL, 18),
(17, 'Четырехместный стандарт', '2023-05-30 18:13:02', '2023-05-30 18:13:02', NULL, 18),
(18, '\"Премиум\" 4-х местный', '2023-05-30 18:13:24', '2023-05-30 18:13:51', NULL, 18),
(19, '\"Люкс\" 4-х местный', '2023-05-30 18:14:17', '2023-05-30 18:14:17', NULL, 18),
(20, '\"Студио\" 4-х местный', '2023-05-30 18:14:39', '2023-05-30 18:14:39', NULL, 18),
(21, 'Трехместный комфорт', '2023-05-30 18:14:59', '2023-05-30 18:14:59', NULL, 18),
(22, 'Улучшенный стандарт с балконом', '2023-06-08 17:22:00', '2023-06-08 17:22:00', NULL, 25),
(23, 'Двухместный Стандарт с балконом', '2023-06-08 17:22:12', '2023-06-08 17:22:12', NULL, 25),
(24, 'Двухкомнатный люкс', '2023-06-08 17:22:26', '2023-06-08 17:22:26', NULL, 25),
(25, 'Семейный номер', '2023-06-08 17:22:37', '2023-06-08 17:22:37', NULL, 25),
(26, 'Стандартный двухместный номер', '2023-06-09 17:10:13', '2023-06-09 17:10:13', NULL, 26),
(27, 'Стандартный трёхместный номер', '2023-06-09 17:10:28', '2023-06-09 17:10:28', NULL, 26),
(28, 'Улучшенный двухместный номер', '2023-06-09 17:10:41', '2023-06-09 17:10:41', NULL, 26),
(29, 'Делюкс', '2023-06-09 17:11:01', '2023-06-09 17:11:01', NULL, 26),
(30, 'Семейный', '2023-06-09 17:11:14', '2023-06-09 17:11:14', NULL, 26),
(31, 'Люкс на первом этаже', '2023-06-09 17:11:25', '2023-06-09 17:11:25', NULL, 26),
(32, 'Люкс с видом на море', '2023-06-09 17:11:37', '2023-06-09 17:11:37', NULL, 26),
(33, 'Семейный', '2023-07-06 18:43:59', '2023-07-06 18:45:00', NULL, 34),
(34, 'Комфорт одноместный', '2023-07-07 06:07:56', '2023-07-07 06:07:56', NULL, 28),
(35, 'Комфорт двухместный', '2023-07-07 06:08:11', '2023-07-07 06:08:11', NULL, 28),
(36, 'Люкс', '2023-07-07 06:08:25', '2023-07-07 06:08:25', NULL, 28),
(37, 'Делюкс', '2023-07-07 06:08:34', '2023-07-07 06:08:34', NULL, 28),
(38, '4-х местный', '2023-07-09 08:46:00', '2023-07-09 09:04:07', NULL, 36),
(39, '3-х местный', '2023-07-09 08:46:22', '2023-07-09 09:04:31', NULL, 36),
(40, '2-х местный в мансарде', '2023-07-09 08:46:36', '2023-07-09 09:04:51', NULL, 36);

-- --------------------------------------------------------

--
-- Структура таблицы `hostel_images`
--

CREATE TABLE `hostel_images` (
  `id` bigint UNSIGNED NOT NULL,
  `hostel_post_id` bigint UNSIGNED NOT NULL,
  `images` varchar(255) COLLATE utf8mb4_unicode_ci NOT NULL,
  `created_at` timestamp NULL DEFAULT NULL,
  `updated_at` timestamp NULL DEFAULT NULL
) ENGINE=InnoDB DEFAULT CHARSET=utf8mb4 COLLATE=utf8mb4_unicode_ci;

--
-- Дамп данных таблицы `hostel_images`
--

INSERT INTO `hostel_images` (`id`, `hostel_post_id`, `images`, `created_at`, `updated_at`) VALUES
(4, 4, 'с детьми-main_image-1677675287706.jpg', '2023-03-01 09:54:47', '2023-03-01 09:54:47'),
(5, 4, 'с детьми-main_image-1677675287250.jpg', '2023-03-01 09:54:47', '2023-03-01 09:54:47'),
(12, 7, 'ВИП 3-х местный-main_image-1679338665950.jpg', '2023-03-20 15:57:45', '2023-03-20 15:57:45'),
(13, 8, '4-х местный улучшенный комфортности-main_image-1679338916632.jpg', '2023-03-20 16:01:56', '2023-03-20 16:01:56'),
(14, 9, '3-х местный номер улучшенной комфортности-main_image-1679339199363.jpg', '2023-03-20 16:06:39', '2023-03-20 16:06:39'),
(16, 1, '-main_image-1679650765633.jpg', '2023-03-24 06:39:25', '2023-03-24 06:39:25'),
(17, 1, '-main_image-1679650765202.jpg', '2023-03-24 06:39:25', '2023-03-24 06:39:25'),
(18, 2, '-main_image-1679650828118.jpg', '2023-03-24 06:40:28', '2023-03-24 06:40:28'),
(19, 3, '-main_image-1679650845854.jpg', '2023-03-24 06:40:45', '2023-03-24 06:40:45'),
(20, 5, '-main_image-1685397795985.jpg', '2023-05-29 19:03:15', '2023-05-29 19:03:15'),
(21, 5, '-main_image-1685397803907.jpg', '2023-05-29 19:03:23', '2023-05-29 19:03:23'),
(22, 5, '-main_image-1685397808120.jpg', '2023-05-29 19:03:28', '2023-05-29 19:03:28'),
(23, 10, '2-х местный улучшенный в первом корпусе-main_image-1685399002131.webp', '2023-05-29 19:23:22', '2023-05-29 19:23:22'),
(24, 10, '-main_image-1685399020247.webp', '2023-05-29 19:23:40', '2023-05-29 19:23:40'),
(25, 11, '3-х местный улучшенный в новом корпусе-main_image-1685399391574.webp', '2023-05-29 19:29:51', '2023-05-29 19:29:51'),
(26, 11, '-main_image-1685399423363.webp', '2023-05-29 19:30:23', '2023-05-29 19:30:23'),
(27, 11, '-main_image-16853994298.webp', '2023-05-29 19:30:29', '2023-05-29 19:30:29'),
(28, 12, '3-х местный VIP в новом корпусе-main_image-1685399788899.webp', '2023-05-29 19:36:28', '2023-05-29 19:36:28'),
(29, 12, '-main_image-1685399811753.webp', '2023-05-29 19:36:51', '2023-05-29 19:36:51'),
(30, 12, '-main_image-1685399816414.webp', '2023-05-29 19:36:56', '2023-05-29 19:36:56'),
(31, 13, '4-х местный 2х комнатный VIP в новом корпусе-main_image-1685400238753.jpg', '2023-05-29 19:43:58', '2023-05-29 19:43:58'),
(32, 13, '-main_image-1685400263651.webp', '2023-05-29 19:44:23', '2023-05-29 19:44:23'),
(33, 13, '-main_image-1685400270306.jpg', '2023-05-29 19:44:30', '2023-05-29 19:44:30'),
(34, 14, 'Домик для отдыха-main_image-1685400624536.webp', '2023-05-29 19:50:24', '2023-05-29 19:50:24'),
(35, 14, '-main_image-1685400642897.webp', '2023-05-29 19:50:42', '2023-05-29 19:50:42'),
(36, 14, '-main_image-1685400648222.webp', '2023-05-29 19:50:48', '2023-05-29 19:50:48'),
(37, 15, 'Двухместный стандарт-main_image-1685597031976.jpg', '2023-06-01 02:23:51', '2023-06-01 02:23:51'),
(38, 15, '-main_image-1685597052987.jpg', '2023-06-01 02:24:12', '2023-06-01 02:24:12'),
(40, 15, '-main_image-1685597507377.jpg', '2023-06-01 02:31:47', '2023-06-01 02:31:47'),
(41, 15, '-main_image-1685597593924.jpg', '2023-06-01 02:33:13', '2023-06-01 02:33:13'),
(42, 16, 'Трехместный стандарт-main_image-1685605402477.jpg', '2023-06-01 04:43:22', '2023-06-01 04:43:22'),
(43, 16, '-main_image-1685605429656.jpg', '2023-06-01 04:43:49', '2023-06-01 04:43:49'),
(44, 16, '-main_image-1685605536797.jpg', '2023-06-01 04:45:36', '2023-06-01 04:45:36'),
(45, 17, 'Четырехместный стандарт-main_image-1685605667598.jpg', '2023-06-01 04:47:47', '2023-06-01 04:47:47'),
(46, 17, '-main_image-1685605687335.jpg', '2023-06-01 04:48:07', '2023-06-01 04:48:07'),
(47, 17, '-main_image-1685605698777.jpg', '2023-06-01 04:48:18', '2023-06-01 04:48:18'),
(48, 18, '\"Премиум\" 4-х местный-main_image-16856071137.jpg', '2023-06-01 05:11:53', '2023-06-01 05:11:53'),
(49, 18, '-main_image-1685607273480.jpg', '2023-06-01 05:14:33', '2023-06-01 05:14:33'),
(50, 18, '-main_image-1685607283239.jpg', '2023-06-01 05:14:43', '2023-06-01 05:14:43'),
(51, 19, '\"Люкс\" 4-х местный-main_image-1685607643475.jpg', '2023-06-01 05:20:43', '2023-06-01 05:20:43'),
(52, 19, '-main_image-1685607731865.jpg', '2023-06-01 05:22:11', '2023-06-01 05:22:11'),
(53, 19, '-main_image-1685607746840.jpg', '2023-06-01 05:22:26', '2023-06-01 05:22:26'),
(54, 20, '\"Студио\" 4-х местный-main_image-1685611320131.jpg', '2023-06-01 06:22:00', '2023-06-01 06:22:00'),
(55, 20, '-main_image-1685611538777.jpg', '2023-06-01 06:25:38', '2023-06-01 06:25:38'),
(56, 20, '-main_image-1685611551750.jpg', '2023-06-01 06:25:51', '2023-06-01 06:25:51'),
(57, 21, 'Трехместный комфорт-main_image-1685612066820.jpg', '2023-06-01 06:34:26', '2023-06-01 06:34:26'),
(58, 21, '-main_image-1685612101172.jpg', '2023-06-01 06:35:01', '2023-06-01 06:35:01'),
(59, 21, '-main_image-1685612239367.jpg', '2023-06-01 06:37:19', '2023-06-01 06:37:19'),
(60, 22, 'Улучшенный стандарт с балконом-main_image-1686256688467.jpg', '2023-06-08 17:38:08', '2023-06-08 17:38:08'),
(61, 22, '-main_image-1686256704255.jpg', '2023-06-08 17:38:24', '2023-06-08 17:38:24'),
(62, 22, '-main_image-1686256710810.jpg', '2023-06-08 17:38:30', '2023-06-08 17:38:30'),
(63, 23, 'Двухместный стандарт с балконом-main_image-1686257070449.jpg', '2023-06-08 17:44:30', '2023-06-08 17:44:30'),
(64, 23, '-main_image-1686257118485.jpg', '2023-06-08 17:45:18', '2023-06-08 17:45:18'),
(65, 23, '-main_image-1686257124552.jpg', '2023-06-08 17:45:24', '2023-06-08 17:45:24'),
(66, 24, 'Двухкомнатный люкс-main_image-1686257460695.jpg', '2023-06-08 17:51:00', '2023-06-08 17:51:00'),
(67, 24, '-main_image-1686257480429.jpg', '2023-06-08 17:51:20', '2023-06-08 17:51:20'),
(68, 24, '-main_image-1686257486291.jpg', '2023-06-08 17:51:26', '2023-06-08 17:51:26'),
(69, 24, '-main_image-1686257502194.jpg', '2023-06-08 17:51:42', '2023-06-08 17:51:42'),
(70, 25, 'Семейный номер-main_image-1686257874539.jpg', '2023-06-08 17:57:54', '2023-06-08 17:57:54'),
(71, 26, 'Стандартный двухместный номер-main_image-168660142252.webp', '2023-06-12 17:23:42', '2023-06-12 17:23:42'),
(72, 26, '-main_image-1686601435367.webp', '2023-06-12 17:23:55', '2023-06-12 17:23:55'),
(73, 26, '-main_image-1686601444356.webp', '2023-06-12 17:24:04', '2023-06-12 17:24:04'),
(74, 27, 'Стандартный трехместный номер-main_image-1686601744284.webp', '2023-06-12 17:29:04', '2023-06-12 17:29:04'),
(75, 27, '-main_image-1686601765432.webp', '2023-06-12 17:29:25', '2023-06-12 17:29:25'),
(76, 28, 'Улучшенный двухместный номер-main_image-1686643033598.webp', '2023-06-13 04:57:13', '2023-06-13 04:57:13'),
(77, 28, '-main_image-1686643084102.webp', '2023-06-13 04:58:04', '2023-06-13 04:58:04'),
(78, 28, '-main_image-16866430917.webp', '2023-06-13 04:58:11', '2023-06-13 04:58:11'),
(79, 29, 'Делюкс-main_image-168664337381.webp', '2023-06-13 05:02:53', '2023-06-13 05:02:53'),
(80, 29, '-main_image-1686643495825.webp', '2023-06-13 05:04:55', '2023-06-13 05:04:55'),
(81, 29, '-main_image-1686643501669.webp', '2023-06-13 05:05:01', '2023-06-13 05:05:01'),
(82, 30, 'Семейный-main_image-1686643707533.webp', '2023-06-13 05:08:27', '2023-06-13 05:08:27'),
(83, 30, '-main_image-168664376534.webp', '2023-06-13 05:09:25', '2023-06-13 05:09:25'),
(84, 30, '-main_image-1686643774854.webp', '2023-06-13 05:09:34', '2023-06-13 05:09:34'),
(85, 31, 'Люкс на первом этаже-main_image-1686643990639.webp', '2023-06-13 05:13:10', '2023-06-13 05:13:10'),
(86, 31, '-main_image-1686644005571.webp', '2023-06-13 05:13:25', '2023-06-13 05:13:25'),
(87, 31, '-main_image-1686644014673.webp', '2023-06-13 05:13:34', '2023-06-13 05:13:34'),
(88, 32, 'Люкс с видом на море-main_image-1686644231996.webp', '2023-06-13 05:17:11', '2023-06-13 05:17:11'),
(89, 32, '-main_image-1686644252907.webp', '2023-06-13 05:17:32', '2023-06-13 05:17:32'),
(90, 32, '-main_image-1686644263782.webp', '2023-06-13 05:17:43', '2023-06-13 05:17:43'),
(91, 33, 'Номер с двуспальной кроватью-main_image-1688680006234.jpg', '2023-07-06 18:46:46', '2023-07-06 18:46:46'),
(92, 33, '-main_image-1688680036414.jpg', '2023-07-06 18:47:16', '2023-07-06 18:47:16'),
(93, 33, '-main_image-1688680049131.jpg', '2023-07-06 18:47:29', '2023-07-06 18:47:29'),
(94, 34, 'Комфорт одноместный-main_image-1688724888814.jpg', '2023-07-07 07:14:48', '2023-07-07 07:14:48'),
(95, 35, 'Комфорт двухместный-main_image-1688724963927.jpg', '2023-07-07 07:16:03', '2023-07-07 07:16:03'),
(96, 35, '-main_image-1688724985904.jpg', '2023-07-07 07:16:25', '2023-07-07 07:16:25'),
(97, 35, '-main_image-1688724997947.jpg', '2023-07-07 07:16:37', '2023-07-07 07:16:37'),
(98, 36, 'Люкс-main_image-1688725092733.jpg', '2023-07-07 07:18:12', '2023-07-07 07:18:12'),
(99, 36, '-main_image-1688725113489.jpg', '2023-07-07 07:18:33', '2023-07-07 07:18:33'),
(100, 36, '-main_image-168872512498.jpg', '2023-07-07 07:18:44', '2023-07-07 07:18:44'),
(101, 37, 'Делюкс-main_image-1688725194562.jpg', '2023-07-07 07:19:54', '2023-07-07 07:19:54'),
(102, 37, '-main_image-1688725213633.jpg', '2023-07-07 07:20:13', '2023-07-07 07:20:13'),
(103, 37, '-main_image-1688725226118.jpg', '2023-07-07 07:20:26', '2023-07-07 07:20:26'),
(104, 38, 'Номер в мансарде с видом на горы-main_image-1688904406569.png', '2023-07-09 09:06:46', '2023-07-09 09:06:46'),
(105, 39, '3-местная спальня-main_image-1688904565742.png', '2023-07-09 09:09:25', '2023-07-09 09:09:25'),
(106, 40, '4-местный номер-main_image-168890465385.png', '2023-07-09 09:10:53', '2023-07-09 09:10:53'),
(107, 41, 'Романтик-main_image-1709020450208.jpg', '2024-02-27 04:54:10', '2024-02-27 04:54:10');

-- --------------------------------------------------------

--
-- Структура таблицы `hostel_posts`
--

CREATE TABLE `hostel_posts` (
  `id` bigint UNSIGNED NOT NULL,
  `title` varchar(255) COLLATE utf8mb4_unicode_ci NOT NULL,
  `content` text COLLATE utf8mb4_unicode_ci NOT NULL,
  `price` int NOT NULL,
  `hostel_category_id` bigint UNSIGNED DEFAULT NULL,
  `created_at` timestamp NULL DEFAULT NULL,
  `updated_at` timestamp NULL DEFAULT NULL,
  `user_id` bigint UNSIGNED DEFAULT NULL,
  `deleted_at` timestamp NULL DEFAULT NULL,
  `hostel_preview_image` varchar(255) COLLATE utf8mb4_unicode_ci DEFAULT NULL,
  `berth` varchar(255) COLLATE utf8mb4_unicode_ci DEFAULT NULL
) ENGINE=InnoDB DEFAULT CHARSET=utf8mb4 COLLATE=utf8mb4_unicode_ci;

--
-- Дамп данных таблицы `hostel_posts`
--

INSERT INTO `hostel_posts` (`id`, `title`, `content`, `price`, `hostel_category_id`, `created_at`, `updated_at`, `user_id`, `deleted_at`, `hostel_preview_image`, `berth`) VALUES
(1, 'Двухместный люкс', '<p>Двухместный люкс&nbsp;<br></p>', 2900, 3, '2023-02-22 09:00:12', '2023-03-24 06:39:03', 5, NULL, 'hostel_images/dRUjum0WNdAh2qMC0Gyh2RfeoASNiNhsSVhBRjzO.jpg', '2'),
(2, 'Двухместный', '<p>Двухместный&nbsp;<br></p>', 1900, 3, '2023-02-22 09:06:00', '2023-03-24 06:39:39', 5, NULL, 'hostel_images/qRiSG3xalNawrvfsl1hsPtpZQUmFMsuY5FRdnwHJ.jpg', '2'),
(3, 'Одноместный', '<p>Одноместный&nbsp; &nbsp;<br></p>', 1200, 1, '2023-02-22 09:07:12', '2023-03-24 06:39:52', 5, NULL, 'hostel_images/pqEyFAjJXoDp9pyB7WFZSe2lXS9gBDR18CUb4rNq.jpg', '1'),
(4, 'с детьми вот сюда выводит', '<p>с детьми&nbsp;<br></p>', 123, 4, '2023-03-01 09:54:47', '2023-03-01 10:11:53', 5, '2023-03-01 10:11:53', 'hostel_images/si4L3yD7aTUylGvwFTiStXn4WBaIqTgaUBmRbu0Q.jpg', '10'),
(5, '4-х местный улучшенный в первом корпусе', '<p><span style=\"color: rgb(0, 0, 0); font-family: Ubuntu, Arial, sans-serif; font-size: 24px; font-weight: 600;\">4-х местный улучшенный в первом корпусе</span><br></p>', 2710, 8, '2023-03-20 14:42:17', '2023-05-29 19:06:46', 11, NULL, 'hostel_images/57IMtffqztbm76o7jN4jFmUdXntlPQ2Ub5zMH0GU.jpg', '4'),
(6, 'Двухместный улучшеннойкомфортности', '<p>Номер с 2 спальными местами ,ЖК телевизор, сплит система, холодильник, сейф</p><br>', 2500, 5, '2023-03-20 15:21:44', '2023-05-29 18:57:14', 11, '2023-05-29 18:57:14', 'hostel_images/Mcf66Mt4jikjE5wxqwcn5tbur8KG7lkNGC8JNFBm.jpg', '2'),
(7, 'ВИП 3-х местный', '<p>3 основных спальных места , микроволновка ,ЖК телевизор ,сейф, шкаф, собственный мангал, Бассейн</p>', 5000, 5, '2023-03-20 15:57:45', '2023-05-29 18:57:12', 11, '2023-05-29 18:57:12', 'hostel_images/ozaeVMD2ssw2tn1uE1cvCZTSNyGMKXYZG6bkpn35.jpg', '3'),
(8, '4-х местный улучшенный комфортности', '<p>4 основных места , микроволновка ,ЖК телевизор ,сейф, сплит система , шкаф ,фен</p>', 3500, 8, '2023-03-20 16:01:56', '2023-05-29 18:57:10', 11, '2023-05-29 18:57:10', 'hostel_images/Eb7XBsQnVfp4yRyHK99z54ftje65BA7C1en1UZ2A.jpg', '4'),
(9, '3-х местный номер улучшенной комфортности', '<p>3 основных места,2 одноместные и 1 двухместная кровать ,сплит система ,ЖК телевизор , микроволновка ,сейф, шкаф,</p>', 3500, 8, '2023-03-20 16:06:39', '2023-05-29 18:57:08', 11, '2023-05-29 18:57:08', 'hostel_images/LaWSlDEIIr8zx6z0yOdX2WLxpnu5sv3EVtv4UIC2.jpg', '3'),
(10, '2-х местный улучшенный в первом корпусе', '<p class=\"MsoNormal\"><b><span style=\"font-size:18.0pt;line-height:107%;\r\nfont-family:&quot;Arial&quot;,sans-serif;color:black;background:#EFEFEF\">2-х местный\r\nулучшенный в первом корпусе</span><o:p></o:p></b></p>', 1710, 10, '2023-05-29 19:23:22', '2023-05-29 19:23:22', 11, NULL, 'hostel_images/JEextNiWfwMCTFqBr74mTWFvHI0k5Vb1bmuVzsfi.jpg', '2'),
(11, '3-х местный улучшенный в новом корпусе', '<p class=\"MsoNormal\"><b><span style=\"font-size:18.0pt;line-height:107%;\r\nfont-family:&quot;Arial&quot;,sans-serif;color:black\">3-х местный улучшенный в новом\r\nкорпусе</span><o:p></o:p></b></p>', 2210, 11, '2023-05-29 19:29:51', '2023-05-29 19:29:51', 11, NULL, 'hostel_images/SfGrJUW4rmfJQaAcgDd5wKdhp31ggkORaGomni8I.webp', '3'),
(12, '3-х местный VIP в новом корпусе', '<p class=\"MsoNormal\"><b><span style=\"font-size:18.0pt;line-height:107%;\r\nfont-family:&quot;Arial&quot;,sans-serif;color:black;background:#EFEFEF\">3-х местный VIP\r\nв новом корпусе</span><o:p></o:p></b></p>', 3710, 12, '2023-05-29 19:36:28', '2023-05-29 19:36:28', 11, NULL, 'hostel_images/0NLELhcQoTqER6yax3RrNiuAXsRgof6gwafYbxMw.webp', '3'),
(13, '4-х местный 2х комнатный VIP в новом корпусе', '<p class=\"MsoNormal\"><b><span style=\"font-size:18.0pt;line-height:107%;\r\nfont-family:&quot;Arial&quot;,sans-serif\">4-х местный 2х комнатный VIP в новом корпусе</span><o:p></o:p></b></p>', 4710, 13, '2023-05-29 19:43:58', '2023-05-29 19:43:58', 11, NULL, 'hostel_images/Er1Xgk6WvlU44wvCRI1kAFETU1jSYHo1MKMY3tem.jpg', '4'),
(14, 'Домик для отдыха', '<p class=\"MsoNormal\"><strong><span style=\"font-size:18.0pt;line-height:107%;\r\nfont-family:&quot;Arial&quot;,sans-serif;color:black\">Домик для отдыха<o:p></o:p></span></strong></p>', 3710, 14, '2023-05-29 19:50:24', '2023-05-29 19:50:24', 11, NULL, 'hostel_images/sEtBRbHLZOPKvoSyofZ2diCLdVrdTj78Vay6YqH4.webp', '4'),
(15, 'Двухместный стандарт', '<p>Двухместный стандарт<br></p>', 7920, 15, '2023-06-01 02:23:51', '2023-07-05 06:06:31', 18, NULL, 'hostel_images/6iVAObZu4yMre8qOGMOrXANVsQiflVS43hQKV0Om.jpg', '2'),
(16, 'Трехместный стандарт', '<p>Трехместный стандарт<br></p>', 7920, 16, '2023-06-01 04:43:22', '2023-07-05 06:06:41', 18, NULL, 'hostel_images/gqHtOL3uRN38XTJVshPXAbNiO6ztvEaM1AIfXsdU.jpg', '3'),
(17, 'Четырехместный стандарт', '<p>Четырехместный стандарт<br></p>', 9720, 17, '2023-06-01 04:47:47', '2023-07-05 06:07:01', 18, NULL, 'hostel_images/0lWhtBw37DvYOkxj8ql51w277GfP2mwNDehLEJqo.jpg', '4'),
(18, '\"Премиум\" 4-х местный', '<p>\"Премиум\" 4-х местный<br></p>', 10380, 18, '2023-06-01 05:11:53', '2023-07-05 06:07:30', 18, NULL, 'hostel_images/NDfMO1gYj5c5hXRKRy8QQCDVAnT7Q0qtYsAVydXh.jpg', '4'),
(19, '\"Люкс\" 4-х местный', '<p>\"Люкс\" 4-х местный<br></p>', 11760, 19, '2023-06-01 05:20:43', '2023-07-05 06:07:51', 18, NULL, 'hostel_images/keLmGxeCOTfKtGk57ALSFAWJGgUqJVLabaeH6Xkh.jpg', '4'),
(20, '\"Студио\" 4-х местный', '<p>\"Студио\" 4-х местный<br></p>', 9720, 20, '2023-06-01 06:22:00', '2023-07-05 06:08:14', 18, NULL, 'hostel_images/2Hki4ILpnwQsrkl41ajFE66TAY8Qi2vcqvQDY5Hv.jpg', '4'),
(21, 'Трехместный комфорт', '<p>Трехместный комфорт<br></p>', 9120, 21, '2023-06-01 06:34:26', '2023-07-05 06:08:32', 18, NULL, 'hostel_images/yBCIe7JyB0In8gkS1qkwg6FijEhEhzq7TCsfmKce.jpg', '3'),
(22, 'Улучшенный стандарт с балконом', '<p>Улучшенный стандарт с балконом<br></p>', 4000, 22, '2023-06-08 17:38:08', '2023-06-08 17:38:08', 25, NULL, 'hostel_images/ijFpgCtH8oSRnNOIazn6IaB7SpWUQW7z29MtuDx9.jpg', '3'),
(23, 'Двухместный стандарт с балконом', '<p>Двухместный стандарт с балконом</p>', 2500, 23, '2023-06-08 17:44:30', '2023-06-08 17:44:30', 25, NULL, 'hostel_images/ezotqyVszeeTrT1iWViEthqa9F7eQMEGD8m23EQ2.jpg', '2'),
(24, 'Двухкомнатный люкс', '<p>Двухкомнатный люкс<br></p>', 6000, 24, '2023-06-08 17:50:59', '2023-06-08 17:50:59', 25, NULL, 'hostel_images/0LuEEKjTE0tlmXdudS0YyaO9shmouEmyan5doDmb.jpg', '4'),
(25, 'Семейный номер', '<p>Семейный номер<br></p>', 4500, 25, '2023-06-08 17:57:54', '2023-06-08 17:57:54', 25, NULL, 'hostel_images/bE4O5yfYHVOCvqZAYcJ1LxdqF7M8aPXbKvr1W7Hy.jpg', '4'),
(26, 'Стандартный двухместный номер', '<p>Стандартный двухместный номер<br></p>', 1200, 26, '2023-06-12 17:23:42', '2023-06-12 17:29:14', 26, NULL, 'hostel_images/cGp8rVnWfBW4FCjiHgMxatrZdWj2RFL5FhI6dF10.webp', '2'),
(27, 'Стандартный трехместный номер', '<p>Стандартный трехместный номер<br></p>', 1500, 27, '2023-06-12 17:29:04', '2023-06-12 17:29:04', 26, NULL, 'hostel_images/Hz8XPFS0BMRqE8d5e0WHUuv82qo9ioEmRS9EpR4f.webp', '3'),
(28, 'Улучшенный двухместный номер', '<p>Улучшенный двухместный номер<br></p>', 2000, 28, '2023-06-13 04:57:13', '2023-06-13 04:57:13', 26, NULL, 'hostel_images/qqQQvh57mbrOJ7zk5ZmUpyjJ9eooAebMOgSqrYZ3.webp', '2'),
(29, 'Делюкс', '<p>Делюкс</p>', 2200, 29, '2023-06-13 05:02:53', '2023-06-13 05:02:53', 26, NULL, 'hostel_images/bz9kpD4YLeShgmsv4utCl3Sili05naarWVdGtsId.webp', '2'),
(30, 'Семейный', '<p>Семейный</p>', 3000, 30, '2023-06-13 05:08:27', '2023-06-13 05:08:27', 26, NULL, 'hostel_images/UsCqaZ2HGagBq1YOoGDhdhNdwfwVACYx4DmgkIWn.webp', '4'),
(31, 'Люкс на первом этаже', '<p>Люкс на первом этаже<br></p>', 3500, 31, '2023-06-13 05:13:10', '2023-06-13 05:13:10', 26, NULL, 'hostel_images/ad7FirlbdIDXeXAdsEBguypEUr4Y7n3Tfg86SY0W.webp', '4'),
(32, 'Люкс с видом на море', '<p>Люкс с видом на море<br></p>', 4000, 32, '2023-06-13 05:17:11', '2023-06-13 05:17:11', 26, NULL, 'hostel_images/2xgLbYbhef5hAJzmU9WSiHZolVv1ZQLjnkmsJOLH.webp', '4'),
(33, 'Номер с двуспальной кроватью', '<p>Номер с двуспальной кроватью<br></p>', 4000, 33, '2023-07-06 18:46:46', '2023-07-06 18:46:46', 34, NULL, 'hostel_images/EL7asNogU3sOVIPzJFbfVCzCsuQgp1bS0L1Co6SG.jpg', '3'),
(34, 'Комфорт одноместный', '<p>Комфорт одноместный<br></p>', 5000, 34, '2023-07-07 07:14:48', '2023-07-07 07:14:48', 28, NULL, 'hostel_images/UfQMD20Yb8CTJ4rK8MUiaGSvozDulKyO3ZTCTSvD.jpg', '1'),
(35, 'Комфорт двухместный', '<p>Комфорт двухместный<br></p>', 5900, 35, '2023-07-07 07:16:03', '2023-07-07 07:16:03', 28, NULL, 'hostel_images/kqODZpZ2XrO5cDRHgKHAftxSLqWWIGBkP0iAqrQY.jpg', '2'),
(36, 'Люкс', '<p>Люкс<br></p>', 7900, 36, '2023-07-07 07:18:12', '2023-07-07 07:18:12', 28, NULL, 'hostel_images/uHuMJXRHUXbN0HTcAEt3e5zZTarqwwh8tWBKMgII.jpg', '2'),
(37, 'Делюкс', '<p>Делюкс<br></p>', 6900, 37, '2023-07-07 07:19:54', '2023-07-07 07:19:54', 28, NULL, 'hostel_images/GlSVe6q34mAz4nCGebDo6aGTxJ24lS5ovrDvZCTd.jpg', '2'),
(38, 'Номер в мансарде с видом на горы', '<p><a href=\"https://kven-ochag.clients.site/service/nomer-v-mansarde-s-vidom-na-gory/TYCOON_5452182732\" style=\"border-width: 0px; border-style: solid; border-color: rgb(226, 232, 240); background: 0px 0px rgb(255, 255, 255); color: inherit; text-decoration: inherit; outline: dotted thin; font-family: &quot;YS Text&quot;, &quot;Helvetica Neue&quot;, Arial, sans-serif; font-size: medium;\"></a></p><div class=\"services-item-filled__name\" data-name=\"item-name\" style=\"box-sizing: border-box; border-width: 0px; border-style: solid; border-color: rgb(226, 232, 240); font-size: 16px; line-height: 24px; font-weight: 400; display: -webkit-box; overflow: hidden; -webkit-box-orient: vertical; -webkit-line-clamp: 2; max-height: 48px; margin: 16px 0px 4px; word-break: break-word;\">Номер в мансарде с видом на горы</div>', 3000, 40, '2023-07-09 09:06:46', '2023-07-09 09:06:46', 36, NULL, 'hostel_images/KmmfuBBgfSRTFHNhcIU8IxYXaHayoj8onNwHFbdm.png', '2'),
(39, '3-местная спальня', '<font color=\"#323555\" face=\"YS Text, Helvetica Neue, Arial, sans-serif\"><span style=\"font-size: 28px;\">3-местная спальня</span></font><br>', 3000, 39, '2023-07-09 09:09:25', '2023-07-09 09:09:25', 36, NULL, 'hostel_images/3A5p8dNDa3jvaSlp4D4OeDYMccEkLESfGk3uotMN.png', '3'),
(40, '4-местный номер', '<p><span style=\"color: rgb(50, 53, 85); font-family: &quot;YS Text&quot;, &quot;Helvetica Neue&quot;, Arial, sans-serif; font-size: 28px; font-weight: 700;\">4-местный номер</span><br></p>', 6000, 38, '2023-07-09 09:10:53', '2023-07-09 09:10:53', 36, NULL, 'hostel_images/bMjv1OSXSaP7dcaue7PKBRkD3buigvJbKm02zJtn.png', '4'),
(41, 'Романтикs', '<p>Чудесный уютный номер-люкс для двоих</p>', 3500, 3, '2024-02-27 04:54:10', '2024-10-15 07:47:05', 5, NULL, 'hostel_images/ogk4dlwfNGYDshtYhuzvXuMIIwgrxgSDgaNbce5D.jpg', '2');

-- --------------------------------------------------------

--
-- Структура таблицы `hostel_post_tags`
--

CREATE TABLE `hostel_post_tags` (
  `id` bigint UNSIGNED NOT NULL,
  `hostel_post_id` bigint UNSIGNED NOT NULL,
  `hostel_tag_id` bigint UNSIGNED NOT NULL,
  `created_at` timestamp NULL DEFAULT NULL,
  `updated_at` timestamp NULL DEFAULT NULL
) ENGINE=InnoDB DEFAULT CHARSET=utf8mb4 COLLATE=utf8mb4_unicode_ci;

--
-- Дамп данных таблицы `hostel_post_tags`
--

INSERT INTO `hostel_post_tags` (`id`, `hostel_post_id`, `hostel_tag_id`, `created_at`, `updated_at`) VALUES
(1, 1, 2, NULL, NULL),
(2, 1, 3, NULL, NULL),
(3, 1, 4, NULL, NULL),
(4, 1, 6, NULL, NULL),
(5, 2, 2, NULL, NULL),
(6, 2, 3, NULL, NULL),
(7, 2, 4, NULL, NULL),
(8, 3, 1, NULL, NULL),
(9, 3, 2, NULL, NULL),
(10, 3, 3, NULL, NULL),
(11, 4, 2, NULL, NULL),
(12, 4, 4, NULL, NULL),
(13, 4, 3, NULL, NULL),
(14, 4, 5, NULL, NULL),
(15, 4, 6, NULL, NULL),
(16, 5, 7, NULL, NULL),
(17, 6, 7, NULL, NULL),
(18, 7, 7, NULL, NULL),
(19, 5, 8, NULL, NULL),
(21, 5, 10, NULL, NULL),
(22, 8, 7, NULL, NULL),
(23, 8, 8, NULL, NULL),
(24, 9, 8, NULL, NULL),
(25, 9, 9, NULL, NULL),
(26, 9, 10, NULL, NULL),
(27, 5, 11, NULL, NULL),
(28, 10, 7, NULL, NULL),
(29, 10, 8, NULL, NULL),
(31, 10, 10, NULL, NULL),
(32, 10, 11, NULL, NULL),
(33, 11, 7, NULL, NULL),
(34, 11, 8, NULL, NULL),
(35, 11, 10, NULL, NULL),
(36, 11, 11, NULL, NULL),
(37, 12, 7, NULL, NULL),
(38, 12, 8, NULL, NULL),
(39, 12, 10, NULL, NULL),
(40, 12, 11, NULL, NULL),
(41, 13, 7, NULL, NULL),
(42, 13, 8, NULL, NULL),
(43, 13, 10, NULL, NULL),
(44, 13, 11, NULL, NULL),
(45, 14, 7, NULL, NULL),
(46, 14, 8, NULL, NULL),
(47, 14, 10, NULL, NULL),
(48, 14, 11, NULL, NULL),
(49, 15, 13, NULL, NULL),
(50, 15, 14, NULL, NULL),
(51, 15, 16, NULL, NULL),
(52, 15, 17, NULL, NULL),
(53, 15, 18, NULL, NULL),
(54, 16, 13, NULL, NULL),
(55, 16, 14, NULL, NULL),
(56, 16, 16, NULL, NULL),
(57, 16, 17, NULL, NULL),
(58, 16, 18, NULL, NULL),
(59, 17, 13, NULL, NULL),
(60, 17, 14, NULL, NULL),
(61, 17, 16, NULL, NULL),
(62, 17, 17, NULL, NULL),
(63, 17, 18, NULL, NULL),
(64, 18, 13, NULL, NULL),
(65, 18, 18, NULL, NULL),
(66, 18, 19, NULL, NULL),
(67, 18, 20, NULL, NULL),
(68, 18, 21, NULL, NULL),
(69, 19, 19, NULL, NULL),
(70, 19, 20, NULL, NULL),
(71, 19, 21, NULL, NULL),
(72, 19, 13, NULL, NULL),
(73, 19, 22, NULL, NULL),
(74, 20, 21, NULL, NULL),
(75, 20, 19, NULL, NULL),
(76, 20, 22, NULL, NULL),
(77, 20, 23, NULL, NULL),
(78, 20, 24, NULL, NULL),
(79, 21, 13, NULL, NULL),
(80, 21, 18, NULL, NULL),
(81, 21, 19, NULL, NULL),
(82, 21, 20, NULL, NULL),
(83, 21, 21, NULL, NULL),
(84, 22, 25, NULL, NULL),
(86, 22, 32, NULL, NULL),
(87, 22, 33, NULL, NULL),
(88, 22, 34, NULL, NULL),
(89, 23, 25, NULL, NULL),
(90, 23, 32, NULL, NULL),
(91, 23, 33, NULL, NULL),
(92, 23, 34, NULL, NULL),
(93, 23, 35, NULL, NULL),
(94, 22, 35, NULL, NULL),
(95, 24, 32, NULL, NULL),
(96, 24, 33, NULL, NULL),
(97, 24, 35, NULL, NULL),
(98, 24, 36, NULL, NULL),
(99, 24, 37, NULL, NULL),
(100, 25, 25, NULL, NULL),
(101, 25, 32, NULL, NULL),
(102, 25, 33, NULL, NULL),
(103, 25, 34, NULL, NULL),
(104, 25, 35, NULL, NULL),
(105, 26, 39, NULL, NULL),
(106, 26, 40, NULL, NULL),
(107, 26, 41, NULL, NULL),
(108, 26, 42, NULL, NULL),
(109, 26, 43, NULL, NULL),
(110, 27, 38, NULL, NULL),
(111, 27, 40, NULL, NULL),
(112, 27, 41, NULL, NULL),
(113, 27, 42, NULL, NULL),
(114, 27, 44, NULL, NULL),
(116, 28, 40, NULL, NULL),
(117, 28, 41, NULL, NULL),
(118, 28, 42, NULL, NULL),
(119, 28, 43, NULL, NULL),
(120, 28, 50, NULL, NULL),
(121, 29, 40, NULL, NULL),
(122, 29, 41, NULL, NULL),
(123, 29, 42, NULL, NULL),
(124, 29, 45, NULL, NULL),
(125, 29, 50, NULL, NULL),
(126, 30, 40, NULL, NULL),
(127, 30, 41, NULL, NULL),
(128, 30, 46, NULL, NULL),
(129, 30, 47, NULL, NULL),
(130, 30, 50, NULL, NULL),
(131, 31, 40, NULL, NULL),
(132, 31, 41, NULL, NULL),
(133, 31, 42, NULL, NULL),
(134, 31, 46, NULL, NULL),
(135, 31, 48, NULL, NULL),
(136, 32, 40, NULL, NULL),
(137, 32, 41, NULL, NULL),
(138, 32, 46, NULL, NULL),
(139, 32, 48, NULL, NULL),
(140, 32, 50, NULL, NULL),
(141, 33, 51, NULL, NULL),
(142, 33, 52, NULL, NULL),
(143, 33, 53, NULL, NULL),
(144, 33, 54, NULL, NULL),
(145, 33, 55, NULL, NULL),
(146, 34, 56, NULL, NULL),
(147, 34, 57, NULL, NULL),
(148, 34, 58, NULL, NULL),
(149, 34, 59, NULL, NULL),
(150, 34, 60, NULL, NULL),
(151, 35, 56, NULL, NULL),
(152, 35, 57, NULL, NULL),
(153, 35, 58, NULL, NULL),
(154, 35, 59, NULL, NULL),
(155, 35, 60, NULL, NULL),
(156, 36, 56, NULL, NULL),
(157, 36, 57, NULL, NULL),
(158, 36, 58, NULL, NULL),
(159, 36, 59, NULL, NULL),
(160, 36, 60, NULL, NULL),
(161, 37, 56, NULL, NULL),
(162, 37, 57, NULL, NULL),
(163, 37, 58, NULL, NULL),
(164, 37, 59, NULL, NULL),
(165, 37, 60, NULL, NULL),
(166, 38, 61, NULL, NULL),
(167, 38, 62, NULL, NULL),
(168, 38, 65, NULL, NULL),
(169, 38, 66, NULL, NULL),
(170, 38, 67, NULL, NULL),
(171, 39, 61, NULL, NULL),
(172, 39, 62, NULL, NULL),
(173, 39, 64, NULL, NULL),
(174, 39, 65, NULL, NULL),
(175, 39, 67, NULL, NULL),
(176, 40, 61, NULL, NULL),
(177, 40, 62, NULL, NULL),
(178, 40, 63, NULL, NULL),
(179, 40, 65, NULL, NULL),
(180, 40, 67, NULL, NULL),
(181, 41, 1, NULL, NULL),
(182, 41, 2, NULL, NULL),
(183, 41, 3, NULL, NULL);

-- --------------------------------------------------------

--
-- Структура таблицы `hostel_servics`
--

CREATE TABLE `hostel_servics` (
  `id` bigint UNSIGNED NOT NULL,
  `title` varchar(255) COLLATE utf8mb4_unicode_ci NOT NULL,
  `user_id` bigint UNSIGNED DEFAULT NULL,
  `created_at` timestamp NULL DEFAULT NULL,
  `updated_at` timestamp NULL DEFAULT NULL
) ENGINE=InnoDB DEFAULT CHARSET=utf8mb4 COLLATE=utf8mb4_unicode_ci;

--
-- Дамп данных таблицы `hostel_servics`
--

INSERT INTO `hostel_servics` (`id`, `title`, `user_id`, `created_at`, `updated_at`) VALUES
(2, 'мини-бар', 5, '2023-02-22 08:40:28', '2023-02-22 08:40:28'),
(3, 'зеркало', 5, '2023-02-22 08:40:35', '2023-02-22 08:40:35'),
(4, 'сейф', 5, '2023-02-22 08:40:41', '2023-02-22 08:40:41'),
(5, 'ресторан', 5, '2023-02-22 08:40:46', '2023-02-22 08:40:46'),
(6, 'автостоянка', 5, '2023-02-22 08:40:53', '2023-02-22 08:40:53'),
(7, 'утюг', 5, '2023-02-22 08:41:00', '2023-02-22 08:41:00'),
(8, 'телевизор', 5, '2023-02-22 08:41:07', '2023-02-22 08:41:07'),
(9, 'кухня', 5, '2023-02-22 08:41:14', '2023-02-22 08:41:14'),
(10, 'Полотенце', 5, '2023-02-22 08:41:21', '2023-02-22 08:41:21'),
(11, 'Современные номера', 11, '2023-03-20 14:35:02', '2023-03-20 14:35:02'),
(12, 'Кондиционер', 11, '2023-03-20 14:35:13', '2023-03-20 14:35:13'),
(13, 'ЖК телевизор', 11, '2023-03-20 14:35:25', '2023-05-29 19:15:15'),
(14, 'Мини-холодильник', 11, '2023-03-20 14:35:37', '2023-05-29 19:15:31'),
(15, 'Санузел', 11, '2023-03-20 14:35:49', '2023-05-29 19:15:47'),
(16, 'Бесплатный wi-fi', 11, '2023-03-20 14:36:02', '2023-05-29 19:16:01'),
(17, 'Сейф', 11, '2023-03-20 17:21:58', '2023-05-29 19:16:28'),
(22, 'Открытая терраса', 18, '2023-05-30 02:28:15', '2023-05-30 02:28:15'),
(23, 'Цифровое телевидение', 18, '2023-05-30 02:28:23', '2023-05-30 02:28:23'),
(24, 'Wi-Fi', 18, '2023-05-30 02:28:46', '2023-05-30 02:28:46'),
(25, 'Детская комната', 18, '2023-05-30 02:29:00', '2023-05-30 02:29:00'),
(26, 'Видеонаблюдение', 18, '2023-05-30 02:29:16', '2023-05-30 02:29:16'),
(27, 'Трансфер', 18, '2023-05-30 02:30:55', '2023-05-30 18:27:34'),
(28, 'Парковка', 18, '2023-05-30 02:31:26', '2023-05-30 18:27:48'),
(29, 'Общая кухня', 24, '2023-06-07 17:04:28', '2023-06-07 17:05:10'),
(30, 'Удобное заселение', 24, '2023-06-07 17:04:58', '2023-06-07 17:40:53'),
(31, 'Удобное расположение', 24, '2023-06-07 17:06:05', '2023-06-07 17:06:05'),
(32, 'Можно с животными', 24, '2023-06-07 17:06:30', '2023-06-07 17:06:30'),
(33, 'Мангальная зона', 24, '2023-06-07 17:07:06', '2023-06-07 17:41:24'),
(34, 'Бесплатный Wi-Fi', 24, '2023-06-07 17:07:36', '2023-06-07 17:07:36'),
(35, 'Бассейн', 24, '2023-06-07 17:08:16', '2023-06-07 17:08:16'),
(36, 'Ресторан-пиццерия', 25, '2023-06-08 17:09:12', '2023-06-08 17:09:12'),
(37, 'Искренний сервис', 25, '2023-06-08 17:09:42', '2023-06-08 17:09:42'),
(38, 'Безупречная чистота', 25, '2023-06-08 17:09:54', '2023-06-08 17:09:54'),
(39, 'Эксклюзивные картины', 25, '2023-06-08 17:10:27', '2023-06-08 17:10:27'),
(40, 'Дизайнерский интерьер', 25, '2023-06-08 17:10:37', '2023-06-08 17:10:37'),
(41, 'Бесплатная парковка', 25, '2023-06-08 17:11:03', '2023-06-08 17:11:03'),
(42, 'Круглосуточная регистрация', 26, '2023-06-09 16:28:53', '2023-06-09 16:28:53'),
(43, 'Регулярная уборка', 26, '2023-06-09 16:29:19', '2023-06-09 16:29:19'),
(44, 'Бесплатный Wi-Fi', 26, '2023-06-09 16:29:42', '2023-06-09 16:29:42'),
(45, 'Кухня для гостей', 26, '2023-06-09 16:29:57', '2023-06-09 16:29:57'),
(46, 'Подогреваемый бассейн', 26, '2023-06-09 16:30:19', '2023-06-09 16:30:19'),
(47, 'Детская площадка', 26, '2023-06-09 16:30:30', '2023-06-09 16:30:30'),
(48, 'Глажка и сушка', 26, '2023-06-09 16:30:57', '2023-06-09 16:30:57'),
(49, 'Уличные беседки', 26, '2023-06-09 16:31:10', '2023-06-09 16:31:10'),
(50, 'Мангальные зоны', 26, '2023-06-09 16:31:21', '2023-06-09 16:31:21'),
(51, 'Бесплатная парковка', 26, '2023-06-09 16:31:37', '2023-06-09 16:31:37'),
(52, 'Спутниковое ТВ', 26, '2023-06-09 16:31:46', '2023-06-09 16:31:46'),
(53, 'Кресло-кровать', 26, '2023-06-13 05:03:11', '2023-06-13 05:03:11'),
(54, 'Французский балкон', 26, '2023-06-13 05:03:25', '2023-06-13 05:03:25'),
(55, 'Удобное расположение', 28, '2023-06-28 06:44:35', '2023-06-28 06:44:35'),
(56, 'Высокий уровень сервиса', 28, '2023-06-28 06:44:44', '2023-06-28 06:44:44'),
(57, 'Концепция отеля', 28, '2023-06-28 06:45:17', '2023-06-28 06:45:17'),
(58, 'Доступные цены', 28, '2023-06-28 06:45:31', '2023-06-28 06:45:31'),
(59, 'Интерьер в этно-стиле', 28, '2023-06-28 06:45:40', '2023-06-28 06:45:40'),
(60, 'Питание', 28, '2023-06-28 06:45:50', '2023-06-28 06:45:50'),
(61, 'Уютные номера', 34, '2023-07-06 18:35:20', '2023-07-06 18:35:20'),
(62, 'Индивидуальный санузел', 34, '2023-07-06 18:35:42', '2023-07-06 18:35:42'),
(63, 'Кухня', 34, '2023-07-06 18:35:50', '2023-07-06 18:35:50'),
(64, 'Бесплатная парковка', 34, '2023-07-06 18:36:15', '2023-07-06 18:36:15'),
(65, 'Большой двор', 34, '2023-07-06 18:36:26', '2023-07-06 18:36:26'),
(66, 'Мангальная зона', 34, '2023-07-06 18:36:50', '2023-07-06 18:36:50'),
(67, 'До моря 50 м', 34, '2023-07-06 18:37:03', '2023-07-06 18:37:03'),
(68, 'Парковка', 36, '2023-07-09 08:34:09', '2023-07-09 08:34:09'),
(69, 'Wi-Fi', 36, '2023-07-09 08:35:26', '2023-07-09 08:35:26'),
(70, 'Кафе', 36, '2023-07-09 08:35:34', '2023-07-09 08:35:34'),
(71, 'Фруктовый сад', 36, '2023-07-09 08:35:43', '2023-07-09 08:35:43'),
(72, 'Обслуживающий персонал', 36, '2023-07-09 08:36:29', '2023-07-09 08:36:29'),
(73, 'бесейн', 5, '2024-02-27 05:11:43', '2024-02-27 05:11:43');

-- --------------------------------------------------------

--
-- Структура таблицы `hostel_tags`
--

CREATE TABLE `hostel_tags` (
  `id` bigint UNSIGNED NOT NULL,
  `title` varchar(255) COLLATE utf8mb4_unicode_ci NOT NULL,
  `created_at` timestamp NULL DEFAULT NULL,
  `updated_at` timestamp NULL DEFAULT NULL,
  `deleted_at` timestamp NULL DEFAULT NULL,
  `user_id` bigint UNSIGNED DEFAULT NULL
) ENGINE=InnoDB DEFAULT CHARSET=utf8mb4 COLLATE=utf8mb4_unicode_ci;

--
-- Дамп данных таблицы `hostel_tags`
--

INSERT INTO `hostel_tags` (`id`, `title`, `created_at`, `updated_at`, `deleted_at`, `user_id`) VALUES
(1, 'кровать односпальная', '2023-02-22 08:55:39', '2023-02-22 08:55:52', NULL, 5),
(2, 'душ', '2023-02-22 08:56:02', '2023-02-22 08:56:02', NULL, 5),
(3, 'телевизор', '2023-02-22 08:56:10', '2023-02-22 08:56:10', NULL, 5),
(4, 'кровать двуспальная', '2023-02-22 08:56:21', '2023-02-22 08:56:21', NULL, 5),
(5, 'сейф', '2023-02-22 08:56:33', '2023-02-22 08:56:33', NULL, 5),
(6, '2 комнаты', '2023-02-22 08:56:46', '2023-02-22 08:56:46', NULL, 5),
(7, 'Уборка номера', '2023-03-20 14:39:10', '2023-03-20 15:58:49', NULL, 11),
(8, 'Замена постель', '2023-03-20 15:59:18', '2023-04-07 08:05:04', NULL, 11),
(9, 'Замена полотенец', '2023-03-20 15:59:41', '2023-03-20 15:59:41', NULL, 11),
(10, 'Влажная уборка', '2023-03-20 15:59:52', '2023-03-20 15:59:52', NULL, 11),
(11, 'Стирка', '2023-03-24 09:18:30', '2023-05-29 18:48:14', NULL, 11),
(12, 'Трансфер от остановки в ст.Благовещенская', '2023-03-24 09:19:08', '2023-05-29 18:48:28', NULL, 11),
(13, 'Балкон', '2023-05-30 18:09:10', '2023-05-30 18:09:10', NULL, 18),
(14, 'Телевизор', '2023-05-30 18:09:18', '2023-05-30 18:09:18', NULL, 18),
(15, 'Wi-Fi', '2023-05-30 18:09:33', '2023-05-30 18:10:36', '2023-05-30 18:10:36', 18),
(16, 'Односпальная кровать', '2023-05-30 18:10:57', '2023-05-30 18:10:57', NULL, 18),
(17, 'Двуспальная кровать', '2023-05-30 18:11:08', '2023-05-30 18:11:08', NULL, 18),
(18, 'Холодильник', '2023-05-30 18:11:45', '2023-05-30 18:11:45', NULL, 18),
(19, 'Спутниковое ТВ', '2023-06-01 05:12:47', '2023-06-01 05:12:47', NULL, 18),
(20, 'Сейф', '2023-06-01 05:12:56', '2023-06-01 05:12:56', NULL, 18),
(21, 'Климат-контроль', '2023-06-01 05:13:23', '2023-06-01 05:13:23', NULL, 18),
(22, 'Две комнаты', '2023-06-01 05:21:24', '2023-06-01 05:21:24', NULL, 18),
(23, 'Двухъярусная кровать', '2023-06-01 06:24:02', '2023-06-01 06:24:02', NULL, 18),
(24, 'Панорамные окна', '2023-06-01 06:24:25', '2023-06-01 06:24:25', NULL, 18),
(25, 'Плоский ТВ', '2023-06-08 17:16:22', '2023-06-08 17:16:22', NULL, 25),
(26, 'Шторы блэкаут', '2023-06-08 17:16:42', '2023-06-08 17:16:42', NULL, 25),
(27, '2 тумбочки', '2023-06-08 17:16:58', '2023-06-08 17:16:58', NULL, 25),
(28, 'Зеркало', '2023-06-08 17:17:05', '2023-06-08 17:17:05', NULL, 25),
(29, 'Шкаф', '2023-06-08 17:17:31', '2023-06-08 17:17:31', NULL, 25),
(30, 'Письменный стол', '2023-06-08 17:17:40', '2023-06-08 17:17:40', NULL, 25),
(31, 'Стул', '2023-06-08 17:17:46', '2023-06-08 17:17:46', NULL, 25),
(32, 'Чайная станция', '2023-06-08 17:18:00', '2023-06-08 17:18:00', NULL, 25),
(33, 'Холодильник', '2023-06-08 17:18:09', '2023-06-08 17:18:09', NULL, 25),
(34, 'Кондиционер', '2023-06-08 17:18:39', '2023-06-08 17:18:39', NULL, 25),
(35, 'Балкон', '2023-06-08 17:18:50', '2023-06-08 17:18:50', NULL, 25),
(36, '2 плоских ТВ', '2023-06-08 17:19:44', '2023-06-08 17:19:44', NULL, 25),
(37, '2 конциционера', '2023-06-08 17:20:03', '2023-06-08 17:20:03', NULL, 25),
(38, 'Санузел с душевой кабиной', '2023-06-09 17:03:44', '2023-06-09 17:03:44', NULL, 26),
(39, 'Детское кресло', '2023-06-09 17:04:15', '2023-06-09 17:04:15', NULL, 26),
(40, 'Кондиционер', '2023-06-09 17:04:37', '2023-06-09 17:04:37', NULL, 26),
(41, 'Холодильник', '2023-06-09 17:04:45', '2023-06-09 17:04:45', NULL, 26),
(42, 'Телевизор', '2023-06-09 17:05:16', '2023-06-09 17:05:16', NULL, 26),
(43, 'Набор для чаепития', '2023-06-09 17:05:32', '2023-06-09 17:05:32', NULL, 26),
(44, 'Мебель на балконе', '2023-06-09 17:05:51', '2023-06-09 17:05:51', NULL, 26),
(45, 'Кресло-кровать', '2023-06-09 17:06:26', '2023-06-09 17:06:26', NULL, 26),
(46, 'Раскладной диван', '2023-06-09 17:06:57', '2023-06-09 17:06:57', NULL, 26),
(47, 'Фен', '2023-06-09 17:07:11', '2023-06-09 17:07:11', NULL, 26),
(48, 'Микроволновая печь', '2023-06-09 17:07:53', '2023-06-09 17:07:53', NULL, 26),
(49, 'Сейф', '2023-06-09 17:08:17', '2023-06-09 17:08:17', NULL, 26),
(50, 'Вид на море', '2023-06-13 04:57:29', '2023-06-13 04:57:29', NULL, 26),
(51, 'Кровать', '2023-07-06 18:41:40', '2023-07-06 18:41:40', NULL, 34),
(52, 'Стол', '2023-07-06 18:41:49', '2023-07-06 18:41:49', NULL, 34),
(53, 'Стул', '2023-07-06 18:41:56', '2023-07-06 18:41:56', NULL, 34),
(54, 'Диван', '2023-07-06 18:42:05', '2023-07-06 18:42:05', NULL, 34),
(55, 'Телевизор', '2023-07-06 18:43:08', '2023-07-06 18:43:08', NULL, 34),
(56, 'Wi-Fi', '2023-07-07 07:11:42', '2023-07-07 07:11:42', NULL, 28),
(57, 'Smart TV', '2023-07-07 07:11:54', '2023-07-07 07:11:54', NULL, 28),
(58, 'Кондиционер', '2023-07-07 07:12:23', '2023-07-07 07:12:23', NULL, 28),
(59, 'Сейф', '2023-07-07 07:12:31', '2023-07-07 07:12:31', NULL, 28),
(60, 'Холодильник', '2023-07-07 07:12:44', '2023-07-07 07:12:44', NULL, 28),
(61, 'Ортопедический матрац', '2023-07-09 08:41:50', '2023-07-09 08:41:50', NULL, 36),
(62, 'Кондиционер', '2023-07-09 08:42:15', '2023-07-09 08:42:15', NULL, 36),
(63, 'Балкон', '2023-07-09 08:42:23', '2023-07-09 08:42:23', NULL, 36),
(64, 'Диван', '2023-07-09 08:43:25', '2023-07-09 08:43:25', NULL, 36),
(65, 'Кровать', '2023-07-09 08:43:36', '2023-07-09 08:44:33', NULL, 36),
(66, 'Мансардная спальня', '2023-07-09 08:44:46', '2023-07-09 08:44:46', NULL, 36),
(67, 'Телевизор', '2023-07-09 08:47:13', '2023-07-09 08:47:13', NULL, 36),
(68, 'принтер', '2024-02-27 05:07:28', '2024-02-27 05:07:28', NULL, 5);

-- --------------------------------------------------------

--
-- Структура таблицы `images`
--

CREATE TABLE `images` (
  `id` bigint UNSIGNED NOT NULL,
  `post_id` bigint UNSIGNED NOT NULL,
  `images` varchar(255) COLLATE utf8mb4_unicode_ci NOT NULL,
  `created_at` timestamp NULL DEFAULT NULL,
  `updated_at` timestamp NULL DEFAULT NULL
) ENGINE=InnoDB DEFAULT CHARSET=utf8mb4 COLLATE=utf8mb4_unicode_ci;

--
-- Дамп данных таблицы `images`
--

INSERT INTO `images` (`id`, `post_id`, `images`, `created_at`, `updated_at`) VALUES
(2, 3, 'Туристические тренды в этом году! пост №2-main_image-1678715812681.jpg', '2023-03-13 10:56:52', '2023-03-13 10:56:52'),
(5, 5, 'Здоровье поколений. Формирование мозга-main_image-1680858271171.jpg', '2023-04-07 06:04:31', '2023-04-07 06:04:31'),
(6, 6, 'сс-main_image-1680858746328.jpg', '2023-04-07 06:12:26', '2023-04-07 06:12:26'),
(7, 7, 'Здоровье поколений. Формирование мозга-main_image-1680869377829.jpg', '2023-04-07 09:09:37', '2023-04-07 09:09:37'),
(9, 2, '-main_image-1687254356266.jpg', '2023-06-20 06:45:56', '2023-06-20 06:45:56'),
(10, 8, '-main_image-1687254429409.jpg', '2023-06-20 06:47:09', '2023-06-20 06:47:09'),
(11, 4, '-main_image-1687257067305.jpg', '2023-06-20 07:31:07', '2023-06-20 07:31:07'),
(12, 9, 'Статья для руководителей компаний-main_image-171620822492.jpg', '2024-05-20 09:30:24', '2024-05-20 09:30:24');

-- --------------------------------------------------------

--
-- Структура таблицы `medical_actions`
--

CREATE TABLE `medical_actions` (
  `id` bigint UNSIGNED NOT NULL,
  `title` varchar(255) COLLATE utf8mb4_unicode_ci NOT NULL,
  `user_id` bigint UNSIGNED DEFAULT NULL,
  `created_at` timestamp NULL DEFAULT NULL,
  `updated_at` timestamp NULL DEFAULT NULL
) ENGINE=InnoDB DEFAULT CHARSET=utf8mb4 COLLATE=utf8mb4_unicode_ci;

--
-- Дамп данных таблицы `medical_actions`
--

INSERT INTO `medical_actions` (`id`, `title`, `user_id`, `created_at`, `updated_at`) VALUES
(1, 'акция №1', 2, '2023-02-27 12:47:22', '2023-02-27 12:47:22'),
(2, 'акция №2', 2, '2023-02-27 12:47:26', '2023-02-27 12:47:26'),
(3, 'акция №3', 2, '2023-02-27 12:47:30', '2023-02-27 12:47:30'),
(4, 'Преференция 1', 14, '2023-06-01 07:21:34', '2023-06-01 07:21:34'),
(5, 'Преференция 2', 14, '2023-06-01 07:21:42', '2023-06-01 07:21:42'),
(6, 'Преференция 1', 32, '2023-07-06 04:37:30', '2023-07-06 04:37:30'),
(7, 'Преференция 2', 32, '2023-07-06 04:37:41', '2023-07-06 04:37:41'),
(8, 'Преференция 3', 14, '2024-01-25 07:52:58', '2024-01-25 07:52:58');

-- --------------------------------------------------------

--
-- Структура таблицы `medical_cards`
--

CREATE TABLE `medical_cards` (
  `id` bigint UNSIGNED NOT NULL,
  `title` varchar(255) COLLATE utf8mb4_unicode_ci NOT NULL,
  `content` varchar(255) COLLATE utf8mb4_unicode_ci NOT NULL,
  `desc` varchar(255) COLLATE utf8mb4_unicode_ci NOT NULL,
  `link` varchar(255) COLLATE utf8mb4_unicode_ci NOT NULL,
  `name_link` varchar(255) COLLATE utf8mb4_unicode_ci NOT NULL,
  `address` varchar(255) COLLATE utf8mb4_unicode_ci NOT NULL,
  `coordinate_l` varchar(255) COLLATE utf8mb4_unicode_ci NOT NULL,
  `coordinate_r` varchar(255) COLLATE utf8mb4_unicode_ci NOT NULL,
  `preview_image` varchar(255) COLLATE utf8mb4_unicode_ci DEFAULT NULL,
  `logo` varchar(255) COLLATE utf8mb4_unicode_ci DEFAULT NULL,
  `phone` bigint UNSIGNED DEFAULT NULL,
  `user_id` bigint UNSIGNED DEFAULT NULL,
  `type_id` bigint UNSIGNED DEFAULT NULL,
  `district_id` bigint UNSIGNED DEFAULT NULL,
  `republic_id` bigint UNSIGNED DEFAULT NULL,
  `city_id` bigint UNSIGNED DEFAULT NULL,
  `created_at` timestamp NULL DEFAULT NULL,
  `updated_at` timestamp NULL DEFAULT NULL,
  `deleted_at` timestamp NULL DEFAULT NULL,
  `user_email` varchar(255) COLLATE utf8mb4_unicode_ci DEFAULT NULL
) ENGINE=InnoDB DEFAULT CHARSET=utf8mb4 COLLATE=utf8mb4_unicode_ci;

--
-- Дамп данных таблицы `medical_cards`
--

INSERT INTO `medical_cards` (`id`, `title`, `content`, `desc`, `link`, `name_link`, `address`, `coordinate_l`, `coordinate_r`, `preview_image`, `logo`, `phone`, `user_id`, `type_id`, `district_id`, `republic_id`, `city_id`, `created_at`, `updated_at`, `deleted_at`, `user_email`) VALUES
(2, 'Медицинский центр', 'Наша клиника оказывает полный перечень услуг в разных областях. В штате только лучшие врачи, мы заботимся о пациентах и делаем все чтобы они были здоровы.', 'Лучший Медицинский центр в Москве', 'http://127.0.0.1:8000/catalog/medical/1', 'Медицинский центр', 'Россия, Москва, Ленинградский проспект 25', '55.78640412844504', '37.5730546278467', 'medical_images_card/EyiOJRNs6wUPi7sgQoMJVhGrrlJBri6NiemLHDDP.jpg', 'medical_images_card/2PTENnHRTwEDA3pPhjs8U5ELup37W1v1Z9grZFNk.jpg', 74957688834, 2, 1, 7, 10, 17, '2023-02-04 13:02:47', '2024-09-06 07:34:30', NULL, 'klimashevskijvova@gmail.com'),
(3, 'Клиника \"Семерида\"', 'Нам удалось собрать команду высококлассных специалистов. Мы рады, что на наших глазах выздоравливает, укрепляет свое здоровье все больше довольных гостей. Мы очень дорожим нашими пациентами.\r\nПриходите к нам! Будем рады видеть вас!', 'Клиника \"Семерида\" - это профессионалы в индустрии красоты и здоровья. Выбирая нас, вы выбираете свое будущее.', 'https://www.semerida-msk.ru', 'https://www.semerida-msk.ru', 'Россия, г. Москва, Малый Головин переулок, 5, метро “Чистые пруды”, \"Тургеневская\", \"Сретенский бульвар\", \"Сухаревская\"', '55.769221', '37.634613', 'medical_images_card/wSkU0SPbTnrEQEWADsx35uiLWdfJvmaJqIYezkUn.jpg', 'medical_images_card/nDXp4rciLl10VB3oUVu7HhczSnm8GyH2S0UaJpxc.jpg', 74956329888, 14, 1, 7, 10, 17, '2023-06-01 07:29:23', '2024-09-06 08:41:16', NULL, 'admin@mail.ru'),
(4, 'sss', 'qwe', 'qwe', 'http://127.0.0.1:8000/', '375173478834', 'Беларусь, Минск, проспект Победителей 17', '53.910346570631795', '27.54740399999998', 'medical_images_card/ffzl9rFYO47TZyqsOSWaG1qJmnyOb2GQN6Eu5AJh.jpg', 'medical_images_card/4xnZp5ypyDMlm9G8NSHlI1lKRvtTJqFxxBENIBbd.jpg', 375173478834, 2, 1, 3, 1, 1, '2023-07-06 06:04:48', '2023-07-06 06:05:43', '2023-07-06 06:05:43', 'medical111@mail.ru'),
(5, 'bolinetanapa@yandex.ru', 'bolinetanapa@yandex.ru', 'bolinetanapa@yandex.ru', 'http://127.0.0.1:8000/', 'Медицинский центр', 'Беларусь, Минск, проспект Победителей 17', '53.910346570631795', '27.54740399999998', 'medical_images_card/3RFT5SK4leUlLH7wIYsu4fhkGLM2cRbYHVmibEn1.jpg', 'medical_images_card/37ImQT1o5Y3Ys2JiiupQoPoD2E4r7SBnnp1y3qSD.jpg', 375173478834, 32, 1, 1, 1, 1, '2023-07-06 06:11:07', '2023-07-06 06:12:30', '2023-07-06 06:12:30', 'bolinetanapa@yandex.ru'),
(6, 'выпвп', 'ывпфывп', 'выпывп', 'https://vk.com/bolinetanapa', 'https://vk.com/bolinetanapa', 'выпвып', '44.549438', '38.079019', 'medical_images_card/g7e06HsJD7HxroqqWVkmGhwkC3JerYPNbRfEpP6u.jpg', 'medical_images_card/4t2efldz6WMtOmyd8jxn5v2YkzERMVEI0A7r91JA.jpg', 3333333333333, 32, 1, 1, 6, 6, '2023-07-06 07:15:00', '2023-07-06 07:49:11', '2023-07-06 07:49:11', 'bolinetanapa@yandex.ru'),
(7, 'Центр укрепления здоровья \"Боли-Нет\"', 'В рамках холистического подхода к организму, наши методы и процедуры нацелены на гармонизацию и поддержание физического и душевного состояния человека, улучшение его качества жизни и повышение резервных возможностей организма', 'Центр укрепления здоровья \"Боли-Нет\" - пути к своему здоровью', 'https://vk.com/bolinetanapa', 'https://vk.com/bolinetanapa', 'Россия, Анапа, Терская 78', '44.89273', '37.312172', 'medical_images_card/skSKHCT4Xj3ffhAv4bhS6RZ0btvRBtD9vQEaw5iw.jpg', 'medical_images_card/JNf0z08ZDbTlClE8ky2ac0BT5Ctr3mc08JnFXwkK.jpg', 79883452501, 32, 1, 7, 13, 18, '2023-07-06 07:54:33', '2024-09-06 08:46:25', NULL, 'bolinetanapa@yandex.ru');

-- --------------------------------------------------------

--
-- Структура таблицы `medical_card_images`
--

CREATE TABLE `medical_card_images` (
  `id` bigint UNSIGNED NOT NULL,
  `medical_card_id` bigint UNSIGNED NOT NULL,
  `images` varchar(255) COLLATE utf8mb4_unicode_ci NOT NULL,
  `created_at` timestamp NULL DEFAULT NULL,
  `updated_at` timestamp NULL DEFAULT NULL
) ENGINE=InnoDB DEFAULT CHARSET=utf8mb4 COLLATE=utf8mb4_unicode_ci;

--
-- Дамп данных таблицы `medical_card_images`
--

INSERT INTO `medical_card_images` (`id`, `medical_card_id`, `images`, `created_at`, `updated_at`) VALUES
(1, 2, '-main_image-1687506240342.jpg', '2023-06-23 04:44:00', '2023-06-23 04:44:00'),
(2, 2, '-main_image-1687506240140.jpg', '2023-06-23 04:44:00', '2023-06-23 04:44:00'),
(3, 5, '-main_image-1688634703812.jpg', '2023-07-06 06:11:43', '2023-07-06 06:11:43'),
(5, 5, '-main_image-1688634703140.jpg', '2023-07-06 06:11:43', '2023-07-06 06:11:43'),
(10, 7, '-main_image-1688641512515.jpg', '2023-07-06 08:05:12', '2023-07-06 08:05:12'),
(11, 7, '-main_image-1688641583366.jpg', '2023-07-06 08:06:23', '2023-07-06 08:06:23'),
(12, 7, '-main_image-1688641595816.jpg', '2023-07-06 08:06:35', '2023-07-06 08:06:35');

-- --------------------------------------------------------

--
-- Структура таблицы `medical_card_tags`
--

CREATE TABLE `medical_card_tags` (
  `id` bigint UNSIGNED NOT NULL,
  `medical_card_id` bigint UNSIGNED NOT NULL,
  `medical_tag_id` bigint UNSIGNED NOT NULL,
  `created_at` timestamp NULL DEFAULT NULL,
  `updated_at` timestamp NULL DEFAULT NULL
) ENGINE=InnoDB DEFAULT CHARSET=utf8mb4 COLLATE=utf8mb4_unicode_ci;

--
-- Дамп данных таблицы `medical_card_tags`
--

INSERT INTO `medical_card_tags` (`id`, `medical_card_id`, `medical_tag_id`, `created_at`, `updated_at`) VALUES
(2, 2, 2, NULL, NULL),
(3, 2, 3, NULL, NULL),
(4, 2, 4, NULL, NULL),
(5, 2, 5, NULL, NULL),
(6, 2, 6, NULL, NULL),
(7, 3, 7, NULL, NULL),
(8, 3, 8, NULL, NULL),
(9, 3, 9, NULL, NULL),
(10, 3, 10, NULL, NULL),
(11, 3, 11, NULL, NULL),
(12, 4, 4, NULL, NULL),
(13, 5, 13, NULL, NULL),
(14, 6, 12, NULL, NULL),
(15, 6, 13, NULL, NULL),
(16, 7, 12, NULL, NULL),
(17, 7, 13, NULL, NULL),
(18, 7, 14, NULL, NULL),
(19, 7, 15, NULL, NULL),
(20, 7, 16, NULL, NULL);

-- --------------------------------------------------------

--
-- Структура таблицы `medical_images`
--

CREATE TABLE `medical_images` (
  `id` bigint UNSIGNED NOT NULL,
  `created_at` timestamp NULL DEFAULT NULL,
  `updated_at` timestamp NULL DEFAULT NULL
) ENGINE=InnoDB DEFAULT CHARSET=utf8mb4 COLLATE=utf8mb4_unicode_ci;

-- --------------------------------------------------------

--
-- Структура таблицы `medical_tags`
--

CREATE TABLE `medical_tags` (
  `id` bigint UNSIGNED NOT NULL,
  `title` varchar(255) COLLATE utf8mb4_unicode_ci NOT NULL,
  `created_at` timestamp NULL DEFAULT NULL,
  `updated_at` timestamp NULL DEFAULT NULL,
  `user_id` bigint UNSIGNED DEFAULT NULL,
  `deleted_at` timestamp NULL DEFAULT NULL
) ENGINE=InnoDB DEFAULT CHARSET=utf8mb4 COLLATE=utf8mb4_unicode_ci;

--
-- Дамп данных таблицы `medical_tags`
--

INSERT INTO `medical_tags` (`id`, `title`, `created_at`, `updated_at`, `user_id`, `deleted_at`) VALUES
(2, 'лучшие врачи', '2023-02-04 12:54:42', '2023-02-04 12:54:42', 2, NULL),
(3, 'забота о пациентах', '2023-02-04 12:54:49', '2023-02-04 12:54:49', 2, NULL),
(4, 'здоровье', '2023-02-04 12:54:56', '2023-02-04 12:54:56', 2, NULL),
(5, 'лучшие врачи1', '2023-02-24 10:45:36', '2023-02-24 10:45:36', 2, NULL),
(6, 'лучшие врачи2', '2023-02-24 10:46:06', '2023-02-24 10:46:06', 2, NULL),
(7, 'Консультативный прием', '2023-06-01 07:30:28', '2023-06-01 07:30:28', 14, NULL),
(8, 'Уходовые процедуры', '2023-06-01 07:30:58', '2023-06-01 07:30:58', 14, NULL),
(9, 'Пилинг', '2023-06-01 07:31:23', '2023-06-01 07:31:23', 14, NULL),
(10, 'Массаж лица', '2023-06-01 07:31:36', '2023-06-01 07:31:36', 14, NULL),
(11, 'Ботулинотерапия', '2023-06-01 07:32:00', '2023-06-01 07:32:00', 14, NULL),
(12, 'Коррекция позвоночника', '2023-07-06 04:39:30', '2023-07-06 04:39:30', 32, NULL),
(13, 'Коррекция суставов', '2023-07-06 04:39:42', '2023-07-06 04:39:42', 32, NULL),
(14, 'СПА-капсула', '2023-07-06 04:40:18', '2023-07-06 04:40:18', 32, NULL),
(15, 'Определение состава тела', '2023-07-06 04:40:30', '2023-07-06 04:40:30', 32, NULL),
(16, 'Стабилизация ЦНС', '2023-07-06 04:40:57', '2023-07-06 04:40:57', 32, NULL);

-- --------------------------------------------------------

--
-- Структура таблицы `medical_times`
--

CREATE TABLE `medical_times` (
  `id` bigint UNSIGNED NOT NULL,
  `time_start` varchar(255) COLLATE utf8mb4_unicode_ci NOT NULL,
  `time_end` varchar(255) COLLATE utf8mb4_unicode_ci NOT NULL,
  `time_date` varchar(255) COLLATE utf8mb4_unicode_ci NOT NULL,
  `user_id` bigint UNSIGNED DEFAULT NULL,
  `created_at` timestamp NULL DEFAULT NULL,
  `updated_at` timestamp NULL DEFAULT NULL,
  `deleted_at` timestamp NULL DEFAULT NULL
) ENGINE=InnoDB DEFAULT CHARSET=utf8mb4 COLLATE=utf8mb4_unicode_ci;

--
-- Дамп данных таблицы `medical_times`
--

INSERT INTO `medical_times` (`id`, `time_start`, `time_end`, `time_date`, `user_id`, `created_at`, `updated_at`, `deleted_at`) VALUES
(2, '09:00', '18:00', 'пн-вс', 2, '2023-02-04 13:01:05', '2023-02-04 13:01:05', NULL),
(3, '10:00', '21:00', 'Без выходных', 14, '2023-06-01 07:33:32', '2023-06-01 07:33:32', NULL),
(4, '09:00', '18:00', 'Пн-Пт', 32, '2023-07-06 04:52:02', '2023-07-06 04:52:02', NULL);

-- --------------------------------------------------------

--
-- Структура таблицы `medical_todo_items`
--

CREATE TABLE `medical_todo_items` (
  `id` bigint UNSIGNED NOT NULL,
  `medical_todo_list_id` bigint UNSIGNED NOT NULL,
  `title` varchar(255) COLLATE utf8mb4_unicode_ci NOT NULL,
  `price` varchar(255) COLLATE utf8mb4_unicode_ci DEFAULT NULL,
  `created_at` timestamp NULL DEFAULT NULL,
  `updated_at` timestamp NULL DEFAULT NULL,
  `deleted_at` timestamp NULL DEFAULT NULL
) ENGINE=InnoDB DEFAULT CHARSET=utf8mb4 COLLATE=utf8mb4_unicode_ci;

--
-- Дамп данных таблицы `medical_todo_items`
--

INSERT INTO `medical_todo_items` (`id`, `medical_todo_list_id`, `title`, `price`, `created_at`, `updated_at`, `deleted_at`) VALUES
(1, 1, 'Консультация дермалогога', '300', '2023-02-04 12:55:28', '2023-03-29 12:45:56', NULL),
(2, 1, 'Трихоскопия', '1300', '2023-02-04 12:55:40', '2023-03-29 12:46:00', NULL),
(3, 1, 'Цифровая дерматоскопия', '1400', '2023-02-04 12:55:54', '2023-03-29 12:46:05', NULL),
(4, 2, 'Лазерный карбоновый пилинг', '300', '2023-02-04 12:56:25', '2023-03-29 12:46:10', NULL),
(5, 2, 'Фотолечение, фотоомоложение', '2300', '2023-02-04 12:56:46', '2023-03-29 12:46:15', NULL),
(6, 2, 'Нитевой лифтинг', '500', '2023-02-04 12:57:01', '2023-03-29 12:46:22', NULL),
(7, 2, 'Биоревитализация', '123', '2023-02-04 12:57:17', '2023-03-29 12:46:26', NULL),
(8, 2, 'Лазерная шлифовка', '1500', '2023-02-04 12:57:31', '2023-03-29 12:46:31', NULL),
(9, 3, 'Первичный прием эндокринолога', '2300', '2023-02-04 12:57:54', '2023-03-29 12:46:38', NULL),
(10, 3, 'Повторный прием эндокринолога', '4300', '2023-02-04 12:58:08', '2023-03-29 12:46:44', NULL),
(11, 3, 'Прием детского эндокринолога', '1300', '2023-02-04 12:58:24', '2023-03-29 12:46:50', NULL),
(12, 4, 'УЗИ печени и желчного пузыря', '500', '2023-02-04 12:58:55', '2023-03-29 12:46:56', NULL),
(13, 4, 'УЗИ поджелудочной железы', '300', '2023-02-04 12:59:06', '2023-03-29 12:47:02', NULL),
(14, 4, 'УЗИ брюшной полости и почек', '300', '2023-02-04 12:59:06', '2023-03-29 12:47:08', NULL),
(15, 4, 'УЗИ почек и надпочечников', '2300', '2023-02-04 12:59:37', '2023-03-29 12:47:14', NULL),
(16, 5, 'Первичный прием врача уролога', '1300', '2023-02-04 13:00:19', '2023-03-29 12:47:21', NULL),
(17, 5, 'Ректальный осмотр простаты', '500', '2023-02-04 13:00:31', '2023-03-29 12:47:27', NULL),
(18, 5, 'Цистоскопия', '2500', '2023-02-04 13:00:46', '2023-03-29 12:47:32', NULL),
(19, 6, 'Мое узи', '200', '2023-04-11 05:57:24', '2023-04-11 05:57:44', '2023-04-11 05:57:44'),
(20, 7, 'Нужная нам услуга', '200 р', '2023-04-11 06:05:21', '2023-04-11 06:08:24', '2023-04-11 06:08:24'),
(21, 9, 'Прием врача-косметолога первичный (осмотр, консультация)', '5000', '2023-06-01 08:15:15', '2023-06-01 08:15:15', NULL),
(22, 9, 'Прием врача-косметолога повторный (осмотр, консультация)', '2500', '2023-06-01 08:15:44', '2023-06-01 08:15:44', NULL),
(23, 9, 'Осмотр кожи под дермоскопом', '3500', '2023-06-01 08:16:05', '2023-06-01 08:16:05', NULL),
(24, 10, 'Местная анастезия', '1500', '2023-06-01 08:16:46', '2023-06-01 08:16:46', NULL),
(25, 10, 'Инфильтрационная анастезия, Лидокаин 1 ампула', '1500', '2023-06-01 08:17:01', '2023-06-01 08:17:01', NULL),
(26, 11, 'Альгинатная', '3000', '2023-06-01 08:17:49', '2023-06-01 08:17:49', NULL),
(27, 11, 'Гипсовая', '3000', '2023-06-01 08:18:06', '2023-06-01 08:18:06', NULL),
(28, 11, 'Кислородная', '3000', '2023-06-01 08:18:29', '2023-06-01 08:18:29', NULL),
(29, 11, 'Скульптурная', '3000', '2023-06-01 08:18:53', '2023-06-01 08:18:53', NULL),
(30, 12, 'ANTI AGE (проф. уход)', '9200', '2023-06-01 08:19:30', '2023-06-01 08:19:30', NULL),
(31, 12, 'Bio Phyto (Christina)', '9200', '2023-06-01 08:19:42', '2023-06-01 08:19:42', NULL),
(32, 12, 'Chateau de Beaute (Christina)', '9200', '2023-06-01 08:20:01', '2023-06-01 08:20:01', NULL),
(33, 12, 'Comodex (Christina)', '9200', '2023-06-01 08:20:22', '2023-06-01 08:20:22', NULL),
(34, 12, 'Золотое омоложение', '8000', '2023-06-01 08:21:03', '2023-06-01 08:21:03', NULL),
(35, 12, 'Антикуперозная программа с крио', '8500', '2023-06-01 08:21:27', '2023-06-01 08:21:27', NULL),
(36, 13, 'Миндальный', '4200', '2023-06-01 10:09:54', '2023-06-01 10:09:54', NULL),
(37, 13, 'PRX-T33', '12500', '2023-06-01 10:10:13', '2023-06-01 10:10:13', NULL),
(38, 13, 'Молочный', '4200', '2023-06-01 10:10:31', '2023-06-01 10:10:31', NULL),
(39, 13, 'Джесснера', '12500', '2023-06-01 10:10:55', '2023-06-01 10:10:55', NULL),
(40, 13, 'Ретиноевый', '4200', '2023-06-01 10:11:18', '2023-06-01 10:11:18', NULL),
(41, 13, 'Желтый', '4200', '2023-06-01 10:11:35', '2023-06-01 10:11:35', NULL),
(42, 13, 'Химический', '4200', '2023-06-01 10:11:56', '2023-06-01 10:11:56', NULL),
(43, 14, 'Скульптурный', '7500', '2023-06-01 10:12:25', '2023-06-01 10:12:25', NULL),
(44, 14, 'Гуаша', '7500', '2023-06-01 10:12:53', '2023-06-01 10:12:53', NULL),
(45, 14, 'Лицо, шея, зона декольте', '5200', '2023-06-01 10:13:12', '2023-06-01 10:13:12', NULL),
(46, 14, 'Классический', '5200', '2023-06-01 10:13:42', '2023-06-01 10:13:42', NULL),
(47, 14, 'Лимфодренажный', '5200', '2023-06-01 10:14:02', '2023-06-01 10:14:02', NULL),
(48, 14, 'Букальный', '7500', '2023-06-01 10:14:30', '2023-06-01 10:14:30', NULL),
(49, 15, 'Hydra Touch H2', '9200', '2023-06-01 10:18:50', '2023-06-01 10:18:50', NULL),
(50, 15, 'Beauty Flash', '9200', '2023-06-01 10:19:06', '2023-06-01 10:19:06', NULL),
(51, 15, 'Миостимуляция', '6400', '2023-06-01 10:19:33', '2023-06-01 10:19:33', NULL),
(52, 15, 'Микротоковая терапия', '6400', '2023-06-01 10:19:59', '2023-06-01 10:19:59', NULL),
(53, 15, 'RF лифтинг', '7200', '2023-06-01 10:21:14', '2023-06-01 10:21:14', NULL),
(54, 15, 'Игольчатый RF лифтинг (лицо, шея, декольте)', '55000', '2023-06-01 10:21:46', '2023-06-01 10:21:46', NULL),
(55, 15, 'Лазерная биоревитализация', '6400', '2023-06-01 10:22:13', '2023-06-01 10:22:13', NULL),
(56, 15, 'Фракционная мезотерапия', '7200', '2023-06-01 10:22:35', '2023-06-01 10:22:35', NULL),
(57, 15, 'Алмазный пилинг', '7100', '2023-06-01 10:23:01', '2023-06-01 10:23:01', NULL),
(58, 15, 'Газожидкостный пилинг', '6400', '2023-06-01 10:23:20', '2023-06-01 10:23:20', NULL),
(59, 15, 'Электропорация', '6400', '2023-06-01 10:23:41', '2023-06-01 10:23:41', NULL),
(60, 15, 'Нано омоложение', '6400', '2023-06-01 10:23:59', '2023-06-01 10:23:59', NULL),
(61, 15, 'УЗ чистка', '6400', '2023-06-01 10:24:18', '2023-06-01 10:24:18', NULL),
(62, 15, 'Криотерапия', '6400', '2023-06-01 10:24:38', '2023-06-01 10:24:38', NULL),
(63, 15, 'Лазерный карбоновый пилинг (лицо + шея)', '12500', '2023-06-01 10:24:57', '2023-06-01 10:24:57', NULL),
(64, 15, 'Лазерный карбоновый пилинг (лицо)', '10500', '2023-06-01 10:25:21', '2023-06-01 10:25:21', NULL),
(65, 16, 'Eldermafil PDRN', '18000', '2023-06-01 11:26:28', '2023-06-01 11:26:28', NULL),
(66, 16, 'HyaluForm', '27000', '2023-06-01 11:27:14', '2023-06-01 11:27:14', NULL),
(67, 16, 'Nithya', '27000', '2023-06-01 11:27:39', '2023-06-01 11:27:39', NULL),
(68, 16, 'Plinest', '27000', '2023-06-01 11:28:17', '2023-06-01 11:28:17', NULL),
(69, 16, 'PRD терапия (1 пробирка)', '25000', '2023-06-01 11:28:56', '2023-06-01 11:28:56', NULL),
(70, 16, 'PRD терапия (2 пробирки)', '35000', '2023-06-01 11:29:22', '2023-06-01 11:29:22', NULL),
(71, 16, 'Коллаген', '35000', '2023-06-01 11:29:49', '2023-06-01 11:29:49', NULL),
(72, 16, 'Revi Eye', '35000', '2023-06-01 11:30:49', '2023-06-01 11:30:49', NULL),
(73, 16, 'Revi Strong', '35000', '2023-06-01 11:31:14', '2023-06-01 11:31:14', NULL),
(74, 16, 'Revi Brilliants', '35000', '2023-06-01 11:31:50', '2023-06-01 11:31:50', NULL),
(75, 16, 'Dermaheal Eye bag', '15000', '2023-06-01 11:32:10', '2023-06-01 11:32:10', NULL),
(76, 16, 'Dermaheal HSR', '15000', '2023-06-01 11:32:30', '2023-06-01 11:32:30', NULL),
(77, 16, 'Mesoeye C71', '35000', '2023-06-01 11:33:02', '2023-06-01 11:33:02', NULL),
(78, 16, 'Meso Skulpt', '35000', '2023-06-01 11:33:27', '2023-06-01 11:33:27', NULL),
(79, 16, 'Meso Warton', '35000', '2023-06-01 11:33:50', '2023-06-01 11:33:50', NULL),
(80, 16, 'Hyalrepair', '25000', '2023-06-01 11:34:15', '2023-06-01 11:34:15', NULL),
(81, 16, 'New Feel DMAE Lift', '15000', '2023-06-01 11:34:39', '2023-06-01 11:34:39', NULL),
(82, 16, 'Profhilo', '35000', '2023-06-01 11:34:58', '2023-06-01 11:34:58', NULL),
(83, 16, 'Мезотерапия', '10000', '2023-06-01 11:35:16', '2023-06-01 11:35:16', NULL),
(84, 16, 'AQUASHINE', '30000', '2023-06-01 11:35:33', '2023-06-01 11:35:33', NULL),
(85, 16, 'Липолитик Light Fit', '16500', '2023-06-01 11:36:02', '2023-06-01 11:36:02', NULL),
(86, 16, 'Липолитик Lipo Lab-V-Line', '16500', '2023-06-01 11:36:18', '2023-06-01 11:36:18', NULL),
(87, 17, '1 еденица', '400', '2023-06-01 11:36:43', '2023-06-01 11:36:43', NULL),
(88, 17, '10 едениц', '4000', '2023-06-01 11:36:59', '2023-06-01 11:36:59', NULL),
(89, 17, '50 едениц', '20000', '2023-06-01 11:37:20', '2023-06-01 11:37:20', NULL),
(90, 18, 'Жидкие нити (векторный лифтинг)', '50000', '2023-06-01 11:38:52', '2023-06-01 11:38:52', NULL),
(91, 18, 'Моно-нити (10 шт.)', '35000', '2023-06-01 11:39:13', '2023-06-01 11:39:13', NULL),
(92, 18, 'Моно-нити (20 шт.)', '60000', '2023-06-01 11:39:38', '2023-06-01 11:39:38', NULL),
(93, 18, 'Моно-нити (40 шт.)', '100000', '2023-06-01 11:39:57', '2023-06-01 11:39:57', NULL),
(94, 18, 'Нити COG (1 шт.)', '12500', '2023-06-01 11:40:16', '2023-06-01 11:40:16', NULL),
(95, 18, 'Нити Aptos Visage', '120000', '2023-06-01 11:40:37', '2023-06-01 11:40:37', NULL),
(96, 18, 'Нити Aptos Thread 2G', '120000', '2023-06-01 11:41:02', '2023-06-01 11:41:02', NULL),
(97, 18, 'Нити Aptos Needle 2G', '120000', '2023-06-01 11:41:24', '2023-06-01 11:41:24', NULL),
(98, 19, 'Neuramis Deep', '27000', '2023-06-01 16:22:41', '2023-06-01 16:22:41', NULL),
(99, 19, 'Neuramis Volume', '27000', '2023-06-01 16:23:02', '2023-06-01 16:23:02', NULL),
(100, 19, 'Neuramis Light', '27000', '2023-06-01 16:23:25', '2023-06-01 16:23:25', NULL),
(101, 19, 'FULL FACE (4+1)', '120000', '2023-06-01 16:23:52', '2023-06-01 16:23:52', NULL),
(102, 19, 'Belotero Soft', '35000', '2023-06-01 16:24:56', '2023-06-01 16:24:56', NULL),
(103, 19, 'Belotero Intense', '35000', '2023-06-01 16:25:21', '2023-06-01 16:25:21', NULL),
(104, 19, 'Belotero Balance', '35000', '2023-06-01 16:25:41', '2023-06-01 16:25:41', NULL),
(105, 19, 'Belotero Volume', '35000', '2023-06-01 16:26:07', '2023-06-01 16:26:07', NULL),
(106, 19, 'Stylage \'S\'', '35000', '2023-06-01 16:26:33', '2023-06-01 16:26:33', NULL),
(107, 19, 'Stylage \'M\'', '35000', '2023-06-01 16:27:00', '2023-06-01 16:27:00', NULL),
(108, 19, 'Stylage \'L\'', '35000', '2023-06-01 16:27:27', '2023-06-01 16:27:27', NULL),
(109, 19, 'Stylage \'XL\'', '35000', '2023-06-01 16:27:45', '2023-06-01 16:27:45', NULL),
(110, 20, 'Лаеннек - 1 амп.', '4500', '2023-06-01 16:28:14', '2023-06-01 16:28:14', NULL),
(111, 20, 'Лаеннек - 2 амп.', '7500', '2023-06-01 16:28:33', '2023-06-01 16:28:33', NULL),
(112, 20, 'Мэлсмон - 1 амп.', '12500', '2023-06-01 16:28:54', '2023-06-01 16:28:54', NULL),
(113, 20, 'Мэлсмон - 2 амп.', '20000', '2023-06-01 16:29:20', '2023-06-01 16:29:20', NULL),
(114, 20, 'Курасен - 1 амп.', '12500', '2023-06-01 16:29:41', '2023-06-01 16:29:41', NULL),
(115, 20, 'Курасен - 2 амп.', '20000', '2023-06-01 16:30:01', '2023-06-01 16:30:01', NULL),
(116, 20, 'Плазмотерапия - 1 пробирка', '7500', '2023-06-01 16:30:31', '2023-06-01 16:30:31', NULL),
(117, 20, 'Плазмотерапия - 2 пробирки', '12500', '2023-06-01 16:30:44', '2023-06-01 16:30:44', NULL),
(118, 21, 'Верхняя треть лица', '85000', '2023-06-01 16:31:18', '2023-06-01 16:31:18', NULL),
(119, 21, 'Все лицо', '150000', '2023-06-01 16:31:36', '2023-06-01 16:31:36', NULL),
(120, 21, 'Лицо + шея', '200000', '2023-06-01 16:32:05', '2023-06-01 16:32:05', NULL),
(121, 21, 'Периорбитальная зона', '65000', '2023-06-01 16:32:30', '2023-06-01 16:32:30', NULL),
(122, 21, 'Шея', '85000', '2023-06-01 16:32:51', '2023-06-01 16:32:51', NULL),
(123, 21, 'Нижняя треть лица', '85000', '2023-06-01 16:33:16', '2023-06-01 16:33:16', NULL),
(124, 21, 'Периоральная зона', '55000', '2023-06-01 16:33:41', '2023-06-01 16:33:41', NULL),
(125, 21, 'Зона декольте', '85000', '2023-06-01 16:34:49', '2023-06-01 16:34:49', NULL),
(126, 32, 'Капельница Анти Age', '7400', '2023-06-01 16:35:38', '2023-06-01 16:35:38', NULL),
(127, 32, 'Капельница Анти Covid', '7400', '2023-06-01 16:35:57', '2023-06-01 16:35:57', NULL),
(128, 32, 'Капельница Анти Стресс', '6200', '2023-06-01 16:36:13', '2023-06-01 16:36:13', NULL),
(129, 32, 'Капельница Золушка', '12200', '2023-06-01 16:36:37', '2023-06-01 16:36:37', NULL),
(130, 32, 'Капельница Энерджи', '6200', '2023-06-01 16:36:56', '2023-06-01 16:36:56', NULL),
(131, 32, 'Капельница Детокс', '6400', '2023-06-01 16:37:12', '2023-06-01 16:37:12', NULL),
(132, 32, 'Капельница Витаминный комплес', '7400', '2023-06-01 16:37:30', '2023-06-01 16:37:30', NULL),
(133, 32, 'Капельница Здоровая Печень', '9500', '2023-06-01 16:37:46', '2023-06-01 16:37:46', NULL),
(134, 32, 'Капельница Здоровье Сосудов', '9500', '2023-06-01 16:38:05', '2023-06-01 16:38:05', NULL),
(135, 32, 'Капельница Лаеннек', '12200', '2023-06-01 16:38:23', '2023-06-01 16:38:23', NULL),
(136, 32, 'Капельница IQ', '6200', '2023-06-01 16:38:44', '2023-06-01 16:38:44', NULL),
(137, 32, 'Капельница ВЛОК', '5000', '2023-06-01 16:39:07', '2023-06-01 16:39:07', NULL),
(138, 32, 'Капельница Озонотерапия', '5000', '2023-06-01 16:39:24', '2023-06-01 16:39:24', NULL),
(139, 31, 'УЗИ 1 зона', '3500', '2023-06-01 16:39:58', '2023-06-01 16:39:58', NULL),
(140, 31, 'УЗИ 2 зоны', '3500', '2023-06-01 16:40:08', '2023-06-01 16:40:08', NULL),
(141, 31, 'УЗИ 3 зоны', '3500', '2023-06-01 16:40:23', '2023-06-01 16:40:23', NULL),
(142, 22, 'Удаление новообразований (папилломы, кератомы,бородавки)', '3000', '2023-06-01 16:42:34', '2023-06-01 16:42:34', NULL),
(143, 22, 'Удаление сосудов (1 зона 5 см х 5 см)', '10200', '2023-06-01 16:43:00', '2023-06-01 16:43:00', NULL),
(144, 22, 'Удаление сосудов 3 зоны', '25000', '2023-06-01 16:43:25', '2023-06-01 16:43:25', NULL),
(145, 22, 'Удаление сосудов все лицо', '43000', '2023-06-01 16:43:44', '2023-06-01 16:43:44', NULL),
(146, 22, 'Resur FX лицо', '30000', '2023-06-01 16:44:16', '2023-06-01 16:44:16', NULL),
(147, 22, 'Resur FX веки', '20000', '2023-06-01 16:44:42', '2023-06-01 16:44:42', NULL),
(148, 22, 'Resur FX лицо + шея', '40000', '2023-06-01 16:45:11', '2023-06-01 16:45:11', NULL),
(149, 22, 'Resur FX лицо + шея + декольте', '45000', '2023-06-01 16:45:28', '2023-06-01 16:45:28', NULL),
(150, 22, 'Resur FX лоб', '15000', '2023-06-01 16:45:49', '2023-06-01 16:45:49', NULL),
(151, 22, 'Resur FX скулы', '25000', '2023-06-01 16:46:06', '2023-06-01 16:46:06', NULL),
(152, 22, 'Resur FX шея', '25000', '2023-06-01 16:46:28', '2023-06-01 16:46:28', NULL),
(153, 22, 'Resur FX шея + декольте', '35000', '2023-06-01 16:46:55', '2023-06-01 16:46:55', NULL),
(154, 22, 'Удаление рубцов от 5 см.', '15000', '2023-06-01 16:47:19', '2023-06-01 16:47:19', NULL),
(155, 22, 'Удаление пигментации (все лицо)', '25000', '2023-06-01 16:47:39', '2023-06-01 16:47:39', NULL),
(156, 22, 'Удаление пигментации 1 зона', '10200', '2023-06-01 16:48:03', '2023-06-01 16:48:03', NULL),
(157, 22, 'Фотолечение лицо', '15000', '2023-06-01 16:48:28', '2023-06-01 16:48:28', NULL),
(158, 22, 'Фотоомоложение лицо + шея', '37000', '2023-06-01 16:48:50', '2023-06-01 16:48:50', NULL),
(159, 22, 'Фотоомоложение лицо + шея + декольте', '45000', '2023-06-01 16:49:11', '2023-06-01 16:49:11', NULL),
(160, 22, 'Фотоомоложение лицо', '27000', '2023-06-01 16:49:38', '2023-06-01 16:49:38', NULL),
(161, 22, 'Фотоэпиляция (подбородок, верхняя губа)', '3800', '2023-06-01 16:50:02', '2023-06-01 16:50:02', NULL),
(162, 22, 'Фотоэпиляция (скулы)', '6000', '2023-06-01 16:50:25', '2023-06-01 16:50:25', NULL),
(163, 23, 'PRX терапия (1 пробирка)', '25000', '2023-06-02 02:25:31', '2023-06-02 02:25:31', NULL),
(164, 23, 'PRX терапия (2 пробирки)', '35000', '2023-06-02 02:25:56', '2023-06-02 02:25:56', NULL),
(165, 23, 'Мезотерапия кожи головы', '12500', '2023-06-02 02:26:12', '2023-06-02 02:26:12', NULL),
(166, 23, 'Озонотерапия кожи головы', '15500', '2023-06-02 02:26:36', '2023-06-02 02:26:36', NULL),
(167, 23, 'Hair-X', '15500', '2023-06-02 02:26:55', '2023-06-02 02:26:55', NULL),
(168, 23, 'Hair-Max', '30000', '2023-06-02 02:27:15', '2023-06-02 02:27:15', NULL),
(169, 23, 'Hair-Filler', '40000', '2023-06-02 02:27:36', '2023-06-02 02:27:36', NULL),
(170, 23, 'Плазма кожи головы (1 пробирка)', '15000', '2023-06-02 02:27:56', '2023-06-02 02:27:56', NULL),
(171, 23, 'Газожидкостный пилинг кожи головы', '8500', '2023-06-02 02:28:15', '2023-06-02 02:28:15', NULL),
(172, 23, 'Д\'Арсонваль', '8500', '2023-06-02 02:28:35', '2023-06-02 02:28:35', NULL),
(173, 23, 'Фракционная мезотерапия кожи головы', '8500', '2023-06-02 02:28:56', '2023-06-02 02:28:56', NULL),
(174, 23, 'Лазерная стимуляция роста волос', '8500', '2023-06-02 02:29:15', '2023-06-02 02:29:15', NULL),
(175, 23, 'Электропорация кожи головы', '8500', '2023-06-02 02:29:35', '2023-06-02 02:29:35', NULL),
(176, 24, 'Удаление сосудистых патологий ног 15х15 см.', '30000', '2023-06-02 02:32:12', '2023-06-02 02:32:12', NULL),
(177, 24, 'Удаление сосудистых патологий ног 10х10 см.', '23000', '2023-06-02 02:32:37', '2023-06-02 02:32:37', NULL),
(178, 24, 'Удаление сосудистых патологий ног 5х5 см.', '15000', '2023-06-02 02:32:59', '2023-06-02 02:32:59', NULL),
(179, 25, 'Общий медицинский массаж', '7700', '2023-06-02 02:33:51', '2023-06-02 02:33:51', NULL),
(180, 25, 'Лимфодренажный', '7700', '2023-06-02 02:34:14', '2023-06-02 02:34:14', NULL),
(181, 25, 'Антицеллюлитный', '7700', '2023-06-02 02:34:34', '2023-06-02 02:34:34', NULL),
(182, 25, 'Вакуумный баночный', '7700', '2023-06-02 02:34:51', '2023-06-02 02:34:51', NULL),
(183, 25, 'Спортивный', '7700', '2023-06-02 02:35:11', '2023-06-02 02:35:11', NULL),
(184, 25, 'Медовый', '7700', '2023-06-02 02:35:35', '2023-06-02 02:35:35', NULL),
(185, 25, 'Стоунтерапия', '8500', '2023-06-02 02:35:59', '2023-06-02 02:35:59', NULL),
(186, 25, 'Массаж спины', '6200', '2023-06-02 02:36:20', '2023-06-02 02:36:20', NULL),
(187, 25, 'Массаж шейно-воротниковой зоны', '6200', '2023-06-02 02:36:49', '2023-06-02 02:36:49', NULL),
(188, 25, 'Массаж стоп по биологически активным точкам', '6200', '2023-06-02 02:37:16', '2023-06-02 02:37:16', NULL),
(189, 25, 'Скульптурный', '10500', '2023-06-02 02:37:38', '2023-06-02 02:37:38', NULL),
(190, 26, 'Функциональная коррекция организма', '12500', '2023-06-02 06:14:12', '2023-06-02 06:14:12', NULL),
(191, 26, 'Биодинамическая краниосакральная терапия', '13500', '2023-06-02 06:14:54', '2023-06-02 06:14:54', NULL),
(192, 26, 'Постизометрическая релаксация', '13500', '2023-06-02 06:15:27', '2023-06-02 06:15:27', NULL),
(193, 26, 'Славянская висцеральная терапия', '9500', '2023-06-02 06:16:00', '2023-06-02 06:16:00', NULL),
(194, 26, 'Иглорефлексотерапия', '11500', '2023-06-02 06:16:26', '2023-06-02 06:16:26', NULL),
(195, 26, 'Фармакопунктура', '11500', '2023-06-02 06:17:09', '2023-06-02 06:17:09', NULL),
(196, 26, 'Гирудотерапия', '8500', '2023-06-02 06:17:39', '2023-06-02 06:17:39', NULL),
(197, 26, 'Кинезиотейпирование', '11600', '2023-06-02 06:18:20', '2023-06-02 06:18:20', NULL),
(198, 27, 'Комплекс \"Ингибитор жира\"', '15500', '2023-06-02 06:20:40', '2023-06-02 06:20:40', NULL),
(199, 27, 'Комплекс \"СЛИМ\"', '20500', '2023-06-02 06:21:05', '2023-06-02 06:21:05', NULL),
(200, 27, 'Липомоделирование', '12500', '2023-06-02 06:21:35', '2023-06-02 06:21:35', NULL),
(201, 27, 'SPA обертывание', '7500', '2023-06-02 06:22:04', '2023-06-02 06:22:04', NULL),
(202, 27, 'Стройный силует (массаж + обертывание)', '10500', '2023-06-02 06:22:30', '2023-06-02 06:22:30', NULL),
(203, 27, 'Обертывание STIX', '7500', '2023-06-02 06:23:00', '2023-06-02 06:23:00', NULL),
(204, 27, 'Инъекционное моделирование тела', '17000', '2023-06-02 06:23:41', '2023-06-02 06:23:41', NULL),
(205, 27, 'Карбокситерапия', '15500', '2023-06-02 06:24:02', '2023-06-02 06:24:02', NULL),
(206, 27, 'Озонотерапия', '15500', '2023-06-02 06:24:35', '2023-06-02 06:24:35', NULL),
(207, 28, 'Эндосфера', '10500', '2023-06-02 06:25:15', '2023-06-02 06:25:15', NULL),
(208, 28, 'Кавитация', '7200', '2023-06-02 06:25:35', '2023-06-02 06:25:35', NULL),
(209, 28, 'RF лифтинг', '10500', '2023-06-02 06:26:05', '2023-06-02 06:26:05', NULL),
(210, 28, 'Лазерный липолиз', '7200', '2023-06-02 06:26:30', '2023-06-02 06:26:30', NULL),
(211, 28, 'Вакуумный липолиз', '7200', '2023-06-02 06:27:13', '2023-06-02 06:27:13', NULL),
(212, 29, 'Живот', '120000', '2023-06-02 06:27:49', '2023-06-02 06:27:49', NULL),
(213, 29, 'Ягодицы', '120000', '2023-06-02 06:28:19', '2023-06-02 06:28:19', NULL),
(214, 29, 'Внутренняя поверхность бедра (2 зоны)', '120000', '2023-06-02 06:28:43', '2023-06-02 06:28:43', NULL),
(215, 29, 'Руки (2 зоны)', '100000', '2023-06-02 06:29:25', '2023-06-02 06:29:25', NULL),
(216, 30, 'PRP T-lab суставы (1 проб.)', '25000', '2023-06-02 06:30:28', '2023-06-02 06:30:28', NULL),
(217, 30, 'PRP T-lab суставы (2 проб.)', '35000', '2023-06-02 06:31:00', '2023-06-02 06:31:00', NULL),
(218, 30, 'PRP T-lab позвоночника', '30000', '2023-06-02 06:31:33', '2023-06-02 06:31:33', NULL),
(219, 30, 'PRP T-lab суставов', '30000', '2023-06-02 06:31:52', '2023-06-02 06:31:52', NULL),
(220, 30, 'Липолитики', '12500', '2023-06-02 06:32:20', '2023-06-02 06:32:20', NULL),
(221, 30, 'Липолитики Lipo Lab', '16500', '2023-06-02 06:32:59', '2023-06-02 06:32:59', NULL),
(222, 30, 'Магистраль', '12500', '2023-06-02 06:33:32', '2023-06-02 06:33:32', NULL),
(223, 30, 'Мезотерапия вдоль вен', '12500', '2023-06-02 06:34:03', '2023-06-02 06:34:03', NULL),
(224, 30, 'Плазмотерапия', '15000', '2023-06-02 06:34:30', '2023-06-02 06:34:30', NULL),
(225, 30, 'Плазмотерапия суставов', '15000', '2023-06-02 06:35:04', '2023-06-02 06:35:04', NULL),
(226, 30, 'Витосомальный комплекс', '25000', '2023-06-02 06:35:48', '2023-06-02 06:35:48', NULL),
(227, 30, 'Каппиляромезотерапия', '10000', '2023-06-02 06:36:35', '2023-06-02 06:36:35', NULL),
(228, 30, 'Инъекционная реконструкция суставов', '30000', '2023-06-02 06:37:09', '2023-06-02 06:37:09', NULL),
(229, 30, 'Филлер (суставы)', '45000', '2023-06-02 06:37:50', '2023-06-02 06:37:50', NULL),
(230, 33, 'Сеанс приват доцента Академии натуропатии Глущенко Анатолия Николаевича', '3500', '2023-07-06 04:44:45', '2023-07-06 04:44:45', NULL),
(231, 33, 'Комплексная коррекция позвоночника и суставов', '2000', '2023-07-06 04:45:28', '2023-07-06 04:45:28', NULL),
(232, 33, 'Программа стабилизации и гармонизации ЦНС', '2000', '2023-07-06 04:46:02', '2023-07-06 04:46:02', NULL),
(233, 33, 'Определение состава тела', 'бесплатно', '2023-07-06 04:46:50', '2023-07-06 04:46:50', NULL),
(234, 33, 'SPA Капсула HK-7000', '600', '2023-07-06 04:47:27', '2023-07-06 04:47:27', NULL),
(235, 33, 'SPA Ионный детокс', '600', '2023-07-06 04:48:07', '2023-07-06 04:48:07', NULL),
(236, 33, 'Водородная вода. Питьевая и орошения', '400', '2023-07-06 04:48:30', '2023-07-06 04:48:30', NULL),
(237, 33, 'Светоактивация (поляризованным светом)', '300', '2023-07-06 04:49:22', '2023-07-06 04:49:22', NULL),
(238, 33, 'Кинезиотейпирование', '600', '2023-07-06 04:49:47', '2023-07-06 04:49:47', NULL),
(239, 34, 'будущее на 5 лет', '5 тыщ', '2024-02-27 05:20:39', '2024-02-27 05:20:39', NULL),
(240, 34, 'найти суженного', 'БЕСЦЕННО!', '2024-02-27 05:21:19', '2024-02-27 05:21:19', NULL);

-- --------------------------------------------------------

--
-- Структура таблицы `medical_todo_lists`
--

CREATE TABLE `medical_todo_lists` (
  `id` bigint UNSIGNED NOT NULL,
  `title` varchar(255) COLLATE utf8mb4_unicode_ci NOT NULL,
  `user_id` bigint UNSIGNED DEFAULT NULL,
  `created_at` timestamp NULL DEFAULT NULL,
  `updated_at` timestamp NULL DEFAULT NULL,
  `deleted_at` timestamp NULL DEFAULT NULL
) ENGINE=InnoDB DEFAULT CHARSET=utf8mb4 COLLATE=utf8mb4_unicode_ci;

--
-- Дамп данных таблицы `medical_todo_lists`
--

INSERT INTO `medical_todo_lists` (`id`, `title`, `user_id`, `created_at`, `updated_at`, `deleted_at`) VALUES
(1, 'Дерматология', 2, '2023-02-04 12:55:16', '2023-02-04 12:55:16', NULL),
(2, 'Косметология', 2, '2023-02-04 12:56:02', '2023-04-11 06:08:26', '2023-04-11 06:08:26'),
(3, 'Эндокринология', 2, '2023-02-04 12:57:42', '2023-02-04 12:57:42', NULL),
(4, 'УЗИ', 2, '2023-02-04 12:58:38', '2023-02-04 12:58:38', NULL),
(5, 'Урология', 2, '2023-02-04 13:00:03', '2023-02-04 13:00:03', NULL),
(6, 'УЗИ2', 2, '2023-04-11 05:57:03', '2023-04-11 05:57:50', '2023-04-11 05:57:50'),
(7, 'Главная категория услуг', 2, '2023-04-11 06:02:33', '2023-04-11 06:08:40', '2023-04-11 06:08:40'),
(8, 'Хирургия', 2, '2023-04-17 06:37:42', '2023-04-17 06:37:42', NULL),
(9, 'Консультативный прием', 14, '2023-06-01 07:45:49', '2023-06-01 07:45:49', NULL),
(10, 'Анастезия', 14, '2023-06-01 07:46:03', '2023-06-01 07:46:03', NULL),
(11, 'Лицо \\ Маски', 14, '2023-06-01 07:46:19', '2023-06-01 07:46:19', NULL),
(12, 'Уходовые процедуры', 14, '2023-06-01 07:46:33', '2023-06-01 07:46:33', NULL),
(13, 'Пилинг', 14, '2023-06-01 07:46:44', '2023-06-01 07:46:44', NULL),
(14, 'Массаж лица', 14, '2023-06-01 07:46:54', '2023-06-01 07:46:54', NULL),
(15, 'Лицо \\ аппаратные процедуры', 14, '2023-06-01 07:47:07', '2023-06-01 07:47:07', NULL),
(16, 'Лицо \\ инъекционные процедуры', 14, '2023-06-01 07:47:18', '2023-06-01 07:47:18', NULL),
(17, 'Ботулинотерапия', 14, '2023-06-01 07:47:33', '2023-06-01 07:47:33', NULL),
(18, 'Нитевой тред-лифтинг', 14, '2023-06-01 07:47:46', '2023-06-01 07:47:46', NULL),
(19, 'Контурная пластика (филлеры)', 14, '2023-06-01 07:47:56', '2023-06-01 07:47:56', NULL),
(20, 'Плацентарная мезотерапия (лицо)', 14, '2023-06-01 07:48:10', '2023-06-01 07:48:10', NULL),
(21, 'ULTRAFORMER (лицо)', 14, '2023-06-01 07:48:20', '2023-06-01 07:48:20', NULL),
(22, 'Лазер M22', 14, '2023-06-01 07:48:30', '2023-06-01 07:48:30', NULL),
(23, 'Трихология', 14, '2023-06-01 07:48:39', '2023-06-01 07:48:39', NULL),
(24, 'Тело \\ Лазер М-22', 14, '2023-06-01 07:48:55', '2023-06-01 07:48:55', NULL),
(25, 'Массаж', 14, '2023-06-01 07:49:05', '2023-06-01 07:49:05', NULL),
(26, 'Оздоровительные процедуры тело', 14, '2023-06-01 07:49:14', '2023-06-01 07:49:14', NULL),
(27, 'Коррекция фигуры', 14, '2023-06-01 07:49:26', '2023-06-01 07:49:26', NULL),
(28, 'Аппаратные процедуры', 14, '2023-06-01 07:49:36', '2023-06-01 07:49:36', NULL),
(29, 'ULTRAFORMER (тело)', 14, '2023-06-01 07:49:46', '2023-06-01 07:49:46', NULL),
(30, 'Инъекционные процедуры', 14, '2023-06-01 07:50:00', '2023-06-01 07:50:00', NULL),
(31, 'Ультразвуковое исследование', 14, '2023-06-01 07:50:11', '2023-06-01 07:50:11', NULL),
(32, 'Оздоровительные инъекционные процедуры', 14, '2023-06-01 07:50:20', '2023-06-01 07:50:20', NULL),
(33, 'Восстановление здоровья', 32, '2023-07-06 04:43:54', '2023-07-06 04:43:54', NULL),
(34, 'Гадание на картах ТАРО', 2, '2024-02-27 05:20:09', '2024-02-27 05:20:09', NULL);

-- --------------------------------------------------------

--
-- Структура таблицы `medical_todo_products`
--

CREATE TABLE `medical_todo_products` (
  `id` bigint UNSIGNED NOT NULL,
  `medical_todo_item_id` bigint UNSIGNED DEFAULT NULL,
  `title` varchar(255) COLLATE utf8mb4_unicode_ci NOT NULL,
  `price` varchar(255) COLLATE utf8mb4_unicode_ci DEFAULT NULL,
  `created_at` timestamp NULL DEFAULT NULL,
  `updated_at` timestamp NULL DEFAULT NULL,
  `deleted_at` timestamp NULL DEFAULT NULL
) ENGINE=InnoDB DEFAULT CHARSET=utf8mb4 COLLATE=utf8mb4_unicode_ci;

--
-- Дамп данных таблицы `medical_todo_products`
--

INSERT INTO `medical_todo_products` (`id`, `medical_todo_item_id`, `title`, `price`, `created_at`, `updated_at`, `deleted_at`) VALUES
(1, 3, 'sss', '123', '2023-09-15 17:20:36', '2023-09-15 17:21:55', '2023-09-15 17:21:55'),
(2, 239, 'будущее 10 лет', '10 тыщ', '2024-02-27 05:20:54', '2024-02-27 05:20:54', NULL);

-- --------------------------------------------------------

--
-- Структура таблицы `migrations`
--

CREATE TABLE `migrations` (
  `id` int UNSIGNED NOT NULL,
  `migration` varchar(255) COLLATE utf8mb4_unicode_ci NOT NULL,
  `batch` int NOT NULL
) ENGINE=InnoDB DEFAULT CHARSET=utf8mb4 COLLATE=utf8mb4_unicode_ci;

--
-- Дамп данных таблицы `migrations`
--

INSERT INTO `migrations` (`id`, `migration`, `batch`) VALUES
(1, '2014_10_11_134819_create_republics_table', 1),
(2, '2014_10_11_145912_create_districts_table', 1),
(3, '2014_10_11_163223_create_types_table', 1),
(4, '2014_10_11__120447_create_cities_table', 1),
(5, '2014_10_12_000000_create_users_table', 1),
(6, '2014_10_12_100000_create_password_resets_table', 1),
(7, '2019_08_19_000000_create_failed_jobs_table', 1),
(8, '2019_12_14_000001_create_personal_access_tokens_table', 1),
(9, '2022_11_01_101024_create_hostel_categories_table', 1),
(10, '2022_11_02_112849_create_hostel_posts_table', 1),
(11, '2022_11_28_105934_create_categories_table', 1),
(12, '2022_11_29_105854_create_posts_table', 1),
(13, '2022_11_29_105947_create_tags_table', 1),
(14, '2022_11_29_110013_create_post_tags_table', 1),
(15, '2022_11_29_164735_add_column_soft_deletes_to_categories_table', 1),
(16, '2022_11_29_183923_add_column_soft_deletes_to_tags_table', 1),
(17, '2022_11_29_194638_add_columns_for_images_to_posts_table', 1),
(18, '2022_11_29_214034_add_column_user_id_to_hostel_posts_table', 1),
(19, '2022_11_30_083251_add_column_soft_deletes_to_posts_table', 1),
(20, '2022_11_30_125655_add_column_soft_deletes_to_users_table', 1),
(21, '2022_11_30_140252_add_column_role_to_users_table', 1),
(22, '2022_12_01_122408_add_column_soft_deletes_to_hostel_categories_table', 1),
(23, '2022_12_01_152006_add_column_soft_deletes_to_hostel_posts_table', 1),
(24, '2022_12_02_124403_create_images_table', 1),
(25, '2022_12_02_185537_add_column_user_id_to_posts_table', 1),
(26, '2022_12_04_151312_create_hostel_images_table', 1),
(27, '2022_12_04_164044_add_column_hostel_preview_image_to_hostel_posts_table', 1),
(28, '2022_12_07_095942_create_hostel_cards_table', 1),
(29, '2022_12_14_124008_add_column_soft_deletes_to_cities_table', 1),
(30, '2022_12_14_141808_add_column_soft_deletes_to_republics_table', 1),
(31, '2022_12_15_150756_add_column_soft_deletes_to_districts_table', 1),
(32, '2022_12_20_130416_create_hostel_tags_table', 1),
(33, '2022_12_20_130445_create_hostel_post_tags_table', 1),
(34, '2022_12_20_131459_add_column_soft_deletes_to_hostel_tags_table', 1),
(35, '2022_12_21_095944_add_column_user_id_to_hostel_categories_table', 1),
(36, '2022_12_21_101454_add_column_user_id_to_hostel_tags_table', 1),
(37, '2022_12_22_145351_add_column_coordinate_to_hostel_cards_table', 1),
(38, '2022_12_22_172106_create_cafe_cards_table', 1),
(39, '2022_12_22_172135_create_cafe_images_table', 1),
(40, '2022_12_23_194643_create_cafe_times_table', 1),
(41, '2022_12_23_195602_add_column_soft_deletes_to_cafe_times_table', 1),
(42, '2022_12_25_192718_create_cafe_todo_lists_table', 1),
(43, '2022_12_25_204700_add_column_soft_deletes_to_cafe_todo_lists_table', 1),
(44, '2022_12_26_111627_create_cafe_todo_items_table', 1),
(45, '2022_12_26_141023_create_cafe_todo_products_table', 1),
(46, '2022_12_26_195353_create_medical_cards_table', 1),
(47, '2022_12_26_195416_create_medical_images_table', 1),
(48, '2022_12_26_195425_create_medical_times_table', 1),
(49, '2022_12_26_195444_create_medical_todo_lists_table', 1),
(50, '2022_12_26_195454_create_medical_todo_items_table', 1),
(51, '2022_12_26_195507_create_medical_todo_products_table', 1),
(52, '2022_12_26_200546_add_column_soft_deletes_to_medical_times_table', 1),
(53, '2022_12_26_200619_add_column_soft_deletes_to_medical_todo_lists_table', 1),
(54, '2022_12_27_114648_create_spa_cards_table', 1),
(55, '2022_12_27_114701_create_spa_images_table', 1),
(56, '2022_12_27_114713_create_spa_times_table', 1),
(57, '2022_12_27_114730_create_spa_todo_lists_table', 1),
(58, '2022_12_27_114737_create_spa_todo_items_table', 1),
(59, '2022_12_27_114752_create_spa_todo_products_table', 1),
(60, '2022_12_27_115339_add_column_soft_deletes_to_spa_todo_lists_table', 1),
(61, '2022_12_27_115357_add_column_soft_deletes_to_spa_cards_table', 1),
(62, '2022_12_28_165801_add_column_soft_deletes_to_types_table', 1),
(63, '2023_01_09_115508_add_column_soft_deletes_to_medical_todo_items_table', 1),
(64, '2023_01_09_125828_add_column_soft_deletes_to_medical_todo_products_table', 1),
(65, '2023_01_09_151213_add_column_soft_deletes_to_spa_todo_products_table', 1),
(66, '2023_01_09_151233_add_column_soft_deletes_to_spa_todo_items_table', 1),
(67, '2023_01_09_192112_create_medical_tags_table', 1),
(68, '2023_01_09_192258_create_medical_card_tags_table', 1),
(69, '2023_01_09_194859_add_column_user_id_to_medical_tags_table', 1),
(70, '2023_01_09_200111_add_column_soft_deletes_to_medical_tags_table', 1),
(71, '2023_01_10_120451_create_spa_tags_table', 1),
(72, '2023_01_10_120504_create_spa_card_tags_table', 1),
(73, '2023_01_10_120518_add_column_user_id_to_spa_tags_table', 1),
(74, '2023_01_10_120533_add_column_soft_deletes_to_spa_tags_table', 1),
(75, '2023_01_10_143109_create_cafe_tags_table', 1),
(76, '2023_01_10_143118_create_cafe_card_tags_table', 1),
(77, '2023_01_10_143136_add_column_user_id_to_cafe_tags_table', 1),
(78, '2023_01_10_143146_add_column_soft_deletes_to_cafe_tags_table', 1),
(79, '2023_01_24_194743_create_hostel_card_images_table', 1),
(80, '2023_01_25_180553_create_hostel_card_tags_table', 1),
(81, '2023_01_25_180722_create_hostel_card_tag_cards_table', 1),
(82, '2023_01_25_185424_add_column_soft_deletes_to_hostel_card_tags_table', 1),
(83, '2023_01_25_185835_add_column_user_id_to_hostel_card_tags_table', 1),
(84, '2023_01_27_153837_create_hostel_actions_table', 1),
(85, '2023_01_27_164613_create_hostel_servics_table', 1),
(86, '2023_02_01_164927_create_comment_meds_table', 1),
(87, '2023_02_09_180012_add_column_soft_deletes_to_comment_meds_table', 2),
(88, '2023_02_10_145905_create_comment_spas_table', 2),
(89, '2023_02_10_150012_add_column_soft_deletes_to_comment_spas_table', 2),
(90, '2023_02_10_155841_create_comment_cafes_table', 2),
(91, '2023_02_10_160036_add_column_soft_deletes_to_comment_cafes_table', 2),
(92, '2023_02_14_140601_create_sanatorium_categories_table', 3),
(93, '2023_02_14_140609_create_sanatorium_images_table', 3),
(94, '2023_02_14_140625_create_sanatorium_posts_table', 3),
(95, '2023_02_14_140650_create_sanatorium_tags_table', 3),
(96, '2023_02_15_140442_create_sanatorium_cards_table', 3),
(97, '2023_02_15_140631_create_sanatorium_post_tags_table', 3),
(98, '2023_02_16_140457_create_sanatorium_actions_table', 3),
(99, '2023_02_16_140515_create_sanatorium_card_images_table', 3),
(100, '2023_02_16_140523_create_sanatorium_card_tags_table', 3),
(101, '2023_02_16_140539_create_sanatorium_card_tag_cards_table', 3),
(102, '2023_02_16_140643_create_sanatorium_servics_table', 3),
(103, '2023_02_16_141014_add_column_soft_deletes_to_sanatorium_card_tags_table', 3),
(104, '2023_02_16_141126_add_column_soft_deletes_to_sanatorium_categories_table', 3),
(105, '2023_02_16_141245_add_column_soft_deletes_to_sanatorium_posts_table', 3),
(106, '2023_02_16_141405_add_column_soft_deletes_to_sanatorium_tags_table', 3),
(107, '2023_02_16_145645_add_column_user_id_to_sanatorium_card_tags_table', 3),
(108, '2023_02_16_150236_add_column_user_id_to_sanatorium_categories_table', 3),
(109, '2023_02_16_150420_add_column_user_id_to_sanatorium_posts_table', 3),
(110, '2023_02_16_150659_add_column_sanatorium_preview_image_to_sanatorium_posts_table', 3),
(111, '2023_02_16_150903_add_column_user_id_to_sanatorium_tags_table', 3),
(112, '2023_02_22_065021_add_column_berth_to_hostel_posts_table', 3),
(113, '2023_02_22_075425_create_comment_hostels_table', 3),
(114, '2023_02_22_075550_add_column_soft_deletes_to_comment_hostels_table', 3),
(115, '2023_02_23_134004_add_column_berth_to_sanatorium_posts_table', 4),
(116, '2023_02_23_135208_create_comment_sanatoriums_table', 4),
(117, '2023_02_23_135842_add_column_soft_deletes_to_comment_sanatoriums_table', 4),
(118, '2023_02_23_153410_create_sanatorium_todo_lists_table', 4),
(119, '2023_02_23_153419_create_sanatorium_todo_items_table', 4),
(120, '2023_02_23_153433_create_sanatorium_todo_products_table', 4),
(121, '2023_02_23_154140_add_column_soft_deletes_to_sanatorium_todo_lists_table', 4),
(122, '2023_02_27_142421_create_spa_actions_table', 5),
(123, '2023_02_27_142429_create_cafe_actions_table', 5),
(124, '2023_02_27_142437_create_medical_actions_table', 5),
(125, '2023_03_13_132952_add_column_descr_to_posts_table', 6),
(126, '2023_03_14_114151_create_turoperator_cards_table', 7),
(127, '2023_03_14_121439_create_turoperator_card_tags_table', 7),
(128, '2023_03_14_125416_add_column_user_id_to_turoperator_card_tags_table', 7),
(129, '2023_03_14_125607_add_column_soft_deletes_to_turoperator_card_tags_table', 7),
(130, '2023_03_14_133359_create_turoperator_card_images_table', 7),
(131, '2023_03_14_140411_create_turoperator_categories_table', 7),
(132, '2023_03_14_140501_add_column_user_id_to_turoperator_categories_table', 7),
(133, '2023_03_14_140635_add_column_soft_deletes_to_turoperator_categories_table', 7),
(134, '2023_03_14_144130_create_turoperator_card_tag_cards_table', 7),
(135, '2023_03_14_150424_create_turoperator_actions_table', 7),
(136, '2023_03_14_150655_create_turoperator_tags_table', 7),
(137, '2023_03_14_150800_add_column_soft_deletes_to_turoperator_tags_table', 7),
(138, '2023_03_14_151254_create_turoperator_servics_table', 7),
(139, '2023_04_10_071447_create_pre_orders_table', 7),
(140, '2023_04_11_173547_add_column_surname_to_users_table', 7),
(141, '2023_04_11_173840_add_column_age_to_users_table', 7),
(142, '2023_04_11_174028_add_column_phone_to_users_table', 7),
(143, '2023_04_11_174328_add_column_gender_to_users_table', 7),
(144, '2023_04_11_185114_add_column_user_city_to_users_table', 7),
(145, '2023_04_11_185252_add_column_user_district_to_users_table', 7),
(146, '2023_04_17_100623_add_column_name_product_to_pre_orders_table', 7),
(147, '2023_04_17_100840_add_column_image_product_to_pre_orders_table', 7),
(148, '2023_04_17_101615_add_column_role_to_pre_orders_table', 7),
(149, '2023_04_20_163602_create_turoperator_posts_table', 8),
(150, '2023_04_20_164148_create_turoperator_images_table', 8),
(151, '2023_04_20_164309_create_turoperator_post_tags_table', 8),
(152, '2023_04_20_164647_add_column_user_id_to_turoperator_posts_table', 8),
(153, '2023_04_20_165909_add_column_berth_to_turoperator_posts_table', 8),
(154, '2023_04_20_170306_add_column_turoperator_preview_image_to_turoperator_posts_table', 8),
(155, '2023_04_20_171849_add_column_user_id_to_turoperator_tags_table', 8),
(156, '2023_04_21_155245_create_comment_turs_table', 8),
(157, '2023_04_21_160145_add_column_soft_deletes_to_comment_turs_table', 8),
(158, '2023_04_21_163606_add_column_date_to_turoperator_posts_table', 8),
(159, '2023_04_24_074117_add_column_soft_deletes_to_turoperator_posts_table', 9),
(160, '2023_04_24_094851_add_column_soft_deletes_to_cafe_cards_table', 9),
(161, '2023_04_24_100917_add_column_soft_deletes_to_medical_cards_table', 9),
(162, '2023_04_24_103045_add_column_soft_deletes_to_hostel_cards_table', 9),
(163, '2023_04_24_103646_add_column_soft_deletes_to_turoperator_cards_table', 9),
(164, '2023_04_27_170327_create_turoperator_times_table', 10),
(166, '2023_05_19_122421_create_payments_table', 11),
(167, '2023_06_19_175754_create_baners_table', 12),
(168, '2023_06_23_055958_create_cafe_card_images_table', 13),
(169, '2023_06_23_062844_create_spa_card_images_table', 13),
(170, '2023_06_23_070607_create_medical_card_images_table', 13),
(171, '2023_06_28_134316_create_sport_categories_table', 14),
(172, '2023_06_28_134426_create_sport_images_table', 14),
(173, '2023_06_28_134522_create_sport_posts_table', 14),
(174, '2023_06_28_134650_create_sport_tags_table', 14),
(175, '2023_06_28_134738_create_sport_cards_table', 14),
(176, '2023_06_28_134857_create_sport_post_tags_table', 14),
(177, '2023_06_28_134943_create_sport_actions_table', 14),
(178, '2023_06_28_135032_create_sport_card_images_table', 14),
(179, '2023_06_28_135229_create_sport_card_tags_table', 14),
(180, '2023_06_28_135407_create_sport_card_tag_cards_table', 14),
(181, '2023_06_28_135539_create_sport_servics_table', 14),
(182, '2023_06_28_135936_add_column_soft_delete_to_sport_card_tags_table', 14),
(183, '2023_06_28_140038_add_column_soft_delete_to_sport_categories_table', 14),
(184, '2023_06_28_140137_add_column_soft_delete_to_sport_posts_table', 14),
(185, '2023_06_28_140225_add_column_soft_delete_to_sport_tags_table', 14),
(186, '2023_06_28_140346_add_column_user_id_to_sport_card_tags_table', 14),
(187, '2023_06_28_140510_add_column_user_id_to_sport_categories_table', 14),
(188, '2023_06_28_140614_add_column_user_id_to_sport_posts_table', 14),
(189, '2023_06_28_140758_add_column_sport_preview_image_to_sport_posts_table', 14),
(190, '2023_06_28_140855_add_column_user_id_to_sport_tags_table', 14),
(191, '2023_06_28_141010_add_column_berth_to_sport_posts_table', 14),
(192, '2023_06_28_141154_create_comment_sports_table', 14),
(193, '2023_06_28_141305_add_column_soft_delete_to_comment_sports_table', 14),
(194, '2023_06_28_141416_create_sport_todo_lists_table', 14),
(195, '2023_06_28_141515_create_sport_todo_items_table', 14),
(196, '2023_06_28_141602_create_sport_todo_products_table', 14),
(197, '2023_06_28_141717_add_column_soft_delete_to_sport_todo_lists_table', 14),
(198, '2023_07_03_122256_add_column_user_email_to_medical_cards_table', 15),
(199, '2023_07_03_133319_add_column_organization_email_to_pre_orders_table', 15),
(200, '2023_07_03_160647_add_column_user_email_to_spa_cards_table', 15),
(201, '2023_07_04_095835_add_column_user_email_to_cafe_cards_table', 15),
(202, '2023_07_04_095904_add_column_user_email_to_hostel_cards_table', 15),
(203, '2023_07_04_095935_add_column_user_email_to_sanatorium_cards_table', 15),
(204, '2023_07_04_095957_add_column_user_email_to_turoperator_cards_table', 15),
(205, '2023_07_04_100010_add_column_user_email_to_sport_cards_table', 15),
(206, '2023_07_05_113254_add_column_email_status_to_payments_table', 16),
(216, '2023_08_09_154031_create_consulting_cats_table', 17),
(217, '2023_08_09_163418_create_consulting_cat_users_table', 17),
(218, '2023_08_10_163008_create_consulting_posts_table', 17),
(219, '2023_08_16_150121_create_consulting_todo_lists_table', 17),
(220, '2023_08_16_163943_create_consulting_services_table', 17),
(221, '2023_08_18_163931_create_comment_consultings_table', 17),
(228, '2023_08_24_181604_create_orders_consultings_table', 18),
(229, '2023_08_26_144513_add_column_content_to_consulting_cats_table', 18),
(230, '2023_08_27_142207_add_column_email_status_to_orders_consultings_table', 18),
(231, '2023_09_10_052804_create_consulting_lists_table', 18),
(232, '2023_09_10_072408_add_column_price_to_consulting_todo_lists_table', 18),
(233, '2023_09_10_074300_create_consulting_actions_table', 18),
(234, '2023_10_05_160536_create_order_ids_table', 18),
(235, '2024_06_19_120905_add_column_desc_consulting_posts', 19),
(236, '2024_08_27_082121_add_column_name_to_districts', 20),
(237, '2024_08_27_105008_add_column_id_country_to_republics', 20),
(238, '2024_08_27_115239_add_column_id_country_to_cities', 20),
(239, '2024_09_03_112233_add_column_user_republic_to_users', 21);

-- --------------------------------------------------------

--
-- Структура таблицы `orders_consultings`
--

CREATE TABLE `orders_consultings` (
  `id` bigint UNSIGNED NOT NULL,
  `messages` text COLLATE utf8mb4_unicode_ci NOT NULL,
  `company_name` text COLLATE utf8mb4_unicode_ci NOT NULL,
  `card_id` text COLLATE utf8mb4_unicode_ci NOT NULL,
  `user_id` text COLLATE utf8mb4_unicode_ci NOT NULL,
  `created_at` timestamp NULL DEFAULT NULL,
  `updated_at` timestamp NULL DEFAULT NULL,
  `email_status` varchar(255) COLLATE utf8mb4_unicode_ci DEFAULT NULL
) ENGINE=InnoDB DEFAULT CHARSET=utf8mb4 COLLATE=utf8mb4_unicode_ci;

--
-- Дамп данных таблицы `orders_consultings`
--

INSERT INTO `orders_consultings` (`id`, `messages`, `company_name`, `card_id`, `user_id`, `created_at`, `updated_at`, `email_status`) VALUES
(1, 'хочу услугу!', 'какой компании?)))', '5', '67', '2024-02-10 03:53:25', '2024-02-12 02:24:57', 'otpravlen'),
(2, 'asdasd', 'asdasd', '1', '42', '2024-04-08 14:33:28', '2024-04-09 13:58:52', 'otpravlen');

-- --------------------------------------------------------

--
-- Структура таблицы `order_ids`
--

CREATE TABLE `order_ids` (
  `id` bigint UNSIGNED NOT NULL,
  `order_id` varchar(255) COLLATE utf8mb4_unicode_ci NOT NULL,
  `created_at` timestamp NULL DEFAULT NULL,
  `updated_at` timestamp NULL DEFAULT NULL
) ENGINE=InnoDB DEFAULT CHARSET=utf8mb4 COLLATE=utf8mb4_unicode_ci;

-- --------------------------------------------------------

--
-- Структура таблицы `password_resets`
--

CREATE TABLE `password_resets` (
  `email` varchar(255) COLLATE utf8mb4_unicode_ci NOT NULL,
  `token` varchar(255) COLLATE utf8mb4_unicode_ci NOT NULL,
  `created_at` timestamp NULL DEFAULT NULL
) ENGINE=InnoDB DEFAULT CHARSET=utf8mb4 COLLATE=utf8mb4_unicode_ci;

--
-- Дамп данных таблицы `password_resets`
--

INSERT INTO `password_resets` (`email`, `token`, `created_at`) VALUES
('hostel@mail.ru', '$2y$10$b3U3bRGaykySdT/AhhHDnebphuIjWLdn4NmAGq4a8fds2/enGW5d.', '2023-03-01 10:13:14'),
('isxakov2011@yandex.ru', '$2y$10$/kfqDRDF9cpvS2roGmSG..ZkyOXTo2s4IjLMNPwuVjV83yVxX5H2K', '2023-03-20 13:43:23'),
('ram0148888@mail.ru', '$2y$10$qAV1dk2RkdRh9s5cuVgAsOzAxakYFMl5t.cEpTf9UsIRw2LXV82KC', '2023-05-29 08:57:14'),
('saharovaev@mail.ru', '$2y$10$.C94qr4PnxM7pDhOYcIzEOYR1tEGi8hDev1/l5xXFVHijAJHtWDDe', '2023-06-07 12:39:21'),
('hopd@tut.by', '$2y$10$N/EnlK6L63Fy4AgLmK8VCOYomc5GW9sGJkgAa/QyzfxYSfC/nEXnW', '2023-07-15 07:26:31'),
('tihie_berega@mail.ru', '$2y$10$oI4nvkAecHNUyCFwF0yr9.z1zYUoDbJXpr1r.R0bf75upRsOWQCQ6', '2023-07-17 13:51:29'),
('powertyuio1312@gmail.com', '$2y$10$fekYb1BjoW2v.sOsX7I7guhIZHIP0.gPqjcjf8W3qWbi7fybDZXBy', '2024-06-03 07:39:15');

-- --------------------------------------------------------

--
-- Структура таблицы `payments`
--

CREATE TABLE `payments` (
  `id` bigint UNSIGNED NOT NULL,
  `email` varchar(255) COLLATE utf8mb4_unicode_ci NOT NULL,
  `name` varchar(255) COLLATE utf8mb4_unicode_ci NOT NULL,
  `surname` varchar(255) COLLATE utf8mb4_unicode_ci NOT NULL,
  `phone` varchar(255) COLLATE utf8mb4_unicode_ci NOT NULL,
  `user_id` varchar(255) COLLATE utf8mb4_unicode_ci NOT NULL,
  `name_product` varchar(255) COLLATE utf8mb4_unicode_ci NOT NULL,
  `date_product` varchar(255) COLLATE utf8mb4_unicode_ci NOT NULL,
  `total_price_product` varchar(255) COLLATE utf8mb4_unicode_ci NOT NULL,
  `amount` varchar(255) COLLATE utf8mb4_unicode_ci NOT NULL,
  `orderId` varchar(255) COLLATE utf8mb4_unicode_ci NOT NULL,
  `status` varchar(255) COLLATE utf8mb4_unicode_ci NOT NULL DEFAULT '0',
  `products` json NOT NULL,
  `promocode` varchar(255) COLLATE utf8mb4_unicode_ci DEFAULT NULL,
  `created_at` timestamp NULL DEFAULT NULL,
  `updated_at` timestamp NULL DEFAULT NULL,
  `email_status` varchar(255) COLLATE utf8mb4_unicode_ci DEFAULT NULL
) ENGINE=InnoDB DEFAULT CHARSET=utf8mb4 COLLATE=utf8mb4_unicode_ci;

--
-- Дамп данных таблицы `payments`
--

INSERT INTO `payments` (`id`, `email`, `name`, `surname`, `phone`, `user_id`, `name_product`, `date_product`, `total_price_product`, `amount`, `orderId`, `status`, `products`, `promocode`, `created_at`, `updated_at`, `email_status`) VALUES
(228, 'user@mail.ru', 'имя', 'фамилия!', '333333333332', '13', 'Медицинский центр', '25 05 2023', '3000', '30000', '1010', '1', '[{\"id\": 1010, \"date\": \"25 05 2023\", \"role\": \"Мед.центр\", \"user_id\": 13, \"products\": \"{\\\"date\\\": \\\"25 05 2023\\\", \\\"people\\\": 1, \\\"product\\\": null, \\\"totalPrice\\\": 3000, \\\"productList\\\": [{\\\"id\\\": 1, \\\"qty\\\": 1, \\\"price\\\": \\\"300\\\", \\\"product\\\": \\\"Консультация дермалогога\\\"}, {\\\"id\\\": 2, \\\"qty\\\": 1, \\\"price\\\": \\\"1300\\\", \\\"product\\\": \\\"Трихоскопия\\\"}, {\\\"id\\\": 3, \\\"qty\\\": 1, \\\"price\\\": \\\"1400\\\", \\\"product\\\": \\\"Цифровая дерматоскопия\\\"}]}\", \"created_at\": \"2023-05-22 15:12:18\", \"updated_at\": \"2023-05-22 15:12:18\", \"total_price\": 3000, \"name_product\": \"Медицинский центр\", \"image_product\": \"https://tourmeddriver.com/storage/medical_images_card/EyiOJRNs6wUPi7sgQoMJVhGrrlJBri6NiemLHDDP.jpg\"}]', 'ITBQFKHD', '2023-05-22 12:12:36', '2023-07-03 07:04:09', NULL),
(229, 'user@mail.ru', 'имя', 'фамилия!', '333333333332', '13', 'Медицинский центр', '25 05 2023', '3000', '30000', '1010', '0', '[{\"id\": 1010, \"date\": \"25 05 2023\", \"role\": \"Мед.центр\", \"user_id\": 13, \"products\": \"{\\\"date\\\": \\\"25 05 2023\\\", \\\"people\\\": 1, \\\"product\\\": null, \\\"totalPrice\\\": 3000, \\\"productList\\\": [{\\\"id\\\": 1, \\\"qty\\\": 1, \\\"price\\\": \\\"300\\\", \\\"product\\\": \\\"Консультация дермалогога\\\"}, {\\\"id\\\": 2, \\\"qty\\\": 1, \\\"price\\\": \\\"1300\\\", \\\"product\\\": \\\"Трихоскопия\\\"}, {\\\"id\\\": 3, \\\"qty\\\": 1, \\\"price\\\": \\\"1400\\\", \\\"product\\\": \\\"Цифровая дерматоскопия\\\"}]}\", \"created_at\": \"2023-05-22 15:12:18\", \"updated_at\": \"2023-05-22 15:12:18\", \"total_price\": 3000, \"name_product\": \"Медицинский центр\", \"image_product\": \"https://tourmeddriver.com/storage/medical_images_card/EyiOJRNs6wUPi7sgQoMJVhGrrlJBri6NiemLHDDP.jpg\"}]', NULL, '2023-05-22 12:12:55', '2023-05-22 12:12:55', NULL),
(230, 'user@mail.ru', 'имя', 'фамилия!', '333333333332', '13', 'Медицинский центр', '27 05 2023', '6600', '83000', '1012', '0', '[{\"id\": 1012, \"date\": \"27 05 2023\", \"role\": \"Мед.центр\", \"user_id\": 13, \"products\": \"{\\\"date\\\": \\\"27 05 2023\\\", \\\"people\\\": 1, \\\"product\\\": null, \\\"totalPrice\\\": 6600, \\\"productList\\\": [{\\\"id\\\": 1, \\\"qty\\\": 1, \\\"price\\\": \\\"300\\\", \\\"product\\\": \\\"Консультация дермалогога\\\"}, {\\\"id\\\": 2, \\\"qty\\\": 1, \\\"price\\\": \\\"1300\\\", \\\"product\\\": \\\"Трихоскопия\\\"}, {\\\"id\\\": 3, \\\"qty\\\": 1, \\\"price\\\": \\\"1400\\\", \\\"product\\\": \\\"Цифровая дерматоскопия\\\"}, {\\\"id\\\": 9, \\\"qty\\\": 1, \\\"price\\\": \\\"2300\\\", \\\"product\\\": \\\"Первичный прием эндокринолога\\\"}, {\\\"id\\\": 11, \\\"qty\\\": 1, \\\"price\\\": \\\"1300\\\", \\\"product\\\": \\\"Прием детского эндокринолога\\\"}]}\", \"created_at\": \"2023-05-22 15:17:32\", \"updated_at\": \"2023-05-22 15:17:32\", \"total_price\": 6600, \"name_product\": \"Медицинский центр\", \"image_product\": \"https://tourmeddriver.com/storage/medical_images_card/EyiOJRNs6wUPi7sgQoMJVhGrrlJBri6NiemLHDDP.jpg\"}]', NULL, '2023-05-22 12:17:35', '2023-05-22 12:17:35', NULL),
(231, 'hopd@tut.by', 'Дмитрий', 'Нор', '12', '12', 'Салон красоты', '25 05 2023', '1000', '134000', '1015', '0', '[{\"id\": 1011, \"date\": \"24 05 2023\", \"role\": \"Мед.центр\", \"user_id\": 12, \"products\": \"{\\\"date\\\": \\\"24 05 2023\\\", \\\"people\\\": 1, \\\"product\\\": null, \\\"totalPrice\\\": 1700, \\\"productList\\\": [{\\\"id\\\": 1, \\\"qty\\\": 1, \\\"price\\\": \\\"300\\\", \\\"product\\\": \\\"Консультация дермалогога\\\"}, {\\\"id\\\": 3, \\\"qty\\\": 1, \\\"price\\\": \\\"1400\\\", \\\"product\\\": \\\"Цифровая дерматоскопия\\\"}]}\", \"created_at\": \"2023-05-22 15:17:16\", \"updated_at\": \"2023-05-22 15:17:16\", \"total_price\": 1700, \"name_product\": \"Медицинский центр\", \"image_product\": \"https://tourmeddriver.com/storage/medical_images_card/EyiOJRNs6wUPi7sgQoMJVhGrrlJBri6NiemLHDDP.jpg\"}, {\"id\": 1013, \"date\": \"-\", \"role\": \"hostel\", \"user_id\": 12, \"products\": \"{\\\"id\\\": 1, \\\"date\\\": [\\\"24 05 2023\\\", \\\"25 05 2023\\\"], \\\"berth\\\": \\\"2\\\", \\\"price\\\": 5800, \\\"title\\\": \\\"Двухместный люкс\\\", \\\"category\\\": \\\"Двухместные люкс\\\"}\", \"created_at\": \"2023-05-22 15:17:38\", \"updated_at\": \"2023-05-22 15:17:38\", \"total_price\": 5800, \"name_product\": \"Pheasants\", \"image_product\": \"https://tourmeddriver.com/storage/hostel_images_card/4xpsDC6PwXRoFZcZszLNGaxKYeW31Tp4NcA6RLev.jpg\"}, {\"id\": 1014, \"date\": \"24 05 2023\", \"role\": \"cafe\", \"user_id\": 12, \"products\": \"{\\\"date\\\": \\\"24 05 2023\\\", \\\"people\\\": 1, \\\"product\\\": null, \\\"totalPrice\\\": 4900, \\\"productList\\\": [{\\\"id\\\": 24, \\\"qty\\\": 1, \\\"price\\\": \\\"300\\\", \\\"product\\\": \\\"Капуста брюссельская\\\"}, {\\\"id\\\": 23, \\\"qty\\\": 2, \\\"price\\\": 4600, \\\"product\\\": \\\"Фасоль стручковая\\\"}]}\", \"created_at\": \"2023-05-22 15:18:03\", \"updated_at\": \"2023-05-22 15:18:03\", \"total_price\": 4900, \"name_product\": \"Кафе «Баку»\", \"image_product\": \"https://tourmeddriver.com/storage/cafe_images_card/Bf620TfVhX7NAblSAGdbFh48myWnPlVF9NTLumoT.jpg\"}, {\"id\": 1015, \"date\": \"25 05 2023\", \"role\": \"spa\", \"user_id\": 12, \"products\": \"{\\\"date\\\": \\\"25 05 2023\\\", \\\"people\\\": 1, \\\"product\\\": null, \\\"totalPrice\\\": 1000, \\\"productList\\\": [{\\\"id\\\": 6, \\\"qty\\\": 1, \\\"price\\\": \\\"300\\\", \\\"product\\\": \\\"Китайский массаж лица\\\"}, {\\\"id\\\": 7, \\\"qty\\\": 1, \\\"price\\\": \\\"700\\\", \\\"product\\\": \\\"Массаж спины\\\"}]}\", \"created_at\": \"2023-05-22 15:18:21\", \"updated_at\": \"2023-05-22 15:18:21\", \"total_price\": 1000, \"name_product\": \"Салон красоты\", \"image_product\": \"https://tourmeddriver.com/storage/spa_images_card/7GsR2QNuInI8oMHqp9kiP6Fh5cCwYoNAqNCM7Ao8.jpg\"}]', NULL, '2023-05-22 12:18:31', '2023-05-22 12:18:31', NULL),
(232, 'user@mail.ru', 'имя', 'фамилия!', '333333333332', '13', 'Кафе «Баку»', '27 05 2023', '3200', '32000', '1016', '0', '[{\"id\": 1016, \"date\": \"27 05 2023\", \"role\": \"cafe\", \"user_id\": 13, \"products\": \"{\\\"date\\\": \\\"27 05 2023\\\", \\\"people\\\": 1, \\\"product\\\": null, \\\"totalPrice\\\": 3200, \\\"productList\\\": [{\\\"id\\\": 18, \\\"qty\\\": 1, \\\"price\\\": \\\"300\\\", \\\"product\\\": \\\"Стейк из семги\\\"}, {\\\"id\\\": 19, \\\"qty\\\": 1, \\\"price\\\": \\\"1300\\\", \\\"product\\\": \\\"Стейк «Ковбой»\\\"}, {\\\"id\\\": 20, \\\"qty\\\": 1, \\\"price\\\": \\\"500\\\", \\\"product\\\": \\\"Стейк из куриного филе\\\"}, {\\\"id\\\": 21, \\\"qty\\\": 1, \\\"price\\\": \\\"500\\\", \\\"product\\\": \\\"Овощи гриль\\\"}, {\\\"id\\\": 22, \\\"qty\\\": 1, \\\"price\\\": \\\"600\\\", \\\"product\\\": \\\"Картофель Фри\\\"}]}\", \"created_at\": \"2023-05-22 15:18:58\", \"updated_at\": \"2023-05-22 15:18:58\", \"total_price\": 3200, \"name_product\": \"Кафе «Баку»\", \"image_product\": \"https://tourmeddriver.com/storage/cafe_images_card/Bf620TfVhX7NAblSAGdbFh48myWnPlVF9NTLumoT.jpg\"}]', NULL, '2023-05-22 12:19:02', '2023-05-22 12:19:02', NULL),
(233, 'user@mail.ru', 'имя', 'фамилия!', '333333333332', '13', 'Pheasants', '-', '11600', '116000', '1017', '0', '[{\"id\": 1017, \"date\": \"-\", \"role\": \"hostel\", \"user_id\": 13, \"products\": \"{\\\"id\\\": 1, \\\"date\\\": [\\\"24 05 2023\\\", \\\"27 05 2023\\\"], \\\"berth\\\": \\\"2\\\", \\\"price\\\": 11600, \\\"title\\\": \\\"Двухместный люкс\\\", \\\"category\\\": \\\"Двухместные люкс\\\"}\", \"created_at\": \"2023-05-22 15:22:16\", \"updated_at\": \"2023-05-22 15:22:16\", \"total_price\": 11600, \"name_product\": \"Pheasants\", \"image_product\": \"https://tourmeddriver.com/storage/hostel_images_card/4xpsDC6PwXRoFZcZszLNGaxKYeW31Tp4NcA6RLev.jpg\"}]', NULL, '2023-05-22 12:22:23', '2023-05-22 12:22:23', NULL),
(234, 'user@mail.ru', 'имя', 'фамилия!', '333333333332', '13', 'Медицинский центр', '25 05 2023', '3000', '30000', '1019', '0', '[{\"id\": 1019, \"date\": \"25 05 2023\", \"role\": \"Мед.центр\", \"user_id\": 13, \"products\": \"{\\\"date\\\": \\\"25 05 2023\\\", \\\"people\\\": 1, \\\"product\\\": null, \\\"totalPrice\\\": 3000, \\\"productList\\\": [{\\\"id\\\": 1, \\\"qty\\\": 1, \\\"price\\\": \\\"300\\\", \\\"product\\\": \\\"Консультация дермалогога\\\"}, {\\\"id\\\": 2, \\\"qty\\\": 1, \\\"price\\\": \\\"1300\\\", \\\"product\\\": \\\"Трихоскопия\\\"}, {\\\"id\\\": 3, \\\"qty\\\": 1, \\\"price\\\": \\\"1400\\\", \\\"product\\\": \\\"Цифровая дерматоскопия\\\"}]}\", \"created_at\": \"2023-05-22 15:25:04\", \"updated_at\": \"2023-05-22 15:25:04\", \"total_price\": 3000, \"name_product\": \"Медицинский центр\", \"image_product\": \"https://tourmeddriver.com/storage/medical_images_card/EyiOJRNs6wUPi7sgQoMJVhGrrlJBri6NiemLHDDP.jpg\"}]', NULL, '2023-05-22 12:25:07', '2023-05-22 12:25:07', NULL),
(235, 'user@mail.ru', 'имя', 'фамилия!', '333333333332', '13', 'Медицинский центр', '25 05 2023', '300', '3000', '1020', '0', '[{\"id\": 1020, \"date\": \"25 05 2023\", \"role\": \"Мед.центр\", \"user_id\": 13, \"products\": \"{\\\"date\\\": \\\"25 05 2023\\\", \\\"people\\\": 1, \\\"product\\\": null, \\\"totalPrice\\\": 300, \\\"productList\\\": [{\\\"id\\\": 1, \\\"qty\\\": 1, \\\"price\\\": \\\"300\\\", \\\"product\\\": \\\"Консультация дермалогога\\\"}]}\", \"created_at\": \"2023-05-22 15:29:43\", \"updated_at\": \"2023-05-22 15:29:43\", \"total_price\": 300, \"name_product\": \"Медицинский центр\", \"image_product\": \"https://tourmeddriver.com/storage/medical_images_card/EyiOJRNs6wUPi7sgQoMJVhGrrlJBri6NiemLHDDP.jpg\"}]', NULL, '2023-05-22 12:29:46', '2023-05-22 12:29:46', NULL),
(236, 'user@mail.ru', 'имя', 'фамилия!', '333333333332', '13', 'Медицинский центр', '25 05 2023', '300', '3000', '1020', '0', '[{\"id\": 1020, \"date\": \"25 05 2023\", \"role\": \"Мед.центр\", \"user_id\": 13, \"products\": \"{\\\"date\\\": \\\"25 05 2023\\\", \\\"people\\\": 1, \\\"product\\\": null, \\\"totalPrice\\\": 300, \\\"productList\\\": [{\\\"id\\\": 1, \\\"qty\\\": 1, \\\"price\\\": \\\"300\\\", \\\"product\\\": \\\"Консультация дермалогога\\\"}]}\", \"created_at\": \"2023-05-22 15:29:43\", \"updated_at\": \"2023-05-22 15:29:43\", \"total_price\": 300, \"name_product\": \"Медицинский центр\", \"image_product\": \"https://tourmeddriver.com/storage/medical_images_card/EyiOJRNs6wUPi7sgQoMJVhGrrlJBri6NiemLHDDP.jpg\"}]', NULL, '2023-05-22 12:30:28', '2023-05-22 12:30:28', NULL),
(237, 'user@mail.ru', 'имя', 'фамилия!', '333333333332', '13', 'Медицинский центр', '25 05 2023', '300', '3000', '1020', '0', '[{\"id\": 1020, \"date\": \"25 05 2023\", \"role\": \"Мед.центр\", \"user_id\": 13, \"products\": \"{\\\"date\\\": \\\"25 05 2023\\\", \\\"people\\\": 1, \\\"product\\\": null, \\\"totalPrice\\\": 300, \\\"productList\\\": [{\\\"id\\\": 1, \\\"qty\\\": 1, \\\"price\\\": \\\"300\\\", \\\"product\\\": \\\"Консультация дермалогога\\\"}]}\", \"created_at\": \"2023-05-22 15:29:43\", \"updated_at\": \"2023-05-22 15:29:43\", \"total_price\": 300, \"name_product\": \"Медицинский центр\", \"image_product\": \"https://tourmeddriver.com/storage/medical_images_card/EyiOJRNs6wUPi7sgQoMJVhGrrlJBri6NiemLHDDP.jpg\"}]', NULL, '2023-05-22 12:32:23', '2023-05-22 12:32:23', NULL),
(238, 'user@mail.ru', 'имя', 'фамилия!', '333333333332', '13', 'Кафе «Баку»', '25 05 2023', '300', '3000', '1021', '0', '[{\"id\": 1021, \"date\": \"25 05 2023\", \"role\": \"cafe\", \"user_id\": 13, \"products\": \"{\\\"date\\\": \\\"25 05 2023\\\", \\\"people\\\": 1, \\\"product\\\": null, \\\"totalPrice\\\": 300, \\\"productList\\\": [{\\\"id\\\": 18, \\\"qty\\\": 1, \\\"price\\\": \\\"300\\\", \\\"product\\\": \\\"Стейк из семги\\\"}]}\", \"created_at\": \"2023-05-22 15:34:43\", \"updated_at\": \"2023-05-22 15:34:43\", \"total_price\": 300, \"name_product\": \"Кафе «Баку»\", \"image_product\": \"https://tourmeddriver.com/storage/cafe_images_card/Bf620TfVhX7NAblSAGdbFh48myWnPlVF9NTLumoT.jpg\"}]', NULL, '2023-05-22 12:34:46', '2023-05-22 12:34:46', NULL),
(239, 'user@mail.ru', 'имя', 'фамилия!', '333333333332', '13', 'Pheasants', '-', '8700', '87000', '1022', '0', '[{\"id\": 1022, \"date\": \"-\", \"role\": \"hostel\", \"user_id\": 13, \"products\": \"{\\\"id\\\": 1, \\\"date\\\": [\\\"26 05 2023\\\", \\\"28 05 2023\\\"], \\\"berth\\\": \\\"2\\\", \\\"price\\\": 8700, \\\"title\\\": \\\"Двухместный люкс\\\", \\\"category\\\": \\\"Двухместные люкс\\\"}\", \"created_at\": \"2023-05-22 15:37:51\", \"updated_at\": \"2023-05-22 15:37:51\", \"total_price\": 8700, \"name_product\": \"Pheasants\", \"image_product\": \"https://tourmeddriver.com/storage/hostel_images_card/4xpsDC6PwXRoFZcZszLNGaxKYeW31Tp4NcA6RLev.jpg\"}]', NULL, '2023-05-22 12:37:55', '2023-05-22 12:37:55', NULL),
(240, 'user@mail.ru', 'имя', 'фамилия!', '333333333332', '13', 'Медицинский центр', '28 05 2023', '9600', '96000', '1023', '0', '[{\"id\": 1023, \"date\": \"28 05 2023\", \"role\": \"Мед.центр\", \"user_id\": 13, \"products\": \"{\\\"date\\\": \\\"28 05 2023\\\", \\\"people\\\": 1, \\\"product\\\": null, \\\"totalPrice\\\": 9600, \\\"productList\\\": [{\\\"id\\\": 1, \\\"qty\\\": 1, \\\"price\\\": \\\"300\\\", \\\"product\\\": \\\"Консультация дермалогога\\\"}, {\\\"id\\\": 2, \\\"qty\\\": 1, \\\"price\\\": \\\"1300\\\", \\\"product\\\": \\\"Трихоскопия\\\"}, {\\\"id\\\": 3, \\\"qty\\\": 1, \\\"price\\\": \\\"1400\\\", \\\"product\\\": \\\"Цифровая дерматоскопия\\\"}, {\\\"id\\\": 9, \\\"qty\\\": 1, \\\"price\\\": \\\"2300\\\", \\\"product\\\": \\\"Первичный прием эндокринолога\\\"}, {\\\"id\\\": 10, \\\"qty\\\": 1, \\\"price\\\": \\\"4300\\\", \\\"product\\\": \\\"Повторный прием эндокринолога\\\"}]}\", \"created_at\": \"2023-05-22 15:41:04\", \"updated_at\": \"2023-05-22 15:41:04\", \"total_price\": 9600, \"name_product\": \"Медицинский центр\", \"image_product\": \"https://tourmeddriver.com/storage/medical_images_card/EyiOJRNs6wUPi7sgQoMJVhGrrlJBri6NiemLHDDP.jpg\"}]', NULL, '2023-05-22 12:41:12', '2023-05-22 12:41:12', NULL),
(241, 'user@mail.ru', 'имя', 'фамилия!', '333333333332', '13', 'Pheasants', '-', '14500', '145000', '1024', '0', '[{\"id\": 1024, \"date\": \"-\", \"role\": \"hostel\", \"user_id\": 13, \"products\": \"{\\\"id\\\": 1, \\\"date\\\": [\\\"24 05 2023\\\", \\\"28 05 2023\\\"], \\\"berth\\\": \\\"2\\\", \\\"price\\\": 14500, \\\"title\\\": \\\"Двухместный люкс\\\", \\\"category\\\": \\\"Двухместные люкс\\\"}\", \"created_at\": \"2023-05-22 15:43:58\", \"updated_at\": \"2023-05-22 15:43:58\", \"total_price\": 14500, \"name_product\": \"Pheasants\", \"image_product\": \"https://tourmeddriver.com/storage/hostel_images_card/4xpsDC6PwXRoFZcZszLNGaxKYeW31Tp4NcA6RLev.jpg\"}]', NULL, '2023-05-22 12:44:01', '2023-05-22 12:44:01', NULL),
(242, 'user@mail.ru', 'имя', 'фамилия!', '333333333332', '13', 'Медицинский центр', '25 05 2023', '3700', '37000', '1025', '0', '[{\"id\": 1025, \"date\": \"25 05 2023\", \"role\": \"Мед.центр\", \"user_id\": 13, \"products\": \"{\\\"date\\\": \\\"25 05 2023\\\", \\\"people\\\": 1, \\\"product\\\": null, \\\"totalPrice\\\": 3700, \\\"productList\\\": [{\\\"id\\\": 3, \\\"qty\\\": 1, \\\"price\\\": \\\"1400\\\", \\\"product\\\": \\\"Цифровая дерматоскопия\\\"}, {\\\"id\\\": 9, \\\"qty\\\": 1, \\\"price\\\": \\\"2300\\\", \\\"product\\\": \\\"Первичный прием эндокринолога\\\"}]}\", \"created_at\": \"2023-05-22 15:51:34\", \"updated_at\": \"2023-05-22 15:51:34\", \"total_price\": 3700, \"name_product\": \"Медицинский центр\", \"image_product\": \"https://tourmeddriver.com/storage/medical_images_card/EyiOJRNs6wUPi7sgQoMJVhGrrlJBri6NiemLHDDP.jpg\"}]', NULL, '2023-05-22 12:51:37', '2023-05-22 12:51:37', NULL),
(243, 'user@mail.ru', 'имя', 'фамилия!', '333333333332', '13', 'Медицинский центр', '24 05 2023', '300', '3000', '1026', '0', '[{\"id\": 1026, \"date\": \"24 05 2023\", \"role\": \"Мед.центр\", \"user_id\": 13, \"products\": \"{\\\"date\\\": \\\"24 05 2023\\\", \\\"people\\\": 1, \\\"product\\\": null, \\\"totalPrice\\\": 300, \\\"productList\\\": [{\\\"id\\\": 1, \\\"qty\\\": 1, \\\"price\\\": \\\"300\\\", \\\"product\\\": \\\"Консультация дермалогога\\\"}]}\", \"created_at\": \"2023-05-22 15:53:11\", \"updated_at\": \"2023-05-22 15:53:11\", \"total_price\": 300, \"name_product\": \"Медицинский центр\", \"image_product\": \"https://tourmeddriver.com/storage/medical_images_card/EyiOJRNs6wUPi7sgQoMJVhGrrlJBri6NiemLHDDP.jpg\"}]', NULL, '2023-05-22 12:53:14', '2023-05-22 12:53:14', NULL),
(244, 'user@mail.ru', 'имя', 'фамилия!', '333333333332', '13', 'Медицинский центр', '25 05 2023', '14300', '143000', '1027', '0', '[{\"id\": 1027, \"date\": \"25 05 2023\", \"role\": \"Мед.центр\", \"user_id\": 13, \"products\": \"{\\\"date\\\": \\\"25 05 2023\\\", \\\"people\\\": 1, \\\"product\\\": null, \\\"totalPrice\\\": 14300, \\\"productList\\\": [{\\\"id\\\": 1, \\\"qty\\\": 1, \\\"price\\\": \\\"300\\\", \\\"product\\\": \\\"Консультация дермалогога\\\"}, {\\\"id\\\": 2, \\\"qty\\\": 1, \\\"price\\\": \\\"1300\\\", \\\"product\\\": \\\"Трихоскопия\\\"}, {\\\"id\\\": 3, \\\"qty\\\": 1, \\\"price\\\": \\\"1400\\\", \\\"product\\\": \\\"Цифровая дерматоскопия\\\"}, {\\\"id\\\": 9, \\\"qty\\\": 1, \\\"price\\\": \\\"2300\\\", \\\"product\\\": \\\"Первичный прием эндокринолога\\\"}, {\\\"id\\\": 10, \\\"qty\\\": 1, \\\"price\\\": \\\"4300\\\", \\\"product\\\": \\\"Повторный прием эндокринолога\\\"}, {\\\"id\\\": 11, \\\"qty\\\": 1, \\\"price\\\": \\\"1300\\\", \\\"product\\\": \\\"Прием детского эндокринолога\\\"}, {\\\"id\\\": 12, \\\"qty\\\": 1, \\\"price\\\": \\\"500\\\", \\\"product\\\": \\\"УЗИ печени и желчного пузыря\\\"}, {\\\"id\\\": 13, \\\"qty\\\": 1, \\\"price\\\": \\\"300\\\", \\\"product\\\": \\\"УЗИ поджелудочной железы\\\"}, {\\\"id\\\": 14, \\\"qty\\\": 1, \\\"price\\\": \\\"300\\\", \\\"product\\\": \\\"УЗИ брюшной полости и почек\\\"}, {\\\"id\\\": 15, \\\"qty\\\": 1, \\\"price\\\": \\\"2300\\\", \\\"product\\\": \\\"УЗИ почек и надпочечников\\\"}]}\", \"created_at\": \"2023-05-22 15:57:12\", \"updated_at\": \"2023-05-22 15:57:12\", \"total_price\": 14300, \"name_product\": \"Медицинский центр\", \"image_product\": \"https://tourmeddriver.com/storage/medical_images_card/EyiOJRNs6wUPi7sgQoMJVhGrrlJBri6NiemLHDDP.jpg\"}]', '123456', '2023-05-22 12:57:16', '2023-05-22 12:57:16', NULL),
(245, 'user@mail.ru', 'имя', 'фамилия!', '333333333332', '13', 'Медицинский центр', '26 05 2023', '6600', '66000', '1028', '0', '[{\"id\": 1028, \"date\": \"26 05 2023\", \"role\": \"Мед.центр\", \"user_id\": 13, \"products\": \"{\\\"date\\\": \\\"26 05 2023\\\", \\\"people\\\": 1, \\\"product\\\": null, \\\"totalPrice\\\": 6600, \\\"productList\\\": [{\\\"id\\\": 10, \\\"qty\\\": 1, \\\"price\\\": \\\"4300\\\", \\\"product\\\": \\\"Повторный прием эндокринолога\\\"}, {\\\"id\\\": 9, \\\"qty\\\": 1, \\\"price\\\": \\\"2300\\\", \\\"product\\\": \\\"Первичный прием эндокринолога\\\"}]}\", \"created_at\": \"2023-05-22 16:03:39\", \"updated_at\": \"2023-05-22 16:03:39\", \"total_price\": 6600, \"name_product\": \"Медицинский центр\", \"image_product\": \"https://tourmeddriver.com/storage/medical_images_card/EyiOJRNs6wUPi7sgQoMJVhGrrlJBri6NiemLHDDP.jpg\"}]', NULL, '2023-05-22 13:03:43', '2023-05-22 13:03:43', NULL),
(246, 'user@mail.ru', 'имя', 'фамилия!', '333333333332', '13', 'Медицинский центр', '25 05 2023', '10900', '109000', '1029', '0', '[{\"id\": 1029, \"date\": \"25 05 2023\", \"role\": \"Мед.центр\", \"user_id\": 13, \"products\": \"{\\\"date\\\": \\\"25 05 2023\\\", \\\"people\\\": 1, \\\"product\\\": null, \\\"totalPrice\\\": 10900, \\\"productList\\\": [{\\\"id\\\": 1, \\\"qty\\\": 1, \\\"price\\\": \\\"300\\\", \\\"product\\\": \\\"Консультация дермалогога\\\"}, {\\\"id\\\": 2, \\\"qty\\\": 1, \\\"price\\\": \\\"1300\\\", \\\"product\\\": \\\"Трихоскопия\\\"}, {\\\"id\\\": 3, \\\"qty\\\": 1, \\\"price\\\": \\\"1400\\\", \\\"product\\\": \\\"Цифровая дерматоскопия\\\"}, {\\\"id\\\": 9, \\\"qty\\\": 1, \\\"price\\\": \\\"2300\\\", \\\"product\\\": \\\"Первичный прием эндокринолога\\\"}, {\\\"id\\\": 10, \\\"qty\\\": 1, \\\"price\\\": \\\"4300\\\", \\\"product\\\": \\\"Повторный прием эндокринолога\\\"}, {\\\"id\\\": 11, \\\"qty\\\": 1, \\\"price\\\": \\\"1300\\\", \\\"product\\\": \\\"Прием детского эндокринолога\\\"}]}\", \"created_at\": \"2023-05-22 16:23:32\", \"updated_at\": \"2023-05-22 16:23:32\", \"total_price\": 10900, \"name_product\": \"Медицинский центр\", \"image_product\": \"https://tourmeddriver.com/storage/medical_images_card/EyiOJRNs6wUPi7sgQoMJVhGrrlJBri6NiemLHDDP.jpg\"}]', NULL, '2023-05-22 13:23:35', '2023-05-22 13:23:35', NULL),
(247, 'user@mail.ru', 'имя', 'фамилия!', '333333333332', '13', 'Медицинский центр', '30 05 2023', '7000', '107000', '1031', '0', '[{\"id\": 1030, \"date\": \"30 05 2023\", \"role\": \"Мед.центр\", \"user_id\": 13, \"products\": \"{\\\"date\\\": \\\"30 05 2023\\\", \\\"people\\\": 1, \\\"product\\\": null, \\\"totalPrice\\\": 3700, \\\"productList\\\": [{\\\"id\\\": 12, \\\"qty\\\": 1, \\\"price\\\": \\\"500\\\", \\\"product\\\": \\\"УЗИ печени и желчного пузыря\\\"}, {\\\"id\\\": 13, \\\"qty\\\": 1, \\\"price\\\": \\\"300\\\", \\\"product\\\": \\\"УЗИ поджелудочной железы\\\"}, {\\\"id\\\": 14, \\\"qty\\\": 2, \\\"price\\\": 600, \\\"product\\\": \\\"УЗИ брюшной полости и почек\\\"}, {\\\"id\\\": 15, \\\"qty\\\": 1, \\\"price\\\": \\\"2300\\\", \\\"product\\\": \\\"УЗИ почек и надпочечников\\\"}]}\", \"created_at\": \"2023-05-22 16:29:03\", \"updated_at\": \"2023-05-22 16:29:03\", \"total_price\": 3700, \"name_product\": \"Медицинский центр\", \"image_product\": \"https://tourmeddriver.com/storage/medical_images_card/EyiOJRNs6wUPi7sgQoMJVhGrrlJBri6NiemLHDDP.jpg\"}, {\"id\": 1031, \"date\": \"30 05 2023\", \"role\": \"Мед.центр\", \"user_id\": 13, \"products\": \"{\\\"date\\\": \\\"30 05 2023\\\", \\\"people\\\": 1, \\\"product\\\": null, \\\"totalPrice\\\": 7000, \\\"productList\\\": [{\\\"id\\\": 3, \\\"qty\\\": 1, \\\"price\\\": \\\"1400\\\", \\\"product\\\": \\\"Цифровая дерматоскопия\\\"}, {\\\"id\\\": 10, \\\"qty\\\": 1, \\\"price\\\": \\\"4300\\\", \\\"product\\\": \\\"Повторный прием эндокринолога\\\"}, {\\\"id\\\": 11, \\\"qty\\\": 1, \\\"price\\\": \\\"1300\\\", \\\"product\\\": \\\"Прием детского эндокринолога\\\"}]}\", \"created_at\": \"2023-05-22 16:29:59\", \"updated_at\": \"2023-05-22 16:29:59\", \"total_price\": 7000, \"name_product\": \"Медицинский центр\", \"image_product\": \"https://tourmeddriver.com/storage/medical_images_card/EyiOJRNs6wUPi7sgQoMJVhGrrlJBri6NiemLHDDP.jpg\"}]', 'fWQXsgRH', '2023-05-22 13:30:02', '2023-05-22 13:30:24', NULL),
(248, 'user@mail.ru', 'имя', 'фамилия!', '333333333332', '13', 'Медицинский центр', '26 05 2023', '20900', '837500', '1035', '1', '[{\"id\": 1032, \"date\": \"-\", \"role\": \"tur\", \"user_id\": 13, \"products\": \"{\\\"id\\\": 1, \\\"date\\\": \\\"08.08.23 - 12.08.23\\\", \\\"berth\\\": 1, \\\"price\\\": 50000, \\\"title\\\": \\\"Экскурсионный тур по Дагестану\\\", \\\"category\\\": \\\"Отель 3 звезды\\\"}\", \"created_at\": \"2023-05-22 16:32:22\", \"updated_at\": \"2023-05-22 16:32:22\", \"total_price\": 50000, \"name_product\": \"Туроператор Дагестан\", \"image_product\": \"https://tourmeddriver.com/storage/turoperator_images_card/iNa0eRGdRldSwUK40CRr6jHdeSuQy8SPl09Y9dX1.jpg\"}, {\"id\": 1033, \"date\": \"26 05 2023\", \"role\": \"cafe\", \"user_id\": 13, \"products\": \"{\\\"date\\\": \\\"26 05 2023\\\", \\\"people\\\": 1, \\\"product\\\": null, \\\"totalPrice\\\": 4500, \\\"productList\\\": [{\\\"id\\\": 21, \\\"qty\\\": 1, \\\"price\\\": \\\"500\\\", \\\"product\\\": \\\"Овощи гриль\\\"}, {\\\"id\\\": 22, \\\"qty\\\": 1, \\\"price\\\": \\\"600\\\", \\\"product\\\": \\\"Картофель Фри\\\"}, {\\\"id\\\": 23, \\\"qty\\\": 1, \\\"price\\\": \\\"2300\\\", \\\"product\\\": \\\"Фасоль стручковая\\\"}, {\\\"id\\\": 24, \\\"qty\\\": 1, \\\"price\\\": \\\"300\\\", \\\"product\\\": \\\"Капуста брюссельская\\\"}, {\\\"id\\\": 28, \\\"qty\\\": 1, \\\"price\\\": \\\"300\\\", \\\"product\\\": \\\"Борщ\\\"}, {\\\"id\\\": 29, \\\"qty\\\": 1, \\\"price\\\": \\\"500\\\", \\\"product\\\": \\\"Солянка\\\"}]}\", \"created_at\": \"2023-05-22 16:32:36\", \"updated_at\": \"2023-05-22 16:32:36\", \"total_price\": 4500, \"name_product\": \"Кафе «Баку»\", \"image_product\": \"https://tourmeddriver.com/storage/cafe_images_card/Bf620TfVhX7NAblSAGdbFh48myWnPlVF9NTLumoT.jpg\"}, {\"id\": 1034, \"date\": \"-\", \"role\": \"sanatorium\", \"user_id\": 13, \"products\": \"{\\\"id\\\": 1, \\\"date\\\": [\\\"24 05 2023\\\", \\\"28 05 2023\\\"], \\\"berth\\\": \\\"1\\\", \\\"title\\\": \\\"Одноместный\\\", \\\"product\\\": null, \\\"category\\\": \\\"Одноместный\\\", \\\"totalPrice\\\": 3550, \\\"productList\\\": [{\\\"id\\\": 1, \\\"qty\\\": 1, \\\"price\\\": \\\"300\\\", \\\"product\\\": \\\"Ванна жемчужная\\\"}, {\\\"id\\\": 3, \\\"qty\\\": 1, \\\"price\\\": \\\"250\\\", \\\"product\\\": \\\"Ванна шоколадная\\\"}, {\\\"id\\\": 8, \\\"qty\\\": 1, \\\"price\\\": \\\"800\\\", \\\"product\\\": \\\"Электролечение\\\"}, {\\\"id\\\": 9, \\\"qty\\\": 1, \\\"price\\\": \\\"1000\\\", \\\"product\\\": \\\"Светолечение\\\"}]}\", \"created_at\": \"2023-05-22 16:32:51\", \"updated_at\": \"2023-05-22 16:32:51\", \"total_price\": 8350, \"name_product\": \"Санаторий\", \"image_product\": \"https://tourmeddriver.com/storage/sanatorium_images_card/FwDfiCCFXtALj7UjXNeR3B98kmfwQM2yVvj38tt0.jpg\"}, {\"id\": 1035, \"date\": \"26 05 2023\", \"role\": \"Мед.центр\", \"user_id\": 13, \"products\": \"{\\\"date\\\": \\\"26 05 2023\\\", \\\"people\\\": 1, \\\"product\\\": null, \\\"totalPrice\\\": 20900, \\\"productList\\\": [{\\\"id\\\": 3, \\\"qty\\\": 1, \\\"price\\\": \\\"1400\\\", \\\"product\\\": \\\"Цифровая дерматоскопия\\\"}, {\\\"id\\\": 9, \\\"qty\\\": 2, \\\"price\\\": 4600, \\\"product\\\": \\\"Первичный прием эндокринолога\\\"}, {\\\"id\\\": 1, \\\"qty\\\": 1, \\\"price\\\": \\\"300\\\", \\\"product\\\": \\\"Консультация дермалогога\\\"}, {\\\"id\\\": 2, \\\"qty\\\": 1, \\\"price\\\": \\\"1300\\\", \\\"product\\\": \\\"Трихоскопия\\\"}, {\\\"id\\\": 10, \\\"qty\\\": 1, \\\"price\\\": \\\"4300\\\", \\\"product\\\": \\\"Повторный прием эндокринолога\\\"}, {\\\"id\\\": 11, \\\"qty\\\": 1, \\\"price\\\": \\\"1300\\\", \\\"product\\\": \\\"Прием детского эндокринолога\\\"}, {\\\"id\\\": 12, \\\"qty\\\": 1, \\\"price\\\": \\\"500\\\", \\\"product\\\": \\\"УЗИ печени и желчного пузыря\\\"}, {\\\"id\\\": 13, \\\"qty\\\": 1, \\\"price\\\": \\\"300\\\", \\\"product\\\": \\\"УЗИ поджелудочной железы\\\"}, {\\\"id\\\": 14, \\\"qty\\\": 1, \\\"price\\\": \\\"300\\\", \\\"product\\\": \\\"УЗИ брюшной полости и почек\\\"}, {\\\"id\\\": 15, \\\"qty\\\": 1, \\\"price\\\": \\\"2300\\\", \\\"product\\\": \\\"УЗИ почек и надпочечников\\\"}, {\\\"id\\\": 16, \\\"qty\\\": 1, \\\"price\\\": \\\"1300\\\", \\\"product\\\": \\\"Первичный прием врача уролога\\\"}, {\\\"id\\\": 17, \\\"qty\\\": 1, \\\"price\\\": \\\"500\\\", \\\"product\\\": \\\"Ректальный осмотр простаты\\\"}, {\\\"id\\\": 18, \\\"qty\\\": 1, \\\"price\\\": \\\"2500\\\", \\\"product\\\": \\\"Цистоскопия\\\"}]}\", \"created_at\": \"2023-05-22 16:33:08\", \"updated_at\": \"2023-05-22 16:33:08\", \"total_price\": 20900, \"name_product\": \"Медицинский центр\", \"image_product\": \"https://tourmeddriver.com/storage/medical_images_card/EyiOJRNs6wUPi7sgQoMJVhGrrlJBri6NiemLHDDP.jpg\"}]', 'FcD6Xa91', '2023-05-22 13:33:14', '2023-05-22 13:33:30', NULL),
(249, 'vladuk92@mail.ru', 'vova', 'Lddd', '+375173478834', '16', 'Салон красоты', '26 07 2023', '12323', '123230', '1036', '0', '[{\"id\": 1036, \"date\": \"26 07 2023\", \"role\": \"spa\", \"user_id\": 16, \"products\": \"{\\\"date\\\": \\\"26 07 2023\\\", \\\"people\\\": 1, \\\"product\\\": null, \\\"totalPrice\\\": 12323, \\\"productList\\\": [{\\\"id\\\": 1, \\\"qty\\\": 1, \\\"price\\\": \\\"1300\\\", \\\"product\\\": \\\"Холистик SPA-уход\\\"}, {\\\"id\\\": 2, \\\"qty\\\": 1, \\\"price\\\": \\\"1300\\\", \\\"product\\\": \\\"Фитнес SPA-уход\\\"}, {\\\"id\\\": 3, \\\"qty\\\": 1, \\\"price\\\": \\\"1200\\\", \\\"product\\\": \\\"Арома SPA-уход\\\"}, {\\\"id\\\": 4, \\\"qty\\\": 1, \\\"price\\\": \\\"500\\\", \\\"product\\\": \\\"Массаж лица косметический\\\"}, {\\\"id\\\": 5, \\\"qty\\\": 1, \\\"price\\\": \\\"500\\\", \\\"product\\\": \\\"Испанский массаж лица\\\"}, {\\\"id\\\": 6, \\\"qty\\\": 1, \\\"price\\\": \\\"300\\\", \\\"product\\\": \\\"Китайский массаж лица\\\"}, {\\\"id\\\": 7, \\\"qty\\\": 1, \\\"price\\\": \\\"700\\\", \\\"product\\\": \\\"Массаж спины\\\"}, {\\\"id\\\": 8, \\\"qty\\\": 1, \\\"price\\\": \\\"800\\\", \\\"product\\\": \\\"Массаж всего тела\\\"}, {\\\"id\\\": 9, \\\"qty\\\": 1, \\\"price\\\": \\\"800\\\", \\\"product\\\": \\\"Женская стрижка короткий волос\\\"}, {\\\"id\\\": 10, \\\"qty\\\": 1, \\\"price\\\": \\\"900\\\", \\\"product\\\": \\\"Женская стрижка длинный волос\\\"}, {\\\"id\\\": 11, \\\"qty\\\": 1, \\\"price\\\": \\\"123\\\", \\\"product\\\": \\\"Мужская стрижка\\\"}, {\\\"id\\\": 12, \\\"qty\\\": 1, \\\"price\\\": \\\"300\\\", \\\"product\\\": \\\"Макияж дневной\\\"}, {\\\"id\\\": 13, \\\"qty\\\": 1, \\\"price\\\": \\\"1300\\\", \\\"product\\\": \\\"Макияж вечерний\\\"}, {\\\"id\\\": 14, \\\"qty\\\": 1, \\\"price\\\": \\\"500\\\", \\\"product\\\": \\\"Коррекция бровей\\\"}, {\\\"id\\\": 15, \\\"qty\\\": 1, \\\"price\\\": \\\"500\\\", \\\"product\\\": \\\"Ламинирование ресниц\\\"}, {\\\"id\\\": 16, \\\"qty\\\": 1, \\\"price\\\": \\\"500\\\", \\\"product\\\": \\\"Маникюр классический\\\"}, {\\\"id\\\": 17, \\\"qty\\\": 1, \\\"price\\\": \\\"500\\\", \\\"product\\\": \\\"Маникюр аппаратный\\\"}, {\\\"id\\\": 18, \\\"qty\\\": 1, \\\"price\\\": \\\"300\\\", \\\"product\\\": \\\"Наращивание ногтей\\\"}]}\", \"created_at\": \"2023-05-22 16:42:11\", \"updated_at\": \"2023-05-22 16:42:11\", \"total_price\": 12323, \"name_product\": \"Салон красоты\", \"image_product\": \"https://tourmeddriver.com/storage/spa_images_card/7GsR2QNuInI8oMHqp9kiP6Fh5cCwYoNAqNCM7Ao8.jpg\"}]', 'hb3RMO7n', '2023-05-22 13:42:15', '2023-05-22 13:42:30', NULL),
(250, 'user@mail.ru', 'имя', 'фамилия!', '333333333332', '13', 'Салон красоты', '26 05 2023', '4800', '48000', '1037', '1', '[{\"id\": 1037, \"date\": \"26 05 2023\", \"role\": \"spa\", \"user_id\": 13, \"products\": \"{\\\"date\\\": \\\"26 05 2023\\\", \\\"people\\\": 1, \\\"product\\\": null, \\\"totalPrice\\\": 4800, \\\"productList\\\": [{\\\"id\\\": 1, \\\"qty\\\": 1, \\\"price\\\": \\\"1300\\\", \\\"product\\\": \\\"Холистик SPA-уход\\\"}, {\\\"id\\\": 2, \\\"qty\\\": 1, \\\"price\\\": \\\"1300\\\", \\\"product\\\": \\\"Фитнес SPA-уход\\\"}, {\\\"id\\\": 3, \\\"qty\\\": 1, \\\"price\\\": \\\"1200\\\", \\\"product\\\": \\\"Арома SPA-уход\\\"}, {\\\"id\\\": 6, \\\"qty\\\": 1, \\\"price\\\": \\\"300\\\", \\\"product\\\": \\\"Китайский массаж лица\\\"}, {\\\"id\\\": 7, \\\"qty\\\": 1, \\\"price\\\": \\\"700\\\", \\\"product\\\": \\\"Массаж спины\\\"}]}\", \"created_at\": \"2023-05-22 20:18:13\", \"updated_at\": \"2023-05-22 20:18:13\", \"total_price\": 4800, \"name_product\": \"Салон красоты\", \"image_product\": \"https://tourmeddriver.com/storage/spa_images_card/7GsR2QNuInI8oMHqp9kiP6Fh5cCwYoNAqNCM7Ao8.jpg\"}]', 'd24PfnDu', '2023-05-22 17:18:31', '2023-05-22 17:19:03', NULL),
(251, 'hopd@tut.by', 'Дмитрий', 'Нор', '12', '12', 'Салон красоты', '24 05 2023', '1300', '100000', '1040', '1', '[{\"id\": 1038, \"date\": \"24 05 2023\", \"role\": \"Мед.центр\", \"user_id\": 12, \"products\": \"{\\\"date\\\": \\\"24 05 2023\\\", \\\"people\\\": 1, \\\"product\\\": null, \\\"totalPrice\\\": 2900, \\\"productList\\\": [{\\\"id\\\": 1, \\\"qty\\\": 1, \\\"price\\\": \\\"300\\\", \\\"product\\\": \\\"Консультация дермалогога\\\"}, {\\\"id\\\": 2, \\\"qty\\\": 1, \\\"price\\\": \\\"1300\\\", \\\"product\\\": \\\"Трихоскопия\\\"}, {\\\"id\\\": 16, \\\"qty\\\": 1, \\\"price\\\": \\\"1300\\\", \\\"product\\\": \\\"Первичный прием врача уролога\\\"}]}\", \"created_at\": \"2023-05-22 20:52:14\", \"updated_at\": \"2023-05-22 20:52:14\", \"total_price\": 2900, \"name_product\": \"Медицинский центр\", \"image_product\": \"https://tourmeddriver.com/storage/medical_images_card/EyiOJRNs6wUPi7sgQoMJVhGrrlJBri6NiemLHDDP.jpg\"}, {\"id\": 1039, \"date\": \"-\", \"role\": \"hostel\", \"user_id\": 12, \"products\": \"{\\\"id\\\": 1, \\\"date\\\": [\\\"24 05 2023\\\", \\\"25 05 2023\\\"], \\\"berth\\\": \\\"2\\\", \\\"price\\\": 5800, \\\"title\\\": \\\"Двухместный люкс\\\", \\\"category\\\": \\\"Двухместные люкс\\\"}\", \"created_at\": \"2023-05-22 20:52:36\", \"updated_at\": \"2023-05-22 20:52:36\", \"total_price\": 5800, \"name_product\": \"Pheasants\", \"image_product\": \"https://tourmeddriver.com/storage/hostel_images_card/4xpsDC6PwXRoFZcZszLNGaxKYeW31Tp4NcA6RLev.jpg\"}, {\"id\": 1040, \"date\": \"24 05 2023\", \"role\": \"spa\", \"user_id\": 12, \"products\": \"{\\\"date\\\": \\\"24 05 2023\\\", \\\"people\\\": 1, \\\"product\\\": null, \\\"totalPrice\\\": 1300, \\\"productList\\\": [{\\\"id\\\": 1, \\\"qty\\\": 1, \\\"price\\\": \\\"1300\\\", \\\"product\\\": \\\"Холистик SPA-уход\\\"}]}\", \"created_at\": \"2023-05-22 20:52:55\", \"updated_at\": \"2023-05-22 20:52:55\", \"total_price\": 1300, \"name_product\": \"Салон красоты\", \"image_product\": \"https://tourmeddriver.com/storage/spa_images_card/7GsR2QNuInI8oMHqp9kiP6Fh5cCwYoNAqNCM7Ao8.jpg\"}]', 'Gb9gC0Ip', '2023-05-22 17:53:05', '2023-05-22 17:53:36', NULL),
(252, 'hopd@tut.by', 'Дмитрий', 'Нор', '12', '12', 'Кафе «Баку»', '26 05 2023', '1400', '72000', '1042', '1', '[{\"id\": 1041, \"date\": \"-\", \"role\": \"hostel\", \"user_id\": 12, \"products\": \"{\\\"id\\\": 1, \\\"date\\\": [\\\"25 05 2023\\\", \\\"26 05 2023\\\"], \\\"berth\\\": \\\"2\\\", \\\"price\\\": 5800, \\\"title\\\": \\\"Двухместный люкс\\\", \\\"category\\\": \\\"Двухместные люкс\\\"}\", \"created_at\": \"2023-05-24 08:04:39\", \"updated_at\": \"2023-05-24 08:04:39\", \"total_price\": 5800, \"name_product\": \"Pheasants\", \"image_product\": \"https://tourmeddriver.com/storage/hostel_images_card/4xpsDC6PwXRoFZcZszLNGaxKYeW31Tp4NcA6RLev.jpg\"}, {\"id\": 1042, \"date\": \"26 05 2023\", \"role\": \"cafe\", \"user_id\": 12, \"products\": \"{\\\"date\\\": \\\"26 05 2023\\\", \\\"people\\\": 1, \\\"product\\\": null, \\\"totalPrice\\\": 1400, \\\"productList\\\": [{\\\"id\\\": 18, \\\"qty\\\": 1, \\\"price\\\": \\\"300\\\", \\\"product\\\": \\\"Стейк из семги\\\"}, {\\\"id\\\": 20, \\\"qty\\\": 1, \\\"price\\\": \\\"500\\\", \\\"product\\\": \\\"Стейк из куриного филе\\\"}, {\\\"id\\\": 22, \\\"qty\\\": 1, \\\"price\\\": \\\"600\\\", \\\"product\\\": \\\"Картофель Фри\\\"}]}\", \"created_at\": \"2023-05-24 08:05:04\", \"updated_at\": \"2023-05-24 08:05:04\", \"total_price\": 1400, \"name_product\": \"Кафе «Баку»\", \"image_product\": \"https://tourmeddriver.com/storage/cafe_images_card/Bf620TfVhX7NAblSAGdbFh48myWnPlVF9NTLumoT.jpg\"}]', '2wNPIWF9', '2023-05-24 05:05:16', '2023-05-24 05:05:46', NULL),
(253, 'user@mail.ru', 'имя', 'фамилия!', '333333333332', '13', 'Медицинский центр', '25 06 2023', '10900', '253300', '1046', '1', '[{\"id\": 1046, \"date\": \"25 06 2023\", \"role\": \"Мед.центр\", \"user_id\": 13, \"products\": \"{\\\"date\\\": \\\"25 06 2023\\\", \\\"people\\\": \\\"2\\\", \\\"product\\\": null, \\\"totalPrice\\\": 10900, \\\"productList\\\": [{\\\"id\\\": 1, \\\"qty\\\": 1, \\\"price\\\": \\\"300\\\", \\\"product\\\": \\\"Консультация дермалогога\\\"}, {\\\"id\\\": 2, \\\"qty\\\": 1, \\\"price\\\": \\\"1300\\\", \\\"product\\\": \\\"Трихоскопия\\\"}, {\\\"id\\\": 3, \\\"qty\\\": 1, \\\"price\\\": \\\"1400\\\", \\\"product\\\": \\\"Цифровая дерматоскопия\\\"}, {\\\"id\\\": 9, \\\"qty\\\": 1, \\\"price\\\": \\\"2300\\\", \\\"product\\\": \\\"Первичный прием эндокринолога\\\"}, {\\\"id\\\": 10, \\\"qty\\\": 1, \\\"price\\\": \\\"4300\\\", \\\"product\\\": \\\"Повторный прием эндокринолога\\\"}, {\\\"id\\\": 11, \\\"qty\\\": 1, \\\"price\\\": \\\"1300\\\", \\\"product\\\": \\\"Прием детского эндокринолога\\\"}]}\", \"created_at\": \"2023-06-20 15:37:33\", \"updated_at\": \"2023-06-20 15:37:33\", \"total_price\": 10900, \"name_product\": \"Медицинский центр\", \"image_product\": \"https://tourmeddriver.com/storage/medical_images_card/EyiOJRNs6wUPi7sgQoMJVhGrrlJBri6NiemLHDDP.jpg\"}]', 'I1lFseU7', '2023-06-20 12:37:36', '2023-06-20 12:37:53', NULL),
(254, 'user@mail.ru', 'имя', 'фамилия!', '333333333332', '13', 'Медицинский центр', '21 06 2023', '300', '147300', '1047', '1', '[{\"id\": 1047, \"date\": \"21 06 2023\", \"role\": \"Мед.центр\", \"user_id\": 13, \"products\": \"{\\\"date\\\": \\\"21 06 2023\\\", \\\"people\\\": 1, \\\"product\\\": null, \\\"totalPrice\\\": 300, \\\"productList\\\": [{\\\"id\\\": 1, \\\"qty\\\": 1, \\\"price\\\": \\\"300\\\", \\\"product\\\": \\\"Консультация дермалогога\\\"}]}\", \"created_at\": \"2023-06-21 10:46:51\", \"updated_at\": \"2023-06-21 10:46:51\", \"total_price\": 300, \"name_product\": \"Медицинский центр\", \"image_product\": \"https://tourmeddriver.com/storage/medical_images_card/EyiOJRNs6wUPi7sgQoMJVhGrrlJBri6NiemLHDDP.jpg\"}]', 'qizGZhCa', '2023-06-21 07:46:55', '2023-06-21 07:47:10', NULL),
(255, 'vladuk92@mail.ru', 'vova', 'Lddd', '+375173478834', '16', 'Медицинский центр', '24 06 2023', '1600', '160300', '1048', '0', '[{\"id\": 1048, \"date\": \"24 06 2023\", \"role\": \"Мед.центр\", \"user_id\": 16, \"products\": \"{\\\"date\\\": \\\"24 06 2023\\\", \\\"people\\\": 1, \\\"product\\\": null, \\\"totalPrice\\\": 1600, \\\"productList\\\": [{\\\"id\\\": 1, \\\"qty\\\": 1, \\\"price\\\": \\\"300\\\", \\\"product\\\": \\\"Консультация дермалогога\\\"}, {\\\"id\\\": 2, \\\"qty\\\": 1, \\\"price\\\": \\\"1300\\\", \\\"product\\\": \\\"Трихоскопия\\\"}]}\", \"created_at\": \"2023-06-23 15:15:46\", \"updated_at\": \"2023-06-23 15:15:46\", \"total_price\": 1600, \"name_product\": \"Медицинский центр\", \"image_product\": \"https://tourmeddriver.com/storage/medical_images_card/EyiOJRNs6wUPi7sgQoMJVhGrrlJBri6NiemLHDDP.jpg\"}]', NULL, '2023-06-23 12:15:51', '2023-06-23 12:15:51', NULL),
(256, 'vladuk92@mail.ru', 'vova', 'Lddd', '+375173478834', '16', 'Медицинский центр', '24 06 2023', '1600', '160300', '1048', '0', '[{\"id\": 1048, \"date\": \"24 06 2023\", \"role\": \"Мед.центр\", \"user_id\": 16, \"products\": \"{\\\"date\\\": \\\"24 06 2023\\\", \\\"people\\\": 1, \\\"product\\\": null, \\\"totalPrice\\\": 1600, \\\"productList\\\": [{\\\"id\\\": 1, \\\"qty\\\": 1, \\\"price\\\": \\\"300\\\", \\\"product\\\": \\\"Консультация дермалогога\\\"}, {\\\"id\\\": 2, \\\"qty\\\": 1, \\\"price\\\": \\\"1300\\\", \\\"product\\\": \\\"Трихоскопия\\\"}]}\", \"created_at\": \"2023-06-23 15:15:46\", \"updated_at\": \"2023-06-23 15:15:46\", \"total_price\": 1600, \"name_product\": \"Медицинский центр\", \"image_product\": \"https://tourmeddriver.com/storage/medical_images_card/EyiOJRNs6wUPi7sgQoMJVhGrrlJBri6NiemLHDDP.jpg\"}]', NULL, '2023-06-23 12:17:18', '2023-06-23 12:17:18', NULL),
(257, 'vladuk92@mail.ru', 'vova', 'Lddd', '+375173478834', '16', 'Медицинский центр', '24 06 2023', '1600', '160300', '1048', '0', '[{\"id\": 1048, \"date\": \"24 06 2023\", \"role\": \"Мед.центр\", \"user_id\": 16, \"products\": \"{\\\"date\\\": \\\"24 06 2023\\\", \\\"people\\\": 1, \\\"product\\\": null, \\\"totalPrice\\\": 1600, \\\"productList\\\": [{\\\"id\\\": 1, \\\"qty\\\": 1, \\\"price\\\": \\\"300\\\", \\\"product\\\": \\\"Консультация дермалогога\\\"}, {\\\"id\\\": 2, \\\"qty\\\": 1, \\\"price\\\": \\\"1300\\\", \\\"product\\\": \\\"Трихоскопия\\\"}]}\", \"created_at\": \"2023-06-23 15:15:46\", \"updated_at\": \"2023-06-23 15:15:46\", \"total_price\": 1600, \"name_product\": \"Медицинский центр\", \"image_product\": \"https://tourmeddriver.com/storage/medical_images_card/EyiOJRNs6wUPi7sgQoMJVhGrrlJBri6NiemLHDDP.jpg\"}]', NULL, '2023-06-23 12:17:29', '2023-06-23 12:17:29', NULL),
(258, 'vladuk92@mail.ru', 'vova', 'Lddd', '+375173478834', '16', 'Медицинский центр', '24 06 2023', '3000', '190300', '1049', '0', '[{\"id\": 1048, \"date\": \"24 06 2023\", \"role\": \"Мед.центр\", \"user_id\": 16, \"products\": \"{\\\"date\\\": \\\"24 06 2023\\\", \\\"people\\\": 1, \\\"product\\\": null, \\\"totalPrice\\\": 1600, \\\"productList\\\": [{\\\"id\\\": 1, \\\"qty\\\": 1, \\\"price\\\": \\\"300\\\", \\\"product\\\": \\\"Консультация дермалогога\\\"}, {\\\"id\\\": 2, \\\"qty\\\": 1, \\\"price\\\": \\\"1300\\\", \\\"product\\\": \\\"Трихоскопия\\\"}]}\", \"created_at\": \"2023-06-23 15:15:46\", \"updated_at\": \"2023-06-23 15:15:46\", \"total_price\": 1600, \"name_product\": \"Медицинский центр\", \"image_product\": \"https://tourmeddriver.com/storage/medical_images_card/EyiOJRNs6wUPi7sgQoMJVhGrrlJBri6NiemLHDDP.jpg\"}, {\"id\": 1049, \"date\": \"24 06 2023\", \"role\": \"Мед.центр\", \"user_id\": 16, \"products\": \"{\\\"date\\\": \\\"24 06 2023\\\", \\\"people\\\": 1, \\\"product\\\": null, \\\"totalPrice\\\": 3000, \\\"productList\\\": [{\\\"id\\\": 1, \\\"qty\\\": 1, \\\"price\\\": \\\"300\\\", \\\"product\\\": \\\"Консультация дермалогога\\\"}, {\\\"id\\\": 2, \\\"qty\\\": 1, \\\"price\\\": \\\"1300\\\", \\\"product\\\": \\\"Трихоскопия\\\"}, {\\\"id\\\": 3, \\\"qty\\\": 1, \\\"price\\\": \\\"1400\\\", \\\"product\\\": \\\"Цифровая дерматоскопия\\\"}]}\", \"created_at\": \"2023-06-23 15:17:56\", \"updated_at\": \"2023-06-23 15:17:56\", \"total_price\": 3000, \"name_product\": \"Медицинский центр\", \"image_product\": \"https://tourmeddriver.com/storage/medical_images_card/EyiOJRNs6wUPi7sgQoMJVhGrrlJBri6NiemLHDDP.jpg\"}]', NULL, '2023-06-23 12:18:01', '2023-06-23 12:18:01', NULL),
(259, 'vladuk92@mail.ru', 'vova', 'Lddd', '+375173478834', '16', 'Медицинский центр', '25 06 2023', '3000', '174300', '1050', '0', '[{\"id\": 1050, \"date\": \"25 06 2023\", \"role\": \"Мед.центр\", \"user_id\": 16, \"products\": \"{\\\"date\\\": \\\"25 06 2023\\\", \\\"people\\\": 1, \\\"product\\\": null, \\\"totalPrice\\\": 3000, \\\"productList\\\": [{\\\"id\\\": 1, \\\"qty\\\": 1, \\\"price\\\": \\\"300\\\", \\\"product\\\": \\\"Консультация дермалогога\\\"}, {\\\"id\\\": 2, \\\"qty\\\": 1, \\\"price\\\": \\\"1300\\\", \\\"product\\\": \\\"Трихоскопия\\\"}, {\\\"id\\\": 3, \\\"qty\\\": 1, \\\"price\\\": \\\"1400\\\", \\\"product\\\": \\\"Цифровая дерматоскопия\\\"}]}\", \"created_at\": \"2023-06-23 15:18:41\", \"updated_at\": \"2023-06-23 15:18:41\", \"total_price\": 3000, \"name_product\": \"Медицинский центр\", \"image_product\": \"https://tourmeddriver.com/storage/medical_images_card/EyiOJRNs6wUPi7sgQoMJVhGrrlJBri6NiemLHDDP.jpg\"}]', NULL, '2023-06-23 12:18:45', '2023-06-23 12:18:45', NULL),
(260, 'vladuk92@mail.ru', 'vova', 'Lddd', '+375173478834', '16', 'Медицинский центр', '25 06 2023', '3000', '174300', '1050', '0', '[{\"id\": 1050, \"date\": \"25 06 2023\", \"role\": \"Мед.центр\", \"user_id\": 16, \"products\": \"{\\\"date\\\": \\\"25 06 2023\\\", \\\"people\\\": 1, \\\"product\\\": null, \\\"totalPrice\\\": 3000, \\\"productList\\\": [{\\\"id\\\": 1, \\\"qty\\\": 1, \\\"price\\\": \\\"300\\\", \\\"product\\\": \\\"Консультация дермалогога\\\"}, {\\\"id\\\": 2, \\\"qty\\\": 1, \\\"price\\\": \\\"1300\\\", \\\"product\\\": \\\"Трихоскопия\\\"}, {\\\"id\\\": 3, \\\"qty\\\": 1, \\\"price\\\": \\\"1400\\\", \\\"product\\\": \\\"Цифровая дерматоскопия\\\"}]}\", \"created_at\": \"2023-06-23 15:18:41\", \"updated_at\": \"2023-06-23 15:18:41\", \"total_price\": 3000, \"name_product\": \"Медицинский центр\", \"image_product\": \"https://tourmeddriver.com/storage/medical_images_card/EyiOJRNs6wUPi7sgQoMJVhGrrlJBri6NiemLHDDP.jpg\"}]', 'vhwATirx', '2023-06-23 12:22:04', '2023-06-23 12:24:54', NULL),
(261, 'vladuk92@mail.ru', 'vova', 'Lddd', '+375173478834', '16', 'Санаторий', '-', '6450', '539100', '1054', '0', '[{\"id\": 1051, \"date\": \"28 06 2023\", \"role\": \"Мед.центр\", \"user_id\": 16, \"products\": \"{\\\"date\\\": \\\"28 06 2023\\\", \\\"people\\\": 1, \\\"product\\\": null, \\\"totalPrice\\\": 14000, \\\"productList\\\": [{\\\"id\\\": 21, \\\"qty\\\": 1, \\\"price\\\": \\\"5000\\\", \\\"product\\\": \\\"Прием врача-косметолога первичный (осмотр, консультация)\\\"}, {\\\"id\\\": 22, \\\"qty\\\": 1, \\\"price\\\": \\\"2500\\\", \\\"product\\\": \\\"Прием врача-косметолога повторный (осмотр, консультация)\\\"}, {\\\"id\\\": 23, \\\"qty\\\": 1, \\\"price\\\": \\\"3500\\\", \\\"product\\\": \\\"Осмотр кожи под дермоскопом\\\"}, {\\\"id\\\": 24, \\\"qty\\\": 1, \\\"price\\\": \\\"1500\\\", \\\"product\\\": \\\"Местная анастезия\\\"}, {\\\"id\\\": 25, \\\"qty\\\": 1, \\\"price\\\": \\\"1500\\\", \\\"product\\\": \\\"Инфильтрационная анастезия, Лидокаин 1 ампула\\\"}]}\", \"created_at\": \"2023-06-26 17:48:16\", \"updated_at\": \"2023-06-26 17:48:16\", \"total_price\": 14000, \"name_product\": \"Клиника \\\"Семерида\\\"\", \"image_product\": \"https://tourmeddriver.com/storage/medical_images_card/wSkU0SPbTnrEQEWADsx35uiLWdfJvmaJqIYezkUn.jpg\"}, {\"id\": 1052, \"date\": \"30 06 2023\", \"role\": \"Мед.центр\", \"user_id\": 16, \"products\": \"{\\\"date\\\": \\\"30 06 2023\\\", \\\"people\\\": 1, \\\"product\\\": null, \\\"totalPrice\\\": 10900, \\\"productList\\\": [{\\\"id\\\": 1, \\\"qty\\\": 1, \\\"price\\\": \\\"300\\\", \\\"product\\\": \\\"Консультация дермалогога\\\"}, {\\\"id\\\": 2, \\\"qty\\\": 1, \\\"price\\\": \\\"1300\\\", \\\"product\\\": \\\"Трихоскопия\\\"}, {\\\"id\\\": 3, \\\"qty\\\": 1, \\\"price\\\": \\\"1400\\\", \\\"product\\\": \\\"Цифровая дерматоскопия\\\"}, {\\\"id\\\": 9, \\\"qty\\\": 1, \\\"price\\\": \\\"2300\\\", \\\"product\\\": \\\"Первичный прием эндокринолога\\\"}, {\\\"id\\\": 10, \\\"qty\\\": 1, \\\"price\\\": \\\"4300\\\", \\\"product\\\": \\\"Повторный прием эндокринолога\\\"}, {\\\"id\\\": 11, \\\"qty\\\": 1, \\\"price\\\": \\\"1300\\\", \\\"product\\\": \\\"Прием детского эндокринолога\\\"}]}\", \"created_at\": \"2023-06-26 17:50:39\", \"updated_at\": \"2023-06-26 17:50:39\", \"total_price\": 10900, \"name_product\": \"Медицинский центр\", \"image_product\": \"https://tourmeddriver.com/storage/medical_images_card/EyiOJRNs6wUPi7sgQoMJVhGrrlJBri6NiemLHDDP.jpg\"}, {\"id\": 1053, \"date\": \"-\", \"role\": \"hostel\", \"user_id\": 16, \"products\": \"{\\\"id\\\": 5, \\\"date\\\": [\\\"28 06 2023\\\", \\\"30 06 2023\\\"], \\\"berth\\\": \\\"4\\\", \\\"price\\\": 8130, \\\"title\\\": \\\"4-х местный улучшенный в первом корпусе\\\", \\\"category\\\": \\\"4-х местный улучшенный в первом корпусе\\\"}\", \"created_at\": \"2023-06-26 17:56:00\", \"updated_at\": \"2023-06-26 17:56:00\", \"total_price\": 8130, \"name_product\": \"Гостевой дом Ракушка Блага\", \"image_product\": \"https://tourmeddriver.com/storage/hostel_images_card/Ybc6VOWGktCw37RAKRzcsLopzPCKLWBBZaUBQ8aA.webp\"}, {\"id\": 1054, \"date\": \"-\", \"role\": \"sanatorium\", \"user_id\": 16, \"products\": \"{\\\"id\\\": 1, \\\"date\\\": [\\\"28 06 2023\\\", \\\"30 06 2023\\\"], \\\"berth\\\": \\\"1\\\", \\\"title\\\": \\\"Одноместный\\\", \\\"product\\\": null, \\\"category\\\": \\\"Одноместный\\\", \\\"totalPrice\\\": 4050, \\\"productList\\\": [{\\\"id\\\": 1, \\\"qty\\\": 1, \\\"price\\\": \\\"300\\\", \\\"product\\\": \\\"Ванна жемчужная\\\"}, {\\\"id\\\": 3, \\\"qty\\\": 1, \\\"price\\\": \\\"250\\\", \\\"product\\\": \\\"Ванна шоколадная\\\"}, {\\\"id\\\": 2, \\\"qty\\\": 1, \\\"price\\\": \\\"1000\\\", \\\"product\\\": \\\"Ванна хвойная\\\"}, {\\\"id\\\": 4, \\\"qty\\\": 1, \\\"price\\\": \\\"500\\\", \\\"product\\\": \\\"Ручной массаж спины\\\"}, {\\\"id\\\": 5, \\\"qty\\\": 1, \\\"price\\\": \\\"800\\\", \\\"product\\\": \\\"Ручной массаж всего тела\\\"}]}\", \"created_at\": \"2023-06-26 17:56:18\", \"updated_at\": \"2023-06-26 17:56:18\", \"total_price\": 6450, \"name_product\": \"Санаторий\", \"image_product\": \"https://tourmeddriver.com/storage/sanatorium_images_card/FwDfiCCFXtALj7UjXNeR3B98kmfwQM2yVvj38tt0.jpg\"}]', 'dJmu9wvE', '2023-06-26 14:57:09', '2023-06-26 14:57:24', NULL),
(262, 'vladuk92@mail.ru', 'vova', 'Lddd', '+375173478834', '16', 'Golden Kids', '-', '13500', '279300', '1055', '0', '[{\"id\": 1055, \"date\": \"-\", \"role\": \"hostel\", \"user_id\": 16, \"products\": \"{\\\"id\\\": 15, \\\"date\\\": [\\\"27 06 2023\\\", \\\"29 06 2023\\\"], \\\"berth\\\": \\\"2\\\", \\\"price\\\": 13500, \\\"title\\\": \\\"Двухместный стандарт\\\", \\\"category\\\": \\\"Двухместный стандарт\\\"}\", \"created_at\": \"2023-06-26 18:01:19\", \"updated_at\": \"2023-06-26 18:01:19\", \"total_price\": 13500, \"name_product\": \"Golden Kids\", \"image_product\": \"https://tourmeddriver.com/storage/hostel_images_card/pnHqpAVN0TC5bOeps4sRRSUzvg0IJUxRO88QCy2E.jpg\"}]', 'H0xLBazU', '2023-06-26 15:01:23', '2023-06-26 15:01:37', NULL);
INSERT INTO `payments` (`id`, `email`, `name`, `surname`, `phone`, `user_id`, `name_product`, `date_product`, `total_price_product`, `amount`, `orderId`, `status`, `products`, `promocode`, `created_at`, `updated_at`, `email_status`) VALUES
(263, 'vladuk92@mail.ru', 'vova', 'Lddd', '+375173478834', '16', 'Медицинский центр', '28 06 2023', '14100', '285300', '1056', '0', '[{\"id\": 1056, \"date\": \"28 06 2023\", \"role\": \"Мед.центр\", \"user_id\": 16, \"products\": \"{\\\"date\\\": \\\"28 06 2023\\\", \\\"people\\\": 1, \\\"product\\\": null, \\\"totalPrice\\\": 14100, \\\"productList\\\": [{\\\"id\\\": 1, \\\"qty\\\": 1, \\\"price\\\": \\\"300\\\", \\\"product\\\": \\\"Консультация дермалогога\\\"}, {\\\"id\\\": 3, \\\"qty\\\": 4, \\\"price\\\": 5600, \\\"product\\\": \\\"Цифровая дерматоскопия\\\"}, {\\\"id\\\": 2, \\\"qty\\\": 4, \\\"price\\\": 5200, \\\"product\\\": \\\"Трихоскопия\\\"}, {\\\"id\\\": 18, \\\"qty\\\": 1, \\\"price\\\": \\\"2500\\\", \\\"product\\\": \\\"Цистоскопия\\\"}, {\\\"id\\\": 17, \\\"qty\\\": 1, \\\"price\\\": \\\"500\\\", \\\"product\\\": \\\"Ректальный осмотр простаты\\\"}]}\", \"created_at\": \"2023-06-26 18:02:46\", \"updated_at\": \"2023-06-26 18:02:46\", \"total_price\": 14100, \"name_product\": \"Медицинский центр\", \"image_product\": \"https://tourmeddriver.com/storage/medical_images_card/EyiOJRNs6wUPi7sgQoMJVhGrrlJBri6NiemLHDDP.jpg\"}]', '0WDhnNlQ', '2023-06-26 15:02:51', '2023-06-26 15:03:04', NULL),
(264, 'vladuk92@mail.ru', 'vova', 'Lddd', '+375173478834', '16', 'Клиника \"Семерида\"', '30 06 2023', '20000', '344300', '1057', '0', '[{\"id\": 1057, \"date\": \"30 06 2023\", \"role\": \"Мед.центр\", \"user_id\": 16, \"products\": \"{\\\"date\\\": \\\"30 06 2023\\\", \\\"people\\\": \\\"2\\\", \\\"product\\\": null, \\\"totalPrice\\\": 20000, \\\"productList\\\": [{\\\"id\\\": 21, \\\"qty\\\": 1, \\\"price\\\": \\\"5000\\\", \\\"product\\\": \\\"Прием врача-косметолога первичный (осмотр, консультация)\\\"}, {\\\"id\\\": 22, \\\"qty\\\": 1, \\\"price\\\": \\\"2500\\\", \\\"product\\\": \\\"Прием врача-косметолога повторный (осмотр, консультация)\\\"}, {\\\"id\\\": 23, \\\"qty\\\": 1, \\\"price\\\": \\\"3500\\\", \\\"product\\\": \\\"Осмотр кожи под дермоскопом\\\"}, {\\\"id\\\": 24, \\\"qty\\\": 1, \\\"price\\\": \\\"1500\\\", \\\"product\\\": \\\"Местная анастезия\\\"}, {\\\"id\\\": 25, \\\"qty\\\": 1, \\\"price\\\": \\\"1500\\\", \\\"product\\\": \\\"Инфильтрационная анастезия, Лидокаин 1 ампула\\\"}, {\\\"id\\\": 26, \\\"qty\\\": 1, \\\"price\\\": \\\"3000\\\", \\\"product\\\": \\\"Альгинатная\\\"}, {\\\"id\\\": 27, \\\"qty\\\": 1, \\\"price\\\": \\\"3000\\\", \\\"product\\\": \\\"Гипсовая\\\"}]}\", \"created_at\": \"2023-06-26 18:10:20\", \"updated_at\": \"2023-06-26 18:10:20\", \"total_price\": 20000, \"name_product\": \"Клиника \\\"Семерида\\\"\", \"image_product\": \"https://tourmeddriver.com/storage/medical_images_card/wSkU0SPbTnrEQEWADsx35uiLWdfJvmaJqIYezkUn.jpg\"}]', 'kjbdwPC0', '2023-06-26 15:10:26', '2023-06-26 15:10:44', NULL),
(265, 'vladuk92@mail.ru', 'vova', 'Lddd', '+375173478834', '16', 'Медицинский центр', '30 06 2023', '9600', '240300', '1058', '0', '[{\"id\": 1058, \"date\": \"30 06 2023\", \"role\": \"Мед.центр\", \"user_id\": 16, \"products\": \"{\\\"date\\\": \\\"30 06 2023\\\", \\\"people\\\": 1, \\\"product\\\": null, \\\"totalPrice\\\": 9600, \\\"productList\\\": [{\\\"id\\\": 1, \\\"qty\\\": 1, \\\"price\\\": \\\"300\\\", \\\"product\\\": \\\"Консультация дермалогога\\\"}, {\\\"id\\\": 2, \\\"qty\\\": 1, \\\"price\\\": \\\"1300\\\", \\\"product\\\": \\\"Трихоскопия\\\"}, {\\\"id\\\": 3, \\\"qty\\\": 1, \\\"price\\\": \\\"1400\\\", \\\"product\\\": \\\"Цифровая дерматоскопия\\\"}, {\\\"id\\\": 9, \\\"qty\\\": 1, \\\"price\\\": \\\"2300\\\", \\\"product\\\": \\\"Первичный прием эндокринолога\\\"}, {\\\"id\\\": 10, \\\"qty\\\": 1, \\\"price\\\": \\\"4300\\\", \\\"product\\\": \\\"Повторный прием эндокринолога\\\"}]}\", \"created_at\": \"2023-06-26 18:12:37\", \"updated_at\": \"2023-06-26 18:12:37\", \"total_price\": 9600, \"name_product\": \"Медицинский центр\", \"image_product\": \"https://tourmeddriver.com/storage/medical_images_card/EyiOJRNs6wUPi7sgQoMJVhGrrlJBri6NiemLHDDP.jpg\"}]', 'uv4J9Uim', '2023-06-26 15:12:41', '2023-06-26 15:13:42', NULL),
(266, 'hopd@tut.by', 'Дмитрий', 'Нор', '12', '12', 'Гостевой дом Ракушка Блага', '-', '5420', '198500', '1059', '1', '[{\"id\": 1043, \"date\": \"14 06 2023\", \"role\": \"cafe\", \"user_id\": 12, \"products\": \"{\\\"date\\\": \\\"14 06 2023\\\", \\\"people\\\": 1, \\\"product\\\": null, \\\"totalPrice\\\": 1000, \\\"productList\\\": [{\\\"id\\\": 32, \\\"qty\\\": 2, \\\"price\\\": 1000, \\\"product\\\": \\\"Маргарита\\\"}]}\", \"created_at\": \"2023-06-12 08:53:20\", \"updated_at\": \"2023-06-12 08:53:20\", \"total_price\": 1000, \"name_product\": \"Кафе «Баку»\", \"image_product\": \"https://tourmeddriver.com/storage/cafe_images_card/Bf620TfVhX7NAblSAGdbFh48myWnPlVF9NTLumoT.jpg\"}, {\"id\": 1044, \"date\": \"-\", \"role\": \"hostel\", \"user_id\": 12, \"products\": \"{\\\"id\\\": 5, \\\"date\\\": [\\\"15 06 2023\\\", \\\"17 06 2023\\\"], \\\"berth\\\": \\\"4\\\", \\\"price\\\": 8130, \\\"title\\\": \\\"4-х местный улучшенный в первом корпусе\\\", \\\"category\\\": \\\"4-х местный улучшенный в первом корпусе\\\"}\", \"created_at\": \"2023-06-12 10:50:26\", \"updated_at\": \"2023-06-12 10:50:26\", \"total_price\": 8130, \"name_product\": \"Гостевой дом Ракушка Блага\", \"image_product\": \"https://tourmeddriver.com/storage/hostel_images_card/Ybc6VOWGktCw37RAKRzcsLopzPCKLWBBZaUBQ8aA.webp\"}, {\"id\": 1045, \"date\": \"16 06 2023\", \"role\": \"spa\", \"user_id\": 12, \"products\": \"{\\\"date\\\": \\\"16 06 2023\\\", \\\"people\\\": 1, \\\"product\\\": null, \\\"totalPrice\\\": 5300, \\\"productList\\\": [{\\\"id\\\": 20, \\\"qty\\\": 1, \\\"price\\\": \\\"900\\\", \\\"product\\\": \\\"Классический маникюр + покрытие ELPAZA\\\"}, {\\\"id\\\": 21, \\\"qty\\\": 2, \\\"price\\\": 2600, \\\"product\\\": \\\"Маникюр классический/комби или аппарат + покрытие гель-лаком UNO\\\"}, {\\\"id\\\": 23, \\\"qty\\\": 1, \\\"price\\\": \\\"1800\\\", \\\"product\\\": \\\"Маникюр классика/комби/аппарат + покрытие LUXIO + выравнивание\\\"}]}\", \"created_at\": \"2023-06-12 10:50:48\", \"updated_at\": \"2023-06-12 10:50:48\", \"total_price\": 5300, \"name_product\": \"Студия красоты Zеркала\", \"image_product\": \"https://tourmeddriver.com/storage/spa_images_card/gJiGmw2TNnDMF2usXvl0uOVO42gucJeo5AG590rc.jpg\"}, {\"id\": 1059, \"date\": \"-\", \"role\": \"hostel\", \"user_id\": 12, \"products\": \"{\\\"id\\\": 5, \\\"date\\\": [\\\"29 06 2023\\\", \\\"30 06 2023\\\"], \\\"berth\\\": \\\"4\\\", \\\"price\\\": 5420, \\\"title\\\": \\\"4-х местный улучшенный в первом корпусе\\\", \\\"category\\\": \\\"4-х местный улучшенный в первом корпусе\\\"}\", \"created_at\": \"2023-06-28 15:25:01\", \"updated_at\": \"2023-06-28 15:25:01\", \"total_price\": 5420, \"name_product\": \"Гостевой дом Ракушка Блага\", \"image_product\": \"https://tourmeddriver.com/storage/hostel_images_card/Ybc6VOWGktCw37RAKRzcsLopzPCKLWBBZaUBQ8aA.webp\"}]', 'tQcgPn9y', '2023-06-28 12:26:19', '2023-06-28 12:27:17', NULL),
(267, 'user@mail.ru', 'имя', 'фамилия!', '333333333332', '13', 'Спорт-база “Сила”', '-', '6355', '63550', '1060', '1', '[{\"id\": 1060, \"date\": \"-\", \"role\": \"sport\", \"user_id\": 13, \"products\": \"{\\\"id\\\": 1, \\\"date\\\": [\\\"29 06 2023\\\", \\\"30 06 2023\\\"], \\\"berth\\\": \\\"1\\\", \\\"title\\\": \\\"Стандарт\\\", \\\"product\\\": null, \\\"category\\\": \\\"стандарт\\\", \\\"totalPrice\\\": 6055, \\\"productList\\\": [{\\\"id\\\": 1, \\\"qty\\\": 1, \\\"price\\\": \\\"4100\\\", \\\"product\\\": \\\"Теннисный корт\\\"}, {\\\"id\\\": 2, \\\"qty\\\": 1, \\\"price\\\": \\\"300\\\", \\\"product\\\": \\\"Ракетка\\\"}, {\\\"id\\\": 3, \\\"qty\\\": 1, \\\"price\\\": \\\"1233\\\", \\\"product\\\": \\\"бассейн\\\"}, {\\\"id\\\": 4, \\\"qty\\\": 1, \\\"price\\\": \\\"122\\\", \\\"product\\\": \\\"очки для плавания\\\"}]}\", \"created_at\": \"2023-06-28 18:47:57\", \"updated_at\": \"2023-06-28 18:47:57\", \"total_price\": 6355, \"name_product\": \"Спорт-база “Сила”\", \"image_product\": \"https://tourmeddriver.com/storage/sport_images_card/OAGSocMJnW42o1rqamtmEOlDU0qY0wVnpbwF9Wew.jpg\"}]', 'GzcnHC9L', '2023-06-28 15:48:02', '2023-06-28 15:48:22', NULL),
(268, 'vladuk92@mail.ru', 'vova', 'Lddd', '+375173478834', '16', 'Спорт-база “Сила”', '-', '6620', '360970', '1062', '0', '[{\"id\": 1062, \"date\": \"-\", \"role\": \"sport\", \"user_id\": 16, \"products\": \"{\\\"id\\\": 1, \\\"date\\\": [\\\"30 06 2023\\\", \\\"02 07 2023\\\"], \\\"berth\\\": \\\"1\\\", \\\"title\\\": \\\"Стандарт\\\", \\\"product\\\": null, \\\"category\\\": \\\"Стандарт\\\", \\\"totalPrice\\\": 6020, \\\"productList\\\": [{\\\"id\\\": 1, \\\"qty\\\": 1, \\\"price\\\": \\\"4100\\\", \\\"product\\\": \\\"Теннисный корт\\\"}, {\\\"id\\\": 2, \\\"qty\\\": 1, \\\"price\\\": \\\"300\\\", \\\"product\\\": \\\"Ракетка\\\"}, {\\\"id\\\": 3, \\\"qty\\\": 1, \\\"price\\\": \\\"1200\\\", \\\"product\\\": \\\"Бассейн\\\"}, {\\\"id\\\": 4, \\\"qty\\\": 1, \\\"price\\\": \\\"120\\\", \\\"product\\\": \\\"Очки для плавания\\\"}]}\", \"created_at\": \"2023-06-29 13:07:54\", \"updated_at\": \"2023-06-29 13:07:54\", \"total_price\": 6620, \"name_product\": \"Спорт-база “Сила”\", \"image_product\": \"https://tourmeddriver.com/storage/sport_images_card/sD7aWmfj97N6NBdW4p1NmcNC3RtJF7WaMa8QG7VX.jpg\"}]', 'yqK49NLA', '2023-06-29 10:07:58', '2023-06-29 10:08:16', NULL),
(269, 'vladuk92@mail.ru', 'vova', 'Lddd', '+375173478834', '16', 'Спорт-база “Сила”', '-', '8420', '1361970', '1069', '0', '[{\"id\": 1063, \"date\": \"30 06 2023\", \"role\": \"Мед.центр\", \"user_id\": 16, \"products\": \"{\\\"date\\\": \\\"30 06 2023\\\", \\\"people\\\": 1, \\\"product\\\": null, \\\"totalPrice\\\": 18600, \\\"productList\\\": [{\\\"id\\\": 1, \\\"qty\\\": 1, \\\"price\\\": \\\"300\\\", \\\"product\\\": \\\"Консультация дермалогога\\\"}, {\\\"id\\\": 2, \\\"qty\\\": 1, \\\"price\\\": \\\"1300\\\", \\\"product\\\": \\\"Трихоскопия\\\"}, {\\\"id\\\": 3, \\\"qty\\\": 1, \\\"price\\\": \\\"1400\\\", \\\"product\\\": \\\"Цифровая дерматоскопия\\\"}, {\\\"id\\\": 9, \\\"qty\\\": 1, \\\"price\\\": \\\"2300\\\", \\\"product\\\": \\\"Первичный прием эндокринолога\\\"}, {\\\"id\\\": 10, \\\"qty\\\": 1, \\\"price\\\": \\\"4300\\\", \\\"product\\\": \\\"Повторный прием эндокринолога\\\"}, {\\\"id\\\": 11, \\\"qty\\\": 1, \\\"price\\\": \\\"1300\\\", \\\"product\\\": \\\"Прием детского эндокринолога\\\"}, {\\\"id\\\": 12, \\\"qty\\\": 1, \\\"price\\\": \\\"500\\\", \\\"product\\\": \\\"УЗИ печени и желчного пузыря\\\"}, {\\\"id\\\": 14, \\\"qty\\\": 1, \\\"price\\\": \\\"300\\\", \\\"product\\\": \\\"УЗИ брюшной полости и почек\\\"}, {\\\"id\\\": 13, \\\"qty\\\": 1, \\\"price\\\": \\\"300\\\", \\\"product\\\": \\\"УЗИ поджелудочной железы\\\"}, {\\\"id\\\": 15, \\\"qty\\\": 1, \\\"price\\\": \\\"2300\\\", \\\"product\\\": \\\"УЗИ почек и надпочечников\\\"}, {\\\"id\\\": 16, \\\"qty\\\": 1, \\\"price\\\": \\\"1300\\\", \\\"product\\\": \\\"Первичный прием врача уролога\\\"}, {\\\"id\\\": 17, \\\"qty\\\": 1, \\\"price\\\": \\\"500\\\", \\\"product\\\": \\\"Ректальный осмотр простаты\\\"}, {\\\"id\\\": 18, \\\"qty\\\": 1, \\\"price\\\": \\\"2500\\\", \\\"product\\\": \\\"Цистоскопия\\\"}]}\", \"created_at\": \"2023-06-29 13:09:41\", \"updated_at\": \"2023-06-29 13:09:41\", \"total_price\": 18600, \"name_product\": \"Медицинский центр\", \"image_product\": \"https://tourmeddriver.com/storage/medical_images_card/EyiOJRNs6wUPi7sgQoMJVhGrrlJBri6NiemLHDDP.jpg\"}, {\"id\": 1064, \"date\": \"30 06 2023\", \"role\": \"spa\", \"user_id\": 16, \"products\": \"{\\\"date\\\": \\\"30 06 2023\\\", \\\"people\\\": 1, \\\"product\\\": null, \\\"totalPrice\\\": 5800, \\\"productList\\\": [{\\\"id\\\": 1, \\\"qty\\\": 1, \\\"price\\\": \\\"1300\\\", \\\"product\\\": \\\"Холистик SPA-уход\\\"}, {\\\"id\\\": 2, \\\"qty\\\": 1, \\\"price\\\": \\\"1300\\\", \\\"product\\\": \\\"Фитнес SPA-уход\\\"}, {\\\"id\\\": 3, \\\"qty\\\": 1, \\\"price\\\": \\\"1200\\\", \\\"product\\\": \\\"Арома SPA-уход\\\"}, {\\\"id\\\": 4, \\\"qty\\\": 1, \\\"price\\\": \\\"500\\\", \\\"product\\\": \\\"Массаж лица косметический\\\"}, {\\\"id\\\": 5, \\\"qty\\\": 1, \\\"price\\\": \\\"500\\\", \\\"product\\\": \\\"Испанский массаж лица\\\"}, {\\\"id\\\": 6, \\\"qty\\\": 1, \\\"price\\\": \\\"300\\\", \\\"product\\\": \\\"Китайский массаж лица\\\"}, {\\\"id\\\": 7, \\\"qty\\\": 1, \\\"price\\\": \\\"700\\\", \\\"product\\\": \\\"Массаж спины\\\"}]}\", \"created_at\": \"2023-06-29 13:10:02\", \"updated_at\": \"2023-06-29 13:10:02\", \"total_price\": 5800, \"name_product\": \"Салон красоты\", \"image_product\": \"https://tourmeddriver.com/storage/spa_images_card/7GsR2QNuInI8oMHqp9kiP6Fh5cCwYoNAqNCM7Ao8.jpg\"}, {\"id\": 1065, \"date\": \"30 06 2023\", \"role\": \"cafe\", \"user_id\": 16, \"products\": \"{\\\"date\\\": \\\"30 06 2023\\\", \\\"people\\\": 1, \\\"product\\\": null, \\\"totalPrice\\\": 5500, \\\"productList\\\": [{\\\"id\\\": 18, \\\"qty\\\": 1, \\\"price\\\": \\\"300\\\", \\\"product\\\": \\\"Стейк из семги\\\"}, {\\\"id\\\": 19, \\\"qty\\\": 1, \\\"price\\\": \\\"1300\\\", \\\"product\\\": \\\"Стейк «Ковбой»\\\"}, {\\\"id\\\": 20, \\\"qty\\\": 1, \\\"price\\\": \\\"500\\\", \\\"product\\\": \\\"Стейк из куриного филе\\\"}, {\\\"id\\\": 21, \\\"qty\\\": 1, \\\"price\\\": \\\"500\\\", \\\"product\\\": \\\"Овощи гриль\\\"}, {\\\"id\\\": 22, \\\"qty\\\": 1, \\\"price\\\": \\\"600\\\", \\\"product\\\": \\\"Картофель Фри\\\"}, {\\\"id\\\": 23, \\\"qty\\\": 1, \\\"price\\\": \\\"2300\\\", \\\"product\\\": \\\"Фасоль стручковая\\\"}]}\", \"created_at\": \"2023-06-29 13:10:14\", \"updated_at\": \"2023-06-29 13:10:14\", \"total_price\": 5500, \"name_product\": \"Кафе «Баку»\", \"image_product\": \"https://tourmeddriver.com/storage/cafe_images_card/Bf620TfVhX7NAblSAGdbFh48myWnPlVF9NTLumoT.jpg\"}, {\"id\": 1066, \"date\": \"-\", \"role\": \"hostel\", \"user_id\": 16, \"products\": \"{\\\"id\\\": 1, \\\"date\\\": [\\\"30 06 2023\\\", \\\"02 07 2023\\\"], \\\"berth\\\": \\\"2\\\", \\\"price\\\": 8700, \\\"title\\\": \\\"Двухместный люкс\\\", \\\"category\\\": \\\"Двухместные люкс\\\"}\", \"created_at\": \"2023-06-29 13:10:27\", \"updated_at\": \"2023-06-29 13:10:27\", \"total_price\": 8700, \"name_product\": \"Pheasants\", \"image_product\": \"https://tourmeddriver.com/storage/hostel_images_card/4xpsDC6PwXRoFZcZszLNGaxKYeW31Tp4NcA6RLev.jpg\"}, {\"id\": 1067, \"date\": \"-\", \"role\": \"sanatorium\", \"user_id\": 16, \"products\": \"{\\\"id\\\": 1, \\\"date\\\": [\\\"30 06 2023\\\", \\\"02 07 2023\\\"], \\\"berth\\\": \\\"1\\\", \\\"title\\\": \\\"Одноместный\\\", \\\"product\\\": null, \\\"category\\\": \\\"Одноместный\\\", \\\"totalPrice\\\": 7300, \\\"productList\\\": [{\\\"id\\\": 4, \\\"qty\\\": 1, \\\"price\\\": \\\"500\\\", \\\"product\\\": \\\"Ручной массаж спины\\\"}, {\\\"id\\\": 5, \\\"qty\\\": 1, \\\"price\\\": \\\"800\\\", \\\"product\\\": \\\"Ручной массаж всего тела\\\"}, {\\\"id\\\": 6, \\\"qty\\\": 1, \\\"price\\\": \\\"1000\\\", \\\"product\\\": \\\"Подводный душ-массаж\\\"}, {\\\"id\\\": 7, \\\"qty\\\": 1, \\\"price\\\": \\\"2000\\\", \\\"product\\\": \\\"Аквамассаж\\\"}, {\\\"id\\\": 8, \\\"qty\\\": 1, \\\"price\\\": \\\"800\\\", \\\"product\\\": \\\"Электролечение\\\"}, {\\\"id\\\": 9, \\\"qty\\\": 1, \\\"price\\\": \\\"1000\\\", \\\"product\\\": \\\"Светолечение\\\"}]}\", \"created_at\": \"2023-06-29 13:10:42\", \"updated_at\": \"2023-06-29 13:10:42\", \"total_price\": 9700, \"name_product\": \"Санаторий\", \"image_product\": \"https://tourmeddriver.com/storage/sanatorium_images_card/FwDfiCCFXtALj7UjXNeR3B98kmfwQM2yVvj38tt0.jpg\"}, {\"id\": 1068, \"date\": \"-\", \"role\": \"tur\", \"user_id\": 16, \"products\": \"{\\\"id\\\": 1, \\\"date\\\": \\\"08.08.23 - 12.08.23\\\", \\\"berth\\\": 1, \\\"price\\\": 50000, \\\"title\\\": \\\"Экскурсионный тур по Дагестану\\\", \\\"category\\\": \\\"Отель 3 звезды\\\"}\", \"created_at\": \"2023-06-29 13:10:51\", \"updated_at\": \"2023-06-29 13:10:51\", \"total_price\": 50000, \"name_product\": \"Туроператор Дагестан\", \"image_product\": \"https://tourmeddriver.com/storage/turoperator_images_card/iNa0eRGdRldSwUK40CRr6jHdeSuQy8SPl09Y9dX1.jpg\"}, {\"id\": 1069, \"date\": \"-\", \"role\": \"sport\", \"user_id\": 16, \"products\": \"{\\\"id\\\": 1, \\\"date\\\": [\\\"01 07 2023\\\", \\\"09 07 2023\\\"], \\\"berth\\\": \\\"1\\\", \\\"title\\\": \\\"Стандарт\\\", \\\"product\\\": null, \\\"category\\\": \\\"Стандарт\\\", \\\"totalPrice\\\": 6020, \\\"productList\\\": [{\\\"id\\\": 1, \\\"qty\\\": 1, \\\"price\\\": \\\"4100\\\", \\\"product\\\": \\\"Теннисный корт\\\"}, {\\\"id\\\": 2, \\\"qty\\\": 1, \\\"price\\\": \\\"300\\\", \\\"product\\\": \\\"Ракетка\\\"}, {\\\"id\\\": 3, \\\"qty\\\": 1, \\\"price\\\": \\\"1200\\\", \\\"product\\\": \\\"Бассейн\\\"}, {\\\"id\\\": 4, \\\"qty\\\": 1, \\\"price\\\": \\\"120\\\", \\\"product\\\": \\\"Очки для плавания\\\"}]}\", \"created_at\": \"2023-06-29 13:11:14\", \"updated_at\": \"2023-06-29 13:11:14\", \"total_price\": 8420, \"name_product\": \"Спорт-база “Сила”\", \"image_product\": \"https://tourmeddriver.com/storage/sport_images_card/sD7aWmfj97N6NBdW4p1NmcNC3RtJF7WaMa8QG7VX.jpg\"}]', 'TQLmXgS9', '2023-06-29 10:11:20', '2023-06-29 10:11:35', NULL),
(270, 'hopd@tut.by', 'Дмитрий', 'Нор', '12', '12', 'Golden Kids', '-', '9000', '173000', '1072', '1', '[{\"id\": 1070, \"date\": \"30 06 2023\", \"role\": \"Мед.центр\", \"user_id\": 12, \"products\": \"{\\\"date\\\": \\\"30 06 2023\\\", \\\"people\\\": 1, \\\"product\\\": null, \\\"totalPrice\\\": 5700, \\\"productList\\\": [{\\\"id\\\": 3, \\\"qty\\\": 1, \\\"price\\\": \\\"1400\\\", \\\"product\\\": \\\"Цифровая дерматоскопия\\\"}, {\\\"id\\\": 10, \\\"qty\\\": 1, \\\"price\\\": \\\"4300\\\", \\\"product\\\": \\\"Повторный прием эндокринолога\\\"}]}\", \"created_at\": \"2023-06-29 14:49:59\", \"updated_at\": \"2023-06-29 14:49:59\", \"total_price\": 5700, \"name_product\": \"Медицинский центр\", \"image_product\": \"https://tourmeddriver.com/storage/medical_images_card/EyiOJRNs6wUPi7sgQoMJVhGrrlJBri6NiemLHDDP.jpg\"}, {\"id\": 1071, \"date\": \"30 06 2023\", \"role\": \"cafe\", \"user_id\": 12, \"products\": \"{\\\"date\\\": \\\"30 06 2023\\\", \\\"people\\\": 1, \\\"product\\\": null, \\\"totalPrice\\\": 2600, \\\"productList\\\": [{\\\"id\\\": 19, \\\"qty\\\": 2, \\\"price\\\": 2600, \\\"product\\\": \\\"Стейк «Ковбой»\\\"}]}\", \"created_at\": \"2023-06-29 14:51:05\", \"updated_at\": \"2023-06-29 14:51:05\", \"total_price\": 2600, \"name_product\": \"Кафе «Баку»\", \"image_product\": \"https://tourmeddriver.com/storage/cafe_images_card/Bf620TfVhX7NAblSAGdbFh48myWnPlVF9NTLumoT.jpg\"}, {\"id\": 1072, \"date\": \"-\", \"role\": \"hostel\", \"user_id\": 12, \"products\": \"{\\\"id\\\": 15, \\\"date\\\": [\\\"30 06 2023\\\", \\\"01 07 2023\\\"], \\\"berth\\\": \\\"2\\\", \\\"price\\\": 9000, \\\"title\\\": \\\"Двухместный стандарт\\\", \\\"category\\\": \\\"Двухместный стандарт\\\"}\", \"created_at\": \"2023-06-29 14:52:11\", \"updated_at\": \"2023-06-29 14:52:11\", \"total_price\": 9000, \"name_product\": \"Golden Kids\", \"image_product\": \"https://tourmeddriver.com/storage/hostel_images_card/pnHqpAVN0TC5bOeps4sRRSUzvg0IJUxRO88QCy2E.jpg\"}]', 'lI0dHMDx', '2023-06-29 11:52:40', '2023-06-29 11:53:14', NULL),
(271, 'hopd@tut.by', 'Дмитрий', 'Нор', '12', '12', 'Кафе «Баку»', '30 06 2023', '800', '128000', '1076', '1', '[{\"id\": 1074, \"date\": \"30 06 2023\", \"role\": \"Мед.центр\", \"user_id\": 12, \"products\": \"{\\\"date\\\": \\\"30 06 2023\\\", \\\"people\\\": 1, \\\"product\\\": null, \\\"totalPrice\\\": 4000, \\\"productList\\\": [{\\\"id\\\": 2, \\\"qty\\\": 1, \\\"price\\\": \\\"1300\\\", \\\"product\\\": \\\"Трихоскопия\\\"}, {\\\"id\\\": 3, \\\"qty\\\": 1, \\\"price\\\": \\\"1400\\\", \\\"product\\\": \\\"Цифровая дерматоскопия\\\"}, {\\\"id\\\": 16, \\\"qty\\\": 1, \\\"price\\\": \\\"1300\\\", \\\"product\\\": \\\"Первичный прием врача уролога\\\"}]}\", \"created_at\": \"2023-06-29 15:40:11\", \"updated_at\": \"2023-06-29 15:40:11\", \"total_price\": 4000, \"name_product\": \"Медицинский центр\", \"image_product\": \"https://tourmeddriver.com/storage/medical_images_card/EyiOJRNs6wUPi7sgQoMJVhGrrlJBri6NiemLHDDP.jpg\"}, {\"id\": 1075, \"date\": \"-\", \"role\": \"hostel\", \"user_id\": 12, \"products\": \"{\\\"id\\\": 22, \\\"date\\\": [\\\"30 06 2023\\\", \\\"01 07 2023\\\"], \\\"berth\\\": \\\"3\\\", \\\"price\\\": 8000, \\\"title\\\": \\\"Улучшенный стандарт с балконом\\\", \\\"category\\\": \\\"Улучшенный стандарт с балконом\\\"}\", \"created_at\": \"2023-06-29 15:40:39\", \"updated_at\": \"2023-06-29 15:40:39\", \"total_price\": 8000, \"name_product\": \"Бутик-отель Атлантида\", \"image_product\": \"https://tourmeddriver.com/storage/hostel_images_card/wAjHsCdtdUjROrXil3WeShrAgdF4jxHJXjGdOfHE.jpg\"}, {\"id\": 1076, \"date\": \"30 06 2023\", \"role\": \"cafe\", \"user_id\": 12, \"products\": \"{\\\"date\\\": \\\"30 06 2023\\\", \\\"people\\\": 1, \\\"product\\\": null, \\\"totalPrice\\\": 800, \\\"productList\\\": [{\\\"id\\\": 24, \\\"qty\\\": 1, \\\"price\\\": \\\"300\\\", \\\"product\\\": \\\"Капуста брюссельская\\\"}, {\\\"id\\\": 25, \\\"qty\\\": 1, \\\"price\\\": \\\"500\\\", \\\"product\\\": \\\"Тар-тар\\\"}]}\", \"created_at\": \"2023-06-29 15:41:04\", \"updated_at\": \"2023-06-29 15:41:04\", \"total_price\": 800, \"name_product\": \"Кафе «Баку»\", \"image_product\": \"https://tourmeddriver.com/storage/cafe_images_card/Bf620TfVhX7NAblSAGdbFh48myWnPlVF9NTLumoT.jpg\"}]', 'ibqIynmT', '2023-06-29 12:41:15', '2023-06-29 12:41:52', NULL),
(272, 'hopd@tut.by', 'Дмитрий', 'Нор', '12', '12', 'Кафе «Баку»', '30 06 2023', '600', '57000', '1078', '1', '[{\"id\": 1077, \"date\": \"-\", \"role\": \"sanatorium\", \"user_id\": 12, \"products\": \"{\\\"id\\\": 2, \\\"date\\\": [\\\"30 06 2023\\\", \\\"01 07 2023\\\"], \\\"berth\\\": \\\"2\\\", \\\"title\\\": \\\"Двухместный\\\", \\\"product\\\": null, \\\"category\\\": \\\"Двухместный\\\", \\\"totalPrice\\\": 3200, \\\"productList\\\": [{\\\"id\\\": 1, \\\"qty\\\": 1, \\\"price\\\": \\\"300\\\", \\\"product\\\": \\\"Ванна жемчужная\\\"}, {\\\"id\\\": 2, \\\"qty\\\": 1, \\\"price\\\": \\\"1000\\\", \\\"product\\\": \\\"Ванна хвойная\\\"}]}\", \"created_at\": \"2023-06-29 15:49:47\", \"updated_at\": \"2023-06-29 15:49:47\", \"total_price\": 5100, \"name_product\": \"Санаторий\", \"image_product\": \"https://tourmeddriver.com/storage/sanatorium_images_card/FwDfiCCFXtALj7UjXNeR3B98kmfwQM2yVvj38tt0.jpg\"}, {\"id\": 1078, \"date\": \"30 06 2023\", \"role\": \"cafe\", \"user_id\": 12, \"products\": \"{\\\"date\\\": \\\"30 06 2023\\\", \\\"people\\\": 1, \\\"product\\\": null, \\\"totalPrice\\\": 600, \\\"productList\\\": [{\\\"id\\\": 18, \\\"qty\\\": 1, \\\"price\\\": \\\"300\\\", \\\"product\\\": \\\"Стейк из семги\\\"}, {\\\"id\\\": 24, \\\"qty\\\": 1, \\\"price\\\": \\\"300\\\", \\\"product\\\": \\\"Капуста брюссельская\\\"}]}\", \"created_at\": \"2023-06-29 15:50:12\", \"updated_at\": \"2023-06-29 15:50:12\", \"total_price\": 600, \"name_product\": \"Кафе «Баку»\", \"image_product\": \"https://tourmeddriver.com/storage/cafe_images_card/Bf620TfVhX7NAblSAGdbFh48myWnPlVF9NTLumoT.jpg\"}]', 'xmWDZ9zp', '2023-06-29 12:50:25', '2023-06-29 12:51:12', NULL),
(273, 'hopd@tut.by', 'Дмитрий', 'Нор', '12', '12', 'Кафе «Баку»', '30 06 2023', '5900', '215000', '1081', '1', '[{\"id\": 1079, \"date\": \"30 06 2023\", \"role\": \"Мед.центр\", \"user_id\": 12, \"products\": \"{\\\"date\\\": \\\"30 06 2023\\\", \\\"people\\\": 1, \\\"product\\\": null, \\\"totalPrice\\\": 6600, \\\"productList\\\": [{\\\"id\\\": 9, \\\"qty\\\": 1, \\\"price\\\": \\\"2300\\\", \\\"product\\\": \\\"Первичный прием эндокринолога\\\"}, {\\\"id\\\": 10, \\\"qty\\\": 1, \\\"price\\\": \\\"4300\\\", \\\"product\\\": \\\"Повторный прием эндокринолога\\\"}]}\", \"created_at\": \"2023-06-29 16:16:29\", \"updated_at\": \"2023-06-29 16:16:29\", \"total_price\": 6600, \"name_product\": \"Медицинский центр\", \"image_product\": \"https://tourmeddriver.com/storage/medical_images_card/EyiOJRNs6wUPi7sgQoMJVhGrrlJBri6NiemLHDDP.jpg\"}, {\"id\": 1080, \"date\": \"-\", \"role\": \"hostel\", \"user_id\": 12, \"products\": \"{\\\"id\\\": 15, \\\"date\\\": [\\\"30 06 2023\\\", \\\"01 07 2023\\\"], \\\"berth\\\": \\\"2\\\", \\\"price\\\": 9000, \\\"title\\\": \\\"Двухместный стандарт\\\", \\\"category\\\": \\\"Двухместный стандарт\\\"}\", \"created_at\": \"2023-06-29 16:16:48\", \"updated_at\": \"2023-06-29 16:16:48\", \"total_price\": 9000, \"name_product\": \"Golden Kids\", \"image_product\": \"https://tourmeddriver.com/storage/hostel_images_card/pnHqpAVN0TC5bOeps4sRRSUzvg0IJUxRO88QCy2E.jpg\"}, {\"id\": 1081, \"date\": \"30 06 2023\", \"role\": \"cafe\", \"user_id\": 12, \"products\": \"{\\\"date\\\": \\\"30 06 2023\\\", \\\"people\\\": 1, \\\"product\\\": null, \\\"totalPrice\\\": 5900, \\\"productList\\\": [{\\\"id\\\": 21, \\\"qty\\\": 1, \\\"price\\\": \\\"500\\\", \\\"product\\\": \\\"Овощи гриль\\\"}, {\\\"id\\\": 23, \\\"qty\\\": 2, \\\"price\\\": 4600, \\\"product\\\": \\\"Фасоль стручковая\\\"}, {\\\"id\\\": 26, \\\"qty\\\": 1, \\\"price\\\": \\\"500\\\", \\\"product\\\": \\\"Соус гранатовый\\\"}, {\\\"id\\\": 28, \\\"qty\\\": 1, \\\"price\\\": \\\"300\\\", \\\"product\\\": \\\"Борщ\\\"}]}\", \"created_at\": \"2023-06-29 16:17:23\", \"updated_at\": \"2023-06-29 16:17:23\", \"total_price\": 5900, \"name_product\": \"Кафе «Баку»\", \"image_product\": \"https://tourmeddriver.com/storage/cafe_images_card/Bf620TfVhX7NAblSAGdbFh48myWnPlVF9NTLumoT.jpg\"}]', 'be3XYtid', '2023-06-29 13:17:44', '2023-06-29 13:18:18', NULL),
(274, 'vladuk92@mail.ru', 'vova', 'Lddd', '+375173478834', '16', 'Клиника \"Семерида\"', '01 07 2023', '12000', '120000', '1082', '0', '[{\"id\": 1082, \"date\": \"01 07 2023\", \"role\": \"Мед.центр\", \"user_id\": 16, \"products\": \"{\\\"date\\\": \\\"01 07 2023\\\", \\\"people\\\": 1, \\\"product\\\": null, \\\"totalPrice\\\": 12000, \\\"productList\\\": [{\\\"id\\\": 26, \\\"qty\\\": 1, \\\"price\\\": \\\"3000\\\", \\\"product\\\": \\\"Альгинатная\\\"}, {\\\"id\\\": 27, \\\"qty\\\": 1, \\\"price\\\": \\\"3000\\\", \\\"product\\\": \\\"Гипсовая\\\"}, {\\\"id\\\": 28, \\\"qty\\\": 1, \\\"price\\\": \\\"3000\\\", \\\"product\\\": \\\"Кислородная\\\"}, {\\\"id\\\": 29, \\\"qty\\\": 1, \\\"price\\\": \\\"3000\\\", \\\"product\\\": \\\"Скульптурная\\\"}]}\", \"created_at\": \"2023-06-29 16:24:31\", \"updated_at\": \"2023-06-29 16:24:31\", \"total_price\": 12000, \"name_product\": \"Клиника \\\"Семерида\\\"\", \"image_product\": \"https://tourmeddriver.com/storage/medical_images_card/wSkU0SPbTnrEQEWADsx35uiLWdfJvmaJqIYezkUn.jpg\"}]', 'kfmDJt0Q', '2023-06-29 13:24:36', '2023-06-29 13:24:52', NULL),
(275, 'hopd@tut.by', 'Дмитрий', 'Нор', '12', '12', 'Медицинский центр', '30 06 2023', '7500', '75000', '1083', '1', '[{\"id\": 1083, \"date\": \"30 06 2023\", \"role\": \"Мед.центр\", \"user_id\": 12, \"products\": \"{\\\"date\\\": \\\"30 06 2023\\\", \\\"people\\\": 1, \\\"product\\\": null, \\\"totalPrice\\\": 7500, \\\"productList\\\": [{\\\"id\\\": 1, \\\"qty\\\": 1, \\\"price\\\": \\\"300\\\", \\\"product\\\": \\\"Консультация дермалогога\\\"}, {\\\"id\\\": 2, \\\"qty\\\": 1, \\\"price\\\": \\\"1300\\\", \\\"product\\\": \\\"Трихоскопия\\\"}, {\\\"id\\\": 9, \\\"qty\\\": 2, \\\"price\\\": 4600, \\\"product\\\": \\\"Первичный прием эндокринолога\\\"}, {\\\"id\\\": 11, \\\"qty\\\": 1, \\\"price\\\": \\\"1300\\\", \\\"product\\\": \\\"Прием детского эндокринолога\\\"}]}\", \"created_at\": \"2023-06-29 16:45:38\", \"updated_at\": \"2023-06-29 16:45:38\", \"total_price\": 7500, \"name_product\": \"Медицинский центр\", \"image_product\": \"https://tourmeddriver.com/storage/medical_images_card/EyiOJRNs6wUPi7sgQoMJVhGrrlJBri6NiemLHDDP.jpg\"}]', 'irwW8q9s', '2023-06-29 13:45:52', '2023-06-29 13:46:50', NULL),
(276, 'hopd@tut.by', 'Дмитрий', 'Нор', '12', '12', 'Кафе «Баку»', '30 06 2023', '1600', '116000', '1086', '1', '[{\"id\": 1084, \"date\": \"30 06 2023\", \"role\": \"Мед.центр\", \"user_id\": 12, \"products\": \"{\\\"date\\\": \\\"30 06 2023\\\", \\\"people\\\": 1, \\\"product\\\": null, \\\"totalPrice\\\": 4200, \\\"productList\\\": [{\\\"id\\\": 1, \\\"qty\\\": 2, \\\"price\\\": 600, \\\"product\\\": \\\"Консультация дермалогога\\\"}, {\\\"id\\\": 2, \\\"qty\\\": 1, \\\"price\\\": \\\"1300\\\", \\\"product\\\": \\\"Трихоскопия\\\"}, {\\\"id\\\": 9, \\\"qty\\\": 1, \\\"price\\\": \\\"2300\\\", \\\"product\\\": \\\"Первичный прием эндокринолога\\\"}]}\", \"created_at\": \"2023-06-29 16:51:36\", \"updated_at\": \"2023-06-29 16:51:36\", \"total_price\": 4200, \"name_product\": \"Медицинский центр\", \"image_product\": \"https://tourmeddriver.com/storage/medical_images_card/EyiOJRNs6wUPi7sgQoMJVhGrrlJBri6NiemLHDDP.jpg\"}, {\"id\": 1085, \"date\": \"-\", \"role\": \"hostel\", \"user_id\": 12, \"products\": \"{\\\"id\\\": 1, \\\"date\\\": [\\\"30 06 2023\\\", \\\"01 07 2023\\\"], \\\"berth\\\": \\\"2\\\", \\\"price\\\": 5800, \\\"title\\\": \\\"Двухместный люкс\\\", \\\"category\\\": \\\"Двухместные люкс\\\"}\", \"created_at\": \"2023-06-29 16:52:03\", \"updated_at\": \"2023-06-29 16:52:03\", \"total_price\": 5800, \"name_product\": \"Pheasants\", \"image_product\": \"https://tourmeddriver.com/storage/hostel_images_card/4xpsDC6PwXRoFZcZszLNGaxKYeW31Tp4NcA6RLev.jpg\"}, {\"id\": 1086, \"date\": \"30 06 2023\", \"role\": \"cafe\", \"user_id\": 12, \"products\": \"{\\\"date\\\": \\\"30 06 2023\\\", \\\"people\\\": 1, \\\"product\\\": null, \\\"totalPrice\\\": 1600, \\\"productList\\\": [{\\\"id\\\": 18, \\\"qty\\\": 1, \\\"price\\\": \\\"300\\\", \\\"product\\\": \\\"Стейк из семги\\\"}, {\\\"id\\\": 19, \\\"qty\\\": 1, \\\"price\\\": \\\"1300\\\", \\\"product\\\": \\\"Стейк «Ковбой»\\\"}]}\", \"created_at\": \"2023-06-29 16:52:26\", \"updated_at\": \"2023-06-29 16:52:26\", \"total_price\": 1600, \"name_product\": \"Кафе «Баку»\", \"image_product\": \"https://tourmeddriver.com/storage/cafe_images_card/Bf620TfVhX7NAblSAGdbFh48myWnPlVF9NTLumoT.jpg\"}]', 'bziKZR6T', '2023-06-29 13:52:40', '2023-06-29 13:53:24', NULL),
(277, 'vladuk92@mail.ru', 'vova', 'Lddd', '+375173478834', '16', 'Кафе «Баку»', '29 07 2023', '5500', '55000', '1087', '0', '[{\"id\": 1087, \"date\": \"29 07 2023\", \"role\": \"cafe\", \"user_id\": 16, \"products\": \"{\\\"date\\\": \\\"29 07 2023\\\", \\\"people\\\": 1, \\\"product\\\": null, \\\"totalPrice\\\": 5500, \\\"productList\\\": [{\\\"id\\\": 18, \\\"qty\\\": 1, \\\"price\\\": \\\"300\\\", \\\"product\\\": \\\"Стейк из семги\\\"}, {\\\"id\\\": 19, \\\"qty\\\": 1, \\\"price\\\": \\\"1300\\\", \\\"product\\\": \\\"Стейк «Ковбой»\\\"}, {\\\"id\\\": 20, \\\"qty\\\": 1, \\\"price\\\": \\\"500\\\", \\\"product\\\": \\\"Стейк из куриного филе\\\"}, {\\\"id\\\": 21, \\\"qty\\\": 1, \\\"price\\\": \\\"500\\\", \\\"product\\\": \\\"Овощи гриль\\\"}, {\\\"id\\\": 22, \\\"qty\\\": 1, \\\"price\\\": \\\"600\\\", \\\"product\\\": \\\"Картофель Фри\\\"}, {\\\"id\\\": 23, \\\"qty\\\": 1, \\\"price\\\": \\\"2300\\\", \\\"product\\\": \\\"Фасоль стручковая\\\"}]}\", \"created_at\": \"2023-07-03 10:39:14\", \"updated_at\": \"2023-07-03 10:39:14\", \"total_price\": 5500, \"name_product\": \"Кафе «Баку»\", \"image_product\": \"https://tourmeddriver.com/storage/cafe_images_card/Bf620TfVhX7NAblSAGdbFh48myWnPlVF9NTLumoT.jpg\"}]', 'vdLMKXfn', '2023-07-03 07:39:17', '2023-07-03 07:42:27', NULL),
(278, 'vladuk92@mail.ru', 'vova', 'Lddd', '+375173478834', '16', 'Салон красоты', '30 07 2023', '3800', '71000', '1091', '0', '[{\"id\": 1090, \"date\": \"21 07 2023\", \"role\": \"Мед.центр\", \"user_id\": 16, \"products\": \"{\\\"date\\\": \\\"21 07 2023\\\", \\\"people\\\": 1, \\\"product\\\": null, \\\"totalPrice\\\": 3300, \\\"productList\\\": [{\\\"id\\\": 1, \\\"qty\\\": 2, \\\"price\\\": 600, \\\"product\\\": \\\"Консультация дермалогога\\\"}, {\\\"id\\\": 2, \\\"qty\\\": 1, \\\"price\\\": \\\"1300\\\", \\\"product\\\": \\\"Трихоскопия\\\"}, {\\\"id\\\": 3, \\\"qty\\\": 1, \\\"price\\\": \\\"1400\\\", \\\"product\\\": \\\"Цифровая дерматоскопия\\\"}]}\", \"created_at\": \"2023-07-04 12:10:46\", \"updated_at\": \"2023-07-04 12:10:46\", \"total_price\": 3300, \"name_product\": \"Медицинский центр\", \"image_product\": \"https://tourmeddriver.com/storage/medical_images_card/EyiOJRNs6wUPi7sgQoMJVhGrrlJBri6NiemLHDDP.jpg\", \"organization_email\": \"klimashevskijvova@gmail.com\"}, {\"id\": 1091, \"date\": \"30 07 2023\", \"role\": \"spa\", \"user_id\": 16, \"products\": \"{\\\"date\\\": \\\"30 07 2023\\\", \\\"people\\\": 1, \\\"product\\\": null, \\\"totalPrice\\\": 3800, \\\"productList\\\": [{\\\"id\\\": 1, \\\"qty\\\": 1, \\\"price\\\": \\\"1300\\\", \\\"product\\\": \\\"Холистик SPA-уход\\\"}, {\\\"id\\\": 2, \\\"qty\\\": 1, \\\"price\\\": \\\"1300\\\", \\\"product\\\": \\\"Фитнес SPA-уход\\\"}, {\\\"id\\\": 3, \\\"qty\\\": 1, \\\"price\\\": \\\"1200\\\", \\\"product\\\": \\\"Арома SPA-уход\\\"}]}\", \"created_at\": \"2023-07-04 12:11:08\", \"updated_at\": \"2023-07-04 12:11:08\", \"total_price\": 3800, \"name_product\": \"Салон красоты\", \"image_product\": \"https://tourmeddriver.com/storage/spa_images_card/7GsR2QNuInI8oMHqp9kiP6Fh5cCwYoNAqNCM7Ao8.jpg\", \"organization_email\": \"vladuk92@mail.ru\"}]', 'ogz6SyuB', '2023-07-04 09:11:12', '2023-07-04 09:11:35', NULL),
(279, 'hopd@tut.by', 'Дмитрий', 'Нор', '12', '12', 'Медицинский центр', '13 07 2023', '7500', '75000', '1092', '1', '[{\"id\": 1092, \"date\": \"13 07 2023\", \"role\": \"Мед.центр\", \"user_id\": 12, \"products\": \"{\\\"date\\\": \\\"13 07 2023\\\", \\\"people\\\": 1, \\\"product\\\": null, \\\"totalPrice\\\": 7500, \\\"productList\\\": [{\\\"id\\\": 1, \\\"qty\\\": 1, \\\"price\\\": \\\"300\\\", \\\"product\\\": \\\"Консультация дермалогога\\\"}, {\\\"id\\\": 2, \\\"qty\\\": 2, \\\"price\\\": 2600, \\\"product\\\": \\\"Трихоскопия\\\"}, {\\\"id\\\": 9, \\\"qty\\\": 1, \\\"price\\\": \\\"2300\\\", \\\"product\\\": \\\"Первичный прием эндокринолога\\\"}, {\\\"id\\\": 15, \\\"qty\\\": 1, \\\"price\\\": \\\"2300\\\", \\\"product\\\": \\\"УЗИ почек и надпочечников\\\"}]}\", \"created_at\": \"2023-07-04 17:30:05\", \"updated_at\": \"2023-07-04 17:30:05\", \"total_price\": 7500, \"name_product\": \"Медицинский центр\", \"image_product\": \"https://tourmeddriver.com/storage/medical_images_card/EyiOJRNs6wUPi7sgQoMJVhGrrlJBri6NiemLHDDP.jpg\", \"organization_email\": \"klimashevskijvova@gmail.com\"}]', 'P7MS9xcT', '2023-07-04 14:30:19', '2023-07-05 10:11:10', 'otpravlen'),
(280, 'unity.unity@mail.ru', 'Ирина', 'Несивкина', '+79154589028', '30', 'Клиника \"Семерида\"', '07 07 2023', '17200', '344000', '1094', '1', '[{\"id\": 1093, \"date\": \"07 07 2023\", \"role\": \"Мед.центр\", \"user_id\": 30, \"products\": \"{\\\"date\\\": \\\"07 07 2023\\\", \\\"people\\\": 1, \\\"product\\\": null, \\\"totalPrice\\\": 17200, \\\"productList\\\": [{\\\"id\\\": 21, \\\"qty\\\": 1, \\\"price\\\": \\\"5000\\\", \\\"product\\\": \\\"Прием врача-косметолога первичный (осмотр, консультация)\\\"}, {\\\"id\\\": 135, \\\"qty\\\": 1, \\\"price\\\": \\\"12200\\\", \\\"product\\\": \\\"Капельница Лаеннек\\\"}]}\", \"created_at\": \"2023-07-05 13:28:54\", \"updated_at\": \"2023-07-05 13:28:54\", \"total_price\": 17200, \"name_product\": \"Клиника \\\"Семерида\\\"\", \"image_product\": \"https://tourmeddriver.com/storage/medical_images_card/wSkU0SPbTnrEQEWADsx35uiLWdfJvmaJqIYezkUn.jpg\", \"organization_email\": \"admin@mail.ru\"}, {\"id\": 1094, \"date\": \"07 07 2023\", \"role\": \"Мед.центр\", \"user_id\": 30, \"products\": \"{\\\"date\\\": \\\"07 07 2023\\\", \\\"people\\\": 1, \\\"product\\\": null, \\\"totalPrice\\\": 17200, \\\"productList\\\": [{\\\"id\\\": 21, \\\"qty\\\": 1, \\\"price\\\": \\\"5000\\\", \\\"product\\\": \\\"Прием врача-косметолога первичный (осмотр, консультация)\\\"}, {\\\"id\\\": 135, \\\"qty\\\": 1, \\\"price\\\": \\\"12200\\\", \\\"product\\\": \\\"Капельница Лаеннек\\\"}]}\", \"created_at\": \"2023-07-05 13:28:56\", \"updated_at\": \"2023-07-05 13:28:56\", \"total_price\": 17200, \"name_product\": \"Клиника \\\"Семерида\\\"\", \"image_product\": \"https://tourmeddriver.com/storage/medical_images_card/wSkU0SPbTnrEQEWADsx35uiLWdfJvmaJqIYezkUn.jpg\", \"organization_email\": \"admin@mail.ru\"}]', 'iWcnKgvE', '2023-07-05 10:33:22', '2023-07-05 10:35:38', 'otpravlen'),
(281, 'unity.unity@mail.ru', 'Ирина', 'Несивкина', '+79154589028', '30', 'Студия красоты Zеркала', '14 07 2023', '900', '9000', '1095', '1', '[{\"id\": 1095, \"date\": \"14 07 2023\", \"role\": \"spa\", \"user_id\": 30, \"products\": \"{\\\"date\\\": \\\"14 07 2023\\\", \\\"people\\\": 1, \\\"product\\\": null, \\\"totalPrice\\\": 900, \\\"productList\\\": [{\\\"id\\\": 20, \\\"qty\\\": 1, \\\"price\\\": \\\"900\\\", \\\"product\\\": \\\"Классический маникюр + покрытие ELPAZA\\\"}]}\", \"created_at\": \"2023-07-05 13:42:24\", \"updated_at\": \"2023-07-05 13:42:24\", \"total_price\": 900, \"name_product\": \"Студия красоты Zеркала\", \"image_product\": \"https://tourmeddriver.com/storage/spa_images_card/gJiGmw2TNnDMF2usXvl0uOVO42gucJeo5AG590rc.jpg\", \"organization_email\": \"admin@mail.ru\"}]', 'KLTNUeoP', '2023-07-05 10:42:44', '2023-07-05 10:43:50', 'otpravlen'),
(282, 'vladuk92@mail.ru', 'vova', 'Lddd', '+375173478834', '16', 'Медицинский центр', '06 07 2023', '10900', '109000', '1096', '0', '[{\"id\": 1096, \"date\": \"06 07 2023\", \"role\": \"Мед.центр\", \"user_id\": 16, \"products\": \"{\\\"date\\\": \\\"06 07 2023\\\", \\\"people\\\": 1, \\\"product\\\": null, \\\"totalPrice\\\": 10900, \\\"productList\\\": [{\\\"id\\\": 1, \\\"qty\\\": 1, \\\"price\\\": \\\"300\\\", \\\"product\\\": \\\"Консультация дермалогога\\\"}, {\\\"id\\\": 2, \\\"qty\\\": 1, \\\"price\\\": \\\"1300\\\", \\\"product\\\": \\\"Трихоскопия\\\"}, {\\\"id\\\": 3, \\\"qty\\\": 1, \\\"price\\\": \\\"1400\\\", \\\"product\\\": \\\"Цифровая дерматоскопия\\\"}, {\\\"id\\\": 9, \\\"qty\\\": 1, \\\"price\\\": \\\"2300\\\", \\\"product\\\": \\\"Первичный прием эндокринолога\\\"}, {\\\"id\\\": 10, \\\"qty\\\": 1, \\\"price\\\": \\\"4300\\\", \\\"product\\\": \\\"Повторный прием эндокринолога\\\"}, {\\\"id\\\": 11, \\\"qty\\\": 1, \\\"price\\\": \\\"1300\\\", \\\"product\\\": \\\"Прием детского эндокринолога\\\"}]}\", \"created_at\": \"2023-07-05 13:51:20\", \"updated_at\": \"2023-07-05 13:51:20\", \"total_price\": 10900, \"name_product\": \"Медицинский центр\", \"image_product\": \"https://tourmeddriver.com/storage/medical_images_card/EyiOJRNs6wUPi7sgQoMJVhGrrlJBri6NiemLHDDP.jpg\", \"organization_email\": \"klimashevskijvova@gmail.com\"}]', 'Dw413yCH', '2023-07-05 10:51:27', '2023-07-05 10:51:53', 'otpravlen'),
(283, 'vladuk92@mail.ru', 'vova', 'Lddd', '+375173478834', '16', 'Медицинский центр', '05 07 2023', '9600', '96000', '1097', '0', '[{\"id\": 1097, \"date\": \"05 07 2023\", \"role\": \"Мед.центр\", \"user_id\": 16, \"products\": \"{\\\"date\\\": \\\"05 07 2023\\\", \\\"people\\\": 1, \\\"product\\\": null, \\\"totalPrice\\\": 9600, \\\"productList\\\": [{\\\"id\\\": 1, \\\"qty\\\": 1, \\\"price\\\": \\\"300\\\", \\\"product\\\": \\\"Консультация дермалогога\\\"}, {\\\"id\\\": 2, \\\"qty\\\": 1, \\\"price\\\": \\\"1300\\\", \\\"product\\\": \\\"Трихоскопия\\\"}, {\\\"id\\\": 3, \\\"qty\\\": 1, \\\"price\\\": \\\"1400\\\", \\\"product\\\": \\\"Цифровая дерматоскопия\\\"}, {\\\"id\\\": 9, \\\"qty\\\": 1, \\\"price\\\": \\\"2300\\\", \\\"product\\\": \\\"Первичный прием эндокринолога\\\"}, {\\\"id\\\": 10, \\\"qty\\\": 1, \\\"price\\\": \\\"4300\\\", \\\"product\\\": \\\"Повторный прием эндокринолога\\\"}]}\", \"created_at\": \"2023-07-05 13:55:59\", \"updated_at\": \"2023-07-05 13:55:59\", \"total_price\": 9600, \"name_product\": \"Медицинский центр\", \"image_product\": \"https://tourmeddriver.com/storage/medical_images_card/EyiOJRNs6wUPi7sgQoMJVhGrrlJBri6NiemLHDDP.jpg\", \"organization_email\": \"klimashevskijvova@gmail.com\"}]', 'g657KGMl', '2023-07-05 10:56:04', '2023-07-05 10:56:29', 'otpravlen'),
(284, 'vladuk92@mail.ru', 'vova', 'Lddd', '+375173478834', '16', 'Медицинский центр', '14 07 2023', '9600', '96000', '1098', '0', '[{\"id\": 1098, \"date\": \"14 07 2023\", \"role\": \"Мед.центр\", \"user_id\": 16, \"products\": \"{\\\"date\\\": \\\"14 07 2023\\\", \\\"people\\\": 1, \\\"product\\\": null, \\\"totalPrice\\\": 9600, \\\"productList\\\": [{\\\"id\\\": 1, \\\"qty\\\": 1, \\\"price\\\": \\\"300\\\", \\\"product\\\": \\\"Консультация дермалогога\\\"}, {\\\"id\\\": 3, \\\"qty\\\": 1, \\\"price\\\": \\\"1400\\\", \\\"product\\\": \\\"Цифровая дерматоскопия\\\"}, {\\\"id\\\": 2, \\\"qty\\\": 1, \\\"price\\\": \\\"1300\\\", \\\"product\\\": \\\"Трихоскопия\\\"}, {\\\"id\\\": 9, \\\"qty\\\": 1, \\\"price\\\": \\\"2300\\\", \\\"product\\\": \\\"Первичный прием эндокринолога\\\"}, {\\\"id\\\": 10, \\\"qty\\\": 1, \\\"price\\\": \\\"4300\\\", \\\"product\\\": \\\"Повторный прием эндокринолога\\\"}]}\", \"created_at\": \"2023-07-06 10:21:49\", \"updated_at\": \"2023-07-06 10:21:49\", \"total_price\": 9600, \"name_product\": \"Медицинский центр\", \"image_product\": \"https://tourmeddriver.com/storage/medical_images_card/EyiOJRNs6wUPi7sgQoMJVhGrrlJBri6NiemLHDDP.jpg\", \"organization_email\": \"klimashevskijvova@gmail.com\"}]', 'TwBW4ysR', '2023-07-06 07:21:53', '2023-07-06 07:22:23', 'otpravlen'),
(285, 'hopd@tut.by', 'Дмитрий', 'Нор', '12', '12', 'Медицинский центр', '07 07 2023', '10400', '104000', '1101', '1', '[{\"id\": 1101, \"date\": \"07 07 2023\", \"role\": \"Мед.центр\", \"user_id\": 12, \"products\": \"{\\\"date\\\": \\\"07 07 2023\\\", \\\"people\\\": 1, \\\"product\\\": null, \\\"totalPrice\\\": 10400, \\\"productList\\\": [{\\\"id\\\": 2, \\\"qty\\\": 1, \\\"price\\\": \\\"1300\\\", \\\"product\\\": \\\"Трихоскопия\\\"}, {\\\"id\\\": 10, \\\"qty\\\": 2, \\\"price\\\": 8600, \\\"product\\\": \\\"Повторный прием эндокринолога\\\"}, {\\\"id\\\": 17, \\\"qty\\\": 1, \\\"price\\\": \\\"500\\\", \\\"product\\\": \\\"Ректальный осмотр простаты\\\"}]}\", \"created_at\": \"2023-07-06 10:29:01\", \"updated_at\": \"2023-07-06 10:29:01\", \"total_price\": 10400, \"name_product\": \"Медицинский центр\", \"image_product\": \"https://tourmeddriver.com/storage/medical_images_card/EyiOJRNs6wUPi7sgQoMJVhGrrlJBri6NiemLHDDP.jpg\", \"organization_email\": \"klimashevskijvova@gmail.com\"}]', 'Vd3m9Q2Z', '2023-07-06 07:29:12', '2023-07-06 07:29:42', 'otpravlen'),
(286, 'powertyuio1312@gmail.com', 'Polina', 'Polina', '3333333333', '33', 'Клиника \"Семерида\"', '14 07 2023', '9200', '92000', '1105', '1', '[{\"id\": 1105, \"date\": \"14 07 2023\", \"role\": \"Мед.центр\", \"user_id\": 33, \"products\": \"{\\\"date\\\": \\\"14 07 2023\\\", \\\"people\\\": 1, \\\"product\\\": null, \\\"totalPrice\\\": 9200, \\\"productList\\\": [{\\\"id\\\": 21, \\\"qty\\\": 1, \\\"price\\\": 5000, \\\"product\\\": \\\"Прием врача-косметолога первичный (осмотр, консультация)\\\"}, {\\\"id\\\": 36, \\\"qty\\\": 1, \\\"price\\\": \\\"4200\\\", \\\"product\\\": \\\"Миндальный\\\"}]}\", \"created_at\": \"2023-07-06 18:50:07\", \"updated_at\": \"2023-07-06 18:50:07\", \"total_price\": 9200, \"name_product\": \"Клиника \\\"Семерида\\\"\", \"image_product\": \"https://tourmeddriver.com/storage/medical_images_card/wSkU0SPbTnrEQEWADsx35uiLWdfJvmaJqIYezkUn.jpg\", \"organization_email\": \"admin@mail.ru\"}]', 'yYI4Cceu', '2023-07-06 15:55:11', '2023-07-06 15:56:14', 'otpravlen');
INSERT INTO `payments` (`id`, `email`, `name`, `surname`, `phone`, `user_id`, `name_product`, `date_product`, `total_price_product`, `amount`, `orderId`, `status`, `products`, `promocode`, `created_at`, `updated_at`, `email_status`) VALUES
(287, 'vladuk92@mail.ru', 'vova', 'Lddd', '+375173478834', '16', 'Спорт-база “Сила”', '-', '7220', '906300', '1118', '0', '[{\"id\": 1099, \"date\": \"15 07 2023\", \"role\": \"Мед.центр\", \"user_id\": 16, \"products\": \"{\\\"date\\\": \\\"15 07 2023\\\", \\\"people\\\": 1, \\\"product\\\": null, \\\"totalPrice\\\": 1600, \\\"productList\\\": [{\\\"id\\\": 1, \\\"qty\\\": 1, \\\"price\\\": \\\"300\\\", \\\"product\\\": \\\"Консультация дермалогога\\\"}, {\\\"id\\\": 2, \\\"qty\\\": 1, \\\"price\\\": \\\"1300\\\", \\\"product\\\": \\\"Трихоскопия\\\"}]}\", \"created_at\": \"2023-07-06 10:25:12\", \"updated_at\": \"2023-07-06 10:25:12\", \"total_price\": 1600, \"name_product\": \"Медицинский центр\", \"image_product\": \"https://tourmeddriver.com/storage/medical_images_card/EyiOJRNs6wUPi7sgQoMJVhGrrlJBri6NiemLHDDP.jpg\", \"organization_email\": \"klimashevskijvova@gmail.com\"}, {\"id\": 1100, \"date\": \"14 07 2023\", \"role\": \"spa\", \"user_id\": 16, \"products\": \"{\\\"date\\\": \\\"14 07 2023\\\", \\\"people\\\": \\\"2\\\", \\\"product\\\": null, \\\"totalPrice\\\": 3800, \\\"productList\\\": [{\\\"id\\\": 1, \\\"qty\\\": 1, \\\"price\\\": \\\"1300\\\", \\\"product\\\": \\\"Холистик SPA-уход\\\"}, {\\\"id\\\": 2, \\\"qty\\\": 1, \\\"price\\\": \\\"1300\\\", \\\"product\\\": \\\"Фитнес SPA-уход\\\"}, {\\\"id\\\": 3, \\\"qty\\\": 1, \\\"price\\\": \\\"1200\\\", \\\"product\\\": \\\"Арома SPA-уход\\\"}]}\", \"created_at\": \"2023-07-06 10:25:36\", \"updated_at\": \"2023-07-06 10:25:36\", \"total_price\": 3800, \"name_product\": \"Салон красоты\", \"image_product\": \"https://tourmeddriver.com/storage/spa_images_card/7GsR2QNuInI8oMHqp9kiP6Fh5cCwYoNAqNCM7Ao8.jpg\", \"organization_email\": \"vladuk92@mail.ru\"}, {\"id\": 1107, \"date\": \"11 07 2023\", \"role\": \"Мед.центр\", \"user_id\": 16, \"products\": \"{\\\"date\\\": \\\"11 07 2023\\\", \\\"people\\\": 1, \\\"product\\\": null, \\\"totalPrice\\\": 7500, \\\"productList\\\": [{\\\"id\\\": 21, \\\"qty\\\": 1, \\\"price\\\": \\\"5000\\\", \\\"product\\\": \\\"Прием врача-косметолога первичный (осмотр, консультация)\\\"}, {\\\"id\\\": 22, \\\"qty\\\": 1, \\\"price\\\": \\\"2500\\\", \\\"product\\\": \\\"Прием врача-косметолога повторный (осмотр, консультация)\\\"}]}\", \"created_at\": \"2023-07-10 11:59:24\", \"updated_at\": \"2023-07-10 11:59:24\", \"total_price\": 7500, \"name_product\": \"Клиника \\\"Семерида\\\"\", \"image_product\": \"https://tourmeddriver.com/storage/medical_images_card/wSkU0SPbTnrEQEWADsx35uiLWdfJvmaJqIYezkUn.jpg\", \"organization_email\": \"admin@mail.ru\"}, {\"id\": 1108, \"date\": \"20 07 2023\", \"role\": \"spa\", \"user_id\": 16, \"products\": \"{\\\"date\\\": \\\"20 07 2023\\\", \\\"people\\\": 1, \\\"product\\\": null, \\\"totalPrice\\\": 3700, \\\"productList\\\": [{\\\"id\\\": 20, \\\"qty\\\": 1, \\\"price\\\": \\\"900\\\", \\\"product\\\": \\\"Классический маникюр + покрытие ELPAZA\\\"}, {\\\"id\\\": 21, \\\"qty\\\": 1, \\\"price\\\": \\\"1300\\\", \\\"product\\\": \\\"Маникюр классический/комби или аппарат + покрытие гель-лаком UNO\\\"}, {\\\"id\\\": 22, \\\"qty\\\": 1, \\\"price\\\": \\\"1500\\\", \\\"product\\\": \\\"Маникюр классический/комби или аппаратный + покрытие гель-лаком UNO + выравнивание\\\"}]}\", \"created_at\": \"2023-07-10 11:59:39\", \"updated_at\": \"2023-07-10 11:59:39\", \"total_price\": 3700, \"name_product\": \"Студия красоты Zеркала\", \"image_product\": \"https://tourmeddriver.com/storage/spa_images_card/gJiGmw2TNnDMF2usXvl0uOVO42gucJeo5AG590rc.jpg\", \"organization_email\": \"admin@mail.ru\"}, {\"id\": 1114, \"date\": \"19 07 2023\", \"role\": \"cafe\", \"user_id\": 16, \"products\": \"{\\\"date\\\": \\\"19 07 2023\\\", \\\"people\\\": 1, \\\"product\\\": null, \\\"totalPrice\\\": 2330, \\\"productList\\\": [{\\\"id\\\": 39, \\\"qty\\\": 1, \\\"price\\\": \\\"950\\\", \\\"product\\\": \\\"Дорадо на гриле\\\"}, {\\\"id\\\": 40, \\\"qty\\\": 1, \\\"price\\\": \\\"990\\\", \\\"product\\\": \\\"Камбала-калкан\\\"}, {\\\"id\\\": 41, \\\"qty\\\": 1, \\\"price\\\": \\\"390\\\", \\\"product\\\": \\\"Ставрида\\\"}]}\", \"created_at\": \"2023-07-10 12:00:28\", \"updated_at\": \"2023-07-10 12:00:28\", \"total_price\": 2330, \"name_product\": \"Море Барабульки\", \"image_product\": \"https://tourmeddriver.com/storage/cafe_images_card/XLhBDSF94w1IMO2Eqhv7yxIdnEzYIWR1Bml389Vk.jpg\", \"organization_email\": \"barabulka.fish@bk.ru\"}, {\"id\": 1115, \"date\": \"-\", \"role\": \"hostel\", \"user_id\": 16, \"products\": \"{\\\"id\\\": 5, \\\"date\\\": [\\\"20 07 2023\\\", \\\"22 07 2023\\\"], \\\"berth\\\": \\\"4\\\", \\\"price\\\": 8130, \\\"title\\\": \\\"4-х местный улучшенный в первом корпусе\\\", \\\"category\\\": \\\"4-х местный улучшенный в первом корпусе\\\"}\", \"created_at\": \"2023-07-10 12:00:48\", \"updated_at\": \"2023-07-10 12:00:48\", \"total_price\": 8130, \"name_product\": \"Гостевой дом Ракушка Блага\", \"image_product\": \"https://tourmeddriver.com/storage/hostel_images_card/Ybc6VOWGktCw37RAKRzcsLopzPCKLWBBZaUBQ8aA.webp\", \"organization_email\": \"rakushka023@yandex.ru\"}, {\"id\": 1116, \"date\": \"-\", \"role\": \"sanatorium\", \"user_id\": 16, \"products\": \"{\\\"id\\\": 1, \\\"date\\\": [\\\"19 07 2023\\\", \\\"22 07 2023\\\"], \\\"berth\\\": \\\"1\\\", \\\"title\\\": \\\"Одноместный\\\", \\\"product\\\": null, \\\"category\\\": \\\"Одноместный\\\", \\\"totalPrice\\\": 2750, \\\"productList\\\": [{\\\"id\\\": 1, \\\"qty\\\": 1, \\\"price\\\": \\\"300\\\", \\\"product\\\": \\\"Ванна жемчужная\\\"}, {\\\"id\\\": 2, \\\"qty\\\": 1, \\\"price\\\": \\\"1000\\\", \\\"product\\\": \\\"Ванна хвойная\\\"}, {\\\"id\\\": 3, \\\"qty\\\": 1, \\\"price\\\": \\\"250\\\", \\\"product\\\": \\\"Ванна шоколадная\\\"}]}\", \"created_at\": \"2023-07-10 12:01:02\", \"updated_at\": \"2023-07-10 12:01:02\", \"total_price\": 6350, \"name_product\": \"Санаторий\", \"image_product\": \"https://tourmeddriver.com/storage/sanatorium_images_card/FwDfiCCFXtALj7UjXNeR3B98kmfwQM2yVvj38tt0.jpg\", \"organization_email\": \"san@mail.ru\"}, {\"id\": 1117, \"date\": \"-\", \"role\": \"tur\", \"user_id\": 16, \"products\": \"{\\\"id\\\": 1, \\\"date\\\": \\\"08.08.23 - 12.08.23\\\", \\\"berth\\\": 1, \\\"price\\\": 50000, \\\"title\\\": \\\"Экскурсионный тур по Дагестану\\\", \\\"category\\\": \\\"Отель 3 звезды\\\"}\", \"created_at\": \"2023-07-10 12:01:11\", \"updated_at\": \"2023-07-10 12:01:11\", \"total_price\": 50000, \"name_product\": \"Туроператор Дагестан\", \"image_product\": \"https://tourmeddriver.com/storage/turoperator_images_card/iNa0eRGdRldSwUK40CRr6jHdeSuQy8SPl09Y9dX1.jpg\", \"organization_email\": \"tur@mail.ru\"}, {\"id\": 1118, \"date\": \"-\", \"role\": \"sport\", \"user_id\": 16, \"products\": \"{\\\"id\\\": 1, \\\"date\\\": [\\\"19 07 2023\\\", \\\"23 07 2023\\\"], \\\"berth\\\": \\\"1\\\", \\\"title\\\": \\\"Стандарт\\\", \\\"product\\\": null, \\\"category\\\": \\\"Стандарт\\\", \\\"totalPrice\\\": 6020, \\\"productList\\\": [{\\\"id\\\": 1, \\\"qty\\\": 1, \\\"price\\\": \\\"4100\\\", \\\"product\\\": \\\"Теннисный корт\\\"}, {\\\"id\\\": 2, \\\"qty\\\": 1, \\\"price\\\": \\\"300\\\", \\\"product\\\": \\\"Ракетка\\\"}, {\\\"id\\\": 3, \\\"qty\\\": 1, \\\"price\\\": \\\"1200\\\", \\\"product\\\": \\\"Бассейн\\\"}, {\\\"id\\\": 4, \\\"qty\\\": 1, \\\"price\\\": \\\"120\\\", \\\"product\\\": \\\"Очки для плавания\\\"}]}\", \"created_at\": \"2023-07-10 12:01:23\", \"updated_at\": \"2023-07-10 12:01:23\", \"total_price\": 7220, \"name_product\": \"Спорт-база “Сила”\", \"image_product\": \"https://tourmeddriver.com/storage/sport_images_card/sD7aWmfj97N6NBdW4p1NmcNC3RtJF7WaMa8QG7VX.jpg\", \"organization_email\": \"sport@mail.ru\"}]', 'PkGRFQqM', '2023-07-10 09:01:44', '2023-07-10 09:02:26', 'otpravlen'),
(288, 'vladuk92@mail.ru', 'vova', 'Lddd', '+375173478834', '16', 'Спорт-база “Сила”', '-', '6620', '912700', '1125', '0', '[{\"id\": 1119, \"date\": \"29 07 2023\", \"role\": \"Мед.центр\", \"user_id\": 16, \"products\": \"{\\\"date\\\": \\\"29 07 2023\\\", \\\"people\\\": 1, \\\"product\\\": null, \\\"totalPrice\\\": 11400, \\\"productList\\\": [{\\\"id\\\": 1, \\\"qty\\\": 1, \\\"price\\\": \\\"300\\\", \\\"product\\\": \\\"Консультация дермалогога\\\"}, {\\\"id\\\": 2, \\\"qty\\\": 1, \\\"price\\\": \\\"1300\\\", \\\"product\\\": \\\"Трихоскопия\\\"}, {\\\"id\\\": 3, \\\"qty\\\": 1, \\\"price\\\": \\\"1400\\\", \\\"product\\\": \\\"Цифровая дерматоскопия\\\"}, {\\\"id\\\": 9, \\\"qty\\\": 1, \\\"price\\\": \\\"2300\\\", \\\"product\\\": \\\"Первичный прием эндокринолога\\\"}, {\\\"id\\\": 10, \\\"qty\\\": 1, \\\"price\\\": \\\"4300\\\", \\\"product\\\": \\\"Повторный прием эндокринолога\\\"}, {\\\"id\\\": 11, \\\"qty\\\": 1, \\\"price\\\": \\\"1300\\\", \\\"product\\\": \\\"Прием детского эндокринолога\\\"}, {\\\"id\\\": 12, \\\"qty\\\": 1, \\\"price\\\": \\\"500\\\", \\\"product\\\": \\\"УЗИ печени и желчного пузыря\\\"}]}\", \"created_at\": \"2023-07-10 15:46:09\", \"updated_at\": \"2023-07-10 15:46:09\", \"total_price\": 11400, \"name_product\": \"Медицинский центр\", \"image_product\": \"https://tourmeddriver.com/storage/medical_images_card/EyiOJRNs6wUPi7sgQoMJVhGrrlJBri6NiemLHDDP.jpg\", \"organization_email\": \"klimashevskijvova@gmail.com\"}, {\"id\": 1120, \"date\": \"21 07 2023\", \"role\": \"spa\", \"user_id\": 16, \"products\": \"{\\\"date\\\": \\\"21 07 2023\\\", \\\"people\\\": 1, \\\"product\\\": null, \\\"totalPrice\\\": 3800, \\\"productList\\\": [{\\\"id\\\": 1, \\\"qty\\\": 1, \\\"price\\\": \\\"1300\\\", \\\"product\\\": \\\"Холистик SPA-уход\\\"}, {\\\"id\\\": 2, \\\"qty\\\": 1, \\\"price\\\": \\\"1300\\\", \\\"product\\\": \\\"Фитнес SPA-уход\\\"}, {\\\"id\\\": 3, \\\"qty\\\": 1, \\\"price\\\": \\\"1200\\\", \\\"product\\\": \\\"Арома SPA-уход\\\"}]}\", \"created_at\": \"2023-07-10 15:46:22\", \"updated_at\": \"2023-07-10 15:46:22\", \"total_price\": 3800, \"name_product\": \"Салон красоты\", \"image_product\": \"https://tourmeddriver.com/storage/spa_images_card/7GsR2QNuInI8oMHqp9kiP6Fh5cCwYoNAqNCM7Ao8.jpg\", \"organization_email\": \"vladuk92@mail.ru\"}, {\"id\": 1121, \"date\": \"13 07 2023\", \"role\": \"cafe\", \"user_id\": 16, \"products\": \"{\\\"date\\\": \\\"13 07 2023\\\", \\\"people\\\": 1, \\\"product\\\": null, \\\"totalPrice\\\": 2100, \\\"productList\\\": [{\\\"id\\\": 18, \\\"qty\\\": 1, \\\"price\\\": \\\"300\\\", \\\"product\\\": \\\"Стейк из семги\\\"}, {\\\"id\\\": 19, \\\"qty\\\": 1, \\\"price\\\": \\\"1300\\\", \\\"product\\\": \\\"Стейк «Ковбой»\\\"}, {\\\"id\\\": 20, \\\"qty\\\": 1, \\\"price\\\": \\\"500\\\", \\\"product\\\": \\\"Стейк из куриного филе\\\"}]}\", \"created_at\": \"2023-07-10 15:46:36\", \"updated_at\": \"2023-07-10 15:46:36\", \"total_price\": 2100, \"name_product\": \"Кафе «Баку»\", \"image_product\": \"https://tourmeddriver.com/storage/cafe_images_card/Bf620TfVhX7NAblSAGdbFh48myWnPlVF9NTLumoT.jpg\", \"organization_email\": \"cafe@mail.ru\"}, {\"id\": 1122, \"date\": \"-\", \"role\": \"hostel\", \"user_id\": 16, \"products\": \"{\\\"id\\\": 1, \\\"date\\\": [\\\"14 07 2023\\\", \\\"16 07 2023\\\"], \\\"berth\\\": \\\"2\\\", \\\"price\\\": 8700, \\\"title\\\": \\\"Двухместный люкс\\\", \\\"category\\\": \\\"Двухместные люкс\\\"}\", \"created_at\": \"2023-07-10 15:46:54\", \"updated_at\": \"2023-07-10 15:46:54\", \"total_price\": 8700, \"name_product\": \"Pheasants\", \"image_product\": \"https://tourmeddriver.com/storage/hostel_images_card/4xpsDC6PwXRoFZcZszLNGaxKYeW31Tp4NcA6RLev.jpg\", \"organization_email\": \"hostel@mail.ru\"}, {\"id\": 1123, \"date\": \"-\", \"role\": \"sanatorium\", \"user_id\": 16, \"products\": \"{\\\"id\\\": 1, \\\"date\\\": [\\\"26 07 2023\\\", \\\"29 07 2023\\\"], \\\"berth\\\": \\\"1\\\", \\\"title\\\": \\\"Одноместный\\\", \\\"product\\\": null, \\\"category\\\": \\\"Одноместный\\\", \\\"totalPrice\\\": 5050, \\\"productList\\\": [{\\\"id\\\": 1, \\\"qty\\\": 1, \\\"price\\\": \\\"300\\\", \\\"product\\\": \\\"Ванна жемчужная\\\"}, {\\\"id\\\": 2, \\\"qty\\\": 1, \\\"price\\\": \\\"1000\\\", \\\"product\\\": \\\"Ванна хвойная\\\"}, {\\\"id\\\": 3, \\\"qty\\\": 1, \\\"price\\\": \\\"250\\\", \\\"product\\\": \\\"Ванна шоколадная\\\"}, {\\\"id\\\": 4, \\\"qty\\\": 1, \\\"price\\\": \\\"500\\\", \\\"product\\\": \\\"Ручной массаж спины\\\"}, {\\\"id\\\": 5, \\\"qty\\\": 1, \\\"price\\\": \\\"800\\\", \\\"product\\\": \\\"Ручной массаж всего тела\\\"}, {\\\"id\\\": 6, \\\"qty\\\": 1, \\\"price\\\": \\\"1000\\\", \\\"product\\\": \\\"Подводный душ-массаж\\\"}]}\", \"created_at\": \"2023-07-10 15:47:08\", \"updated_at\": \"2023-07-10 15:47:08\", \"total_price\": 8650, \"name_product\": \"Санаторий\", \"image_product\": \"https://tourmeddriver.com/storage/sanatorium_images_card/FwDfiCCFXtALj7UjXNeR3B98kmfwQM2yVvj38tt0.jpg\", \"organization_email\": \"san@mail.ru\"}, {\"id\": 1124, \"date\": \"-\", \"role\": \"tur\", \"user_id\": 16, \"products\": \"{\\\"id\\\": 1, \\\"date\\\": \\\"08.08.23 - 12.08.23\\\", \\\"berth\\\": 1, \\\"price\\\": 50000, \\\"title\\\": \\\"Экскурсионный тур по Дагестану\\\", \\\"category\\\": \\\"Отель 3 звезды\\\"}\", \"created_at\": \"2023-07-10 15:47:15\", \"updated_at\": \"2023-07-10 15:47:15\", \"total_price\": 50000, \"name_product\": \"Туроператор Дагестан\", \"image_product\": \"https://tourmeddriver.com/storage/turoperator_images_card/iNa0eRGdRldSwUK40CRr6jHdeSuQy8SPl09Y9dX1.jpg\", \"organization_email\": \"tur@mail.ru\"}, {\"id\": 1125, \"date\": \"-\", \"role\": \"sport\", \"user_id\": 16, \"products\": \"{\\\"id\\\": 1, \\\"date\\\": [\\\"12 07 2023\\\", \\\"14 07 2023\\\"], \\\"berth\\\": \\\"1\\\", \\\"title\\\": \\\"Стандарт\\\", \\\"product\\\": null, \\\"category\\\": \\\"Стандарт\\\", \\\"totalPrice\\\": 6020, \\\"productList\\\": [{\\\"id\\\": 1, \\\"qty\\\": 1, \\\"price\\\": \\\"4100\\\", \\\"product\\\": \\\"Теннисный корт\\\"}, {\\\"id\\\": 2, \\\"qty\\\": 1, \\\"price\\\": \\\"300\\\", \\\"product\\\": \\\"Ракетка\\\"}, {\\\"id\\\": 3, \\\"qty\\\": 1, \\\"price\\\": \\\"1200\\\", \\\"product\\\": \\\"Бассейн\\\"}, {\\\"id\\\": 4, \\\"qty\\\": 1, \\\"price\\\": \\\"120\\\", \\\"product\\\": \\\"Очки для плавания\\\"}]}\", \"created_at\": \"2023-07-10 15:47:31\", \"updated_at\": \"2023-07-10 15:47:31\", \"total_price\": 6620, \"name_product\": \"Спорт-база “Сила”\", \"image_product\": \"https://tourmeddriver.com/storage/sport_images_card/sD7aWmfj97N6NBdW4p1NmcNC3RtJF7WaMa8QG7VX.jpg\", \"organization_email\": \"sport@mail.ru\"}]', 'l70qkFZR', '2023-07-10 12:47:56', '2023-07-10 12:48:56', 'otpravlen'),
(289, 'vladuk92@mail.ru', 'vova', 'Lddd', '+375173478834', '16', 'Туроператор Дагестан', '-', '50000', '500000', '1126', '0', '[{\"id\": 1126, \"date\": \"-\", \"role\": \"tur\", \"user_id\": 16, \"products\": \"{\\\"id\\\": 1, \\\"date\\\": \\\"08.08.2023 - 12.08.2023\\\", \\\"berth\\\": 1, \\\"price\\\": 50000, \\\"title\\\": \\\"Экскурсионный тур по Дагестану\\\", \\\"category\\\": \\\"Отель 3 звезды\\\"}\", \"created_at\": \"2023-07-10 15:52:47\", \"updated_at\": \"2023-07-10 15:52:47\", \"total_price\": 50000, \"name_product\": \"Туроператор Дагестан\", \"image_product\": \"https://tourmeddriver.com/storage/turoperator_images_card/iNa0eRGdRldSwUK40CRr6jHdeSuQy8SPl09Y9dX1.jpg\", \"organization_email\": \"tur@mail.ru\"}]', 'cIkyBHZ0', '2023-07-10 12:53:00', '2023-07-10 12:53:18', 'otpravlen'),
(290, 'vladuk92@mail.ru', 'vova', 'Lddd', '+375173478834', '16', 'Туроператор Дагестан', '-', '50000', '500000', '1127', '0', '[{\"id\": 1127, \"date\": \"-\", \"role\": \"tur\", \"user_id\": 16, \"products\": \"{\\\"id\\\": 1, \\\"date\\\": \\\"08.08.2023 - 12.08.2023\\\", \\\"berth\\\": 1, \\\"price\\\": 50000, \\\"title\\\": \\\"Экскурсионный тур по Дагестану\\\", \\\"category\\\": \\\"Отель 3 звезды\\\"}\", \"created_at\": \"2023-07-10 15:55:01\", \"updated_at\": \"2023-07-10 15:55:01\", \"total_price\": 50000, \"name_product\": \"Туроператор Дагестан\", \"image_product\": \"https://tourmeddriver.com/storage/turoperator_images_card/iNa0eRGdRldSwUK40CRr6jHdeSuQy8SPl09Y9dX1.jpg\", \"organization_email\": \"tur@mail.ru\"}]', 'gUFwfC47', '2023-07-10 12:55:04', '2023-07-10 12:55:21', 'otpravlen'),
(291, 'vladuk92@mail.ru', 'vova', 'Lddd', '+375173478834', '16', 'Туроператор Дагестан', '-', '50000', '500000', '1128', '0', '[{\"id\": 1128, \"date\": \"-\", \"role\": \"tur\", \"user_id\": 16, \"products\": \"{\\\"id\\\": 1, \\\"date\\\": \\\"08.08.2023 - 12.06.2023\\\", \\\"berth\\\": 1, \\\"price\\\": 50000, \\\"title\\\": \\\"Экскурсионный тур по Дагестану\\\", \\\"category\\\": \\\"Отель 3 звезды\\\"}\", \"created_at\": \"2023-07-10 16:00:57\", \"updated_at\": \"2023-07-10 16:00:57\", \"total_price\": 50000, \"name_product\": \"Туроператор Дагестан\", \"image_product\": \"https://tourmeddriver.com/storage/turoperator_images_card/iNa0eRGdRldSwUK40CRr6jHdeSuQy8SPl09Y9dX1.jpg\", \"organization_email\": \"tur@mail.ru\"}]', '6S8oeZVt', '2023-07-10 13:01:01', '2023-07-10 13:01:21', 'otpravlen'),
(292, 'vladuk92@mail.ru', 'vova', 'Lddd', '+375173478834', '16', 'Медицинский центр', '12 07 2023 15:08', '10900', '694000', '1132', '1', '[{\"id\": 1129, \"date\": \"12 07 2023 17:04\", \"role\": \"cafe\", \"user_id\": 16, \"products\": \"{\\\"date\\\": \\\"12 07 2023 17:04\\\", \\\"people\\\": 1, \\\"product\\\": null, \\\"totalPrice\\\": 3700, \\\"productList\\\": [{\\\"id\\\": 21, \\\"qty\\\": 1, \\\"price\\\": \\\"500\\\", \\\"product\\\": \\\"Овощи гриль\\\"}, {\\\"id\\\": 22, \\\"qty\\\": 1, \\\"price\\\": \\\"600\\\", \\\"product\\\": \\\"Картофель Фри\\\"}, {\\\"id\\\": 23, \\\"qty\\\": 1, \\\"price\\\": \\\"2300\\\", \\\"product\\\": \\\"Фасоль стручковая\\\"}, {\\\"id\\\": 24, \\\"qty\\\": 1, \\\"price\\\": \\\"300\\\", \\\"product\\\": \\\"Капуста брюссельская\\\"}]}\", \"created_at\": \"2023-07-11 12:04:28\", \"updated_at\": \"2023-07-11 12:04:28\", \"total_price\": 3700, \"name_product\": \"Кафе «Баку»\", \"image_product\": \"https://tourmeddriver.com/storage/cafe_images_card/Bf620TfVhX7NAblSAGdbFh48myWnPlVF9NTLumoT.jpg\", \"organization_email\": \"cafe@mail.ru\"}, {\"id\": 1130, \"date\": \"-\", \"role\": \"tur\", \"user_id\": 16, \"products\": \"{\\\"id\\\": 1, \\\"date\\\": \\\"08.08.2023 - 12.08.2023\\\", \\\"berth\\\": 1, \\\"price\\\": 50000, \\\"title\\\": \\\"Экскурсионный тур по Дагестану\\\", \\\"category\\\": \\\"Отель 3 звезды\\\"}\", \"created_at\": \"2023-07-11 12:07:21\", \"updated_at\": \"2023-07-11 12:07:21\", \"total_price\": 50000, \"name_product\": \"Туроператор Дагестан\", \"image_product\": \"https://tourmeddriver.com/storage/turoperator_images_card/iNa0eRGdRldSwUK40CRr6jHdeSuQy8SPl09Y9dX1.jpg\", \"organization_email\": \"tur@mail.ru\"}, {\"id\": 1131, \"date\": \"13 07 2023 20:07\", \"role\": \"spa\", \"user_id\": 16, \"products\": \"{\\\"date\\\": \\\"13 07 2023 20:07\\\", \\\"people\\\": 1, \\\"product\\\": null, \\\"totalPrice\\\": 4800, \\\"productList\\\": [{\\\"id\\\": 1, \\\"qty\\\": 1, \\\"price\\\": \\\"1300\\\", \\\"product\\\": \\\"Холистик SPA-уход\\\"}, {\\\"id\\\": 2, \\\"qty\\\": 1, \\\"price\\\": \\\"1300\\\", \\\"product\\\": \\\"Фитнес SPA-уход\\\"}, {\\\"id\\\": 3, \\\"qty\\\": 1, \\\"price\\\": \\\"1200\\\", \\\"product\\\": \\\"Арома SPA-уход\\\"}, {\\\"id\\\": 4, \\\"qty\\\": 1, \\\"price\\\": \\\"500\\\", \\\"product\\\": \\\"Массаж лица косметический\\\"}, {\\\"id\\\": 5, \\\"qty\\\": 1, \\\"price\\\": \\\"500\\\", \\\"product\\\": \\\"Испанский массаж лица\\\"}]}\", \"created_at\": \"2023-07-11 12:07:56\", \"updated_at\": \"2023-07-11 12:07:56\", \"total_price\": 4800, \"name_product\": \"Салон красоты\", \"image_product\": \"https://tourmeddriver.com/storage/spa_images_card/7GsR2QNuInI8oMHqp9kiP6Fh5cCwYoNAqNCM7Ao8.jpg\", \"organization_email\": \"vladuk92@mail.ru\"}, {\"id\": 1132, \"date\": \"12 07 2023 15:08\", \"role\": \"Мед.центр\", \"user_id\": 16, \"products\": \"{\\\"date\\\": \\\"12 07 2023 15:08\\\", \\\"people\\\": 1, \\\"product\\\": null, \\\"totalPrice\\\": 10900, \\\"productList\\\": [{\\\"id\\\": 1, \\\"qty\\\": 1, \\\"price\\\": \\\"300\\\", \\\"product\\\": \\\"Консультация дермалогога\\\"}, {\\\"id\\\": 2, \\\"qty\\\": 1, \\\"price\\\": \\\"1300\\\", \\\"product\\\": \\\"Трихоскопия\\\"}, {\\\"id\\\": 3, \\\"qty\\\": 1, \\\"price\\\": \\\"1400\\\", \\\"product\\\": \\\"Цифровая дерматоскопия\\\"}, {\\\"id\\\": 9, \\\"qty\\\": 1, \\\"price\\\": \\\"2300\\\", \\\"product\\\": \\\"Первичный прием эндокринолога\\\"}, {\\\"id\\\": 11, \\\"qty\\\": 1, \\\"price\\\": \\\"1300\\\", \\\"product\\\": \\\"Прием детского эндокринолога\\\"}, {\\\"id\\\": 10, \\\"qty\\\": 1, \\\"price\\\": \\\"4300\\\", \\\"product\\\": \\\"Повторный прием эндокринолога\\\"}]}\", \"created_at\": \"2023-07-11 12:08:17\", \"updated_at\": \"2023-07-11 12:08:17\", \"total_price\": 10900, \"name_product\": \"Медицинский центр\", \"image_product\": \"https://tourmeddriver.com/storage/medical_images_card/EyiOJRNs6wUPi7sgQoMJVhGrrlJBri6NiemLHDDP.jpg\", \"organization_email\": \"klimashevskijvova@gmail.com\"}]', 'yqR4lMDo', '2023-07-11 09:08:27', '2023-07-11 09:08:49', 'otpravlen'),
(293, 'vladuk92@mail.ru', 'vova', 'Lddd', '+375173478834', '16', 'Туроператор Дагестан', '-', '50000', '500000', '1133', '1', '[{\"id\": 1133, \"date\": \"-\", \"role\": \"tur\", \"user_id\": 16, \"products\": \"{\\\"id\\\": 1, \\\"date\\\": \\\"05.05.2023 - 10.06.2023\\\", \\\"berth\\\": 1, \\\"price\\\": 50000, \\\"title\\\": \\\"Экскурсионный тур по Дагестану\\\", \\\"category\\\": \\\"Отель 3 звезды\\\"}\", \"created_at\": \"2023-07-11 12:16:27\", \"updated_at\": \"2023-07-11 12:16:27\", \"total_price\": 50000, \"name_product\": \"Туроператор Дагестан\", \"image_product\": \"https://tourmeddriver.com/storage/turoperator_images_card/iNa0eRGdRldSwUK40CRr6jHdeSuQy8SPl09Y9dX1.jpg\", \"organization_email\": \"tur@mail.ru\"}]', 'EzCvGrwT', '2023-07-11 09:16:30', '2023-07-11 09:16:47', 'otpravlen'),
(294, 'vladuk92@mail.ru', 'vova', 'Lddd', '+375173478834', '16', 'Туроператор Дагестан', '-', '50000', '500000', '1134', '1', '[{\"id\": 1134, \"date\": \"-\", \"role\": \"tur\", \"user_id\": 16, \"products\": \"{\\\"id\\\": 1, \\\"date\\\": \\\"05.05.2023 - 12.06.2023\\\", \\\"berth\\\": 1, \\\"price\\\": 50000, \\\"title\\\": \\\"Экскурсионный тур по Дагестану\\\", \\\"category\\\": \\\"Отель 3 звезды\\\"}\", \"created_at\": \"2023-07-11 12:17:26\", \"updated_at\": \"2023-07-11 12:17:26\", \"total_price\": 50000, \"name_product\": \"Туроператор Дагестан\", \"image_product\": \"https://tourmeddriver.com/storage/turoperator_images_card/iNa0eRGdRldSwUK40CRr6jHdeSuQy8SPl09Y9dX1.jpg\", \"organization_email\": \"tur@mail.ru\"}]', '3ENCz0Vn', '2023-07-11 09:17:31', '2023-07-11 09:17:48', 'otpravlen'),
(295, 'vladuk92@mail.ru', 'vova', 'Lddd', '+375173478834', '16', 'Туроператор Дагестан', '-', '50000', '500000', '1135', '1', '[{\"id\": 1135, \"date\": \"-\", \"role\": \"tur\", \"user_id\": 16, \"products\": \"{\\\"id\\\": 1, \\\"date\\\": \\\"08.08.2023 - 12.08.2023\\\", \\\"berth\\\": 1, \\\"price\\\": 50000, \\\"title\\\": \\\"Экскурсионный тур по Дагестану\\\", \\\"category\\\": \\\"Отель 3 звезды\\\"}\", \"created_at\": \"2023-07-11 13:30:50\", \"updated_at\": \"2023-07-11 13:30:50\", \"total_price\": 50000, \"name_product\": \"Туроператор Дагестан\", \"image_product\": \"https://tourmeddriver.com/storage/turoperator_images_card/iNa0eRGdRldSwUK40CRr6jHdeSuQy8SPl09Y9dX1.jpg\", \"organization_email\": \"tur@mail.ru\"}]', 'C7sDINqS', '2023-07-11 10:31:04', '2023-07-11 10:31:26', 'otpravlen'),
(296, 'vladuk92@mail.ru', 'vova', 'Lddd', '+375173478834', '16', 'Медицинский центр', '20 07 2023 17:59', '3000', '30000', '1136', '1', '[{\"id\": 1136, \"date\": \"20 07 2023 17:59\", \"role\": \"Мед.центр\", \"user_id\": 16, \"products\": \"{\\\"date\\\": \\\"20 07 2023 17:59\\\", \\\"people\\\": 1, \\\"product\\\": null, \\\"totalPrice\\\": 3000, \\\"productList\\\": [{\\\"id\\\": 1, \\\"qty\\\": 1, \\\"price\\\": \\\"300\\\", \\\"product\\\": \\\"Консультация дермалогога\\\"}, {\\\"id\\\": 2, \\\"qty\\\": 1, \\\"price\\\": \\\"1300\\\", \\\"product\\\": \\\"Трихоскопия\\\"}, {\\\"id\\\": 3, \\\"qty\\\": 1, \\\"price\\\": \\\"1400\\\", \\\"product\\\": \\\"Цифровая дерматоскопия\\\"}]}\", \"created_at\": \"2023-07-17 14:59:31\", \"updated_at\": \"2023-07-17 14:59:31\", \"total_price\": 3000, \"name_product\": \"Медицинский центр\", \"image_product\": \"https://tourmeddriver.com/storage/medical_images_card/EyiOJRNs6wUPi7sgQoMJVhGrrlJBri6NiemLHDDP.jpg\", \"organization_email\": \"klimashevskijvova@gmail.com\"}]', 'g2HPOuEh', '2023-07-17 11:59:35', '2023-07-17 13:32:00', 'otpravlen'),
(297, 'vladuk92@mail.ru', 'vova', 'Lddd', '+375173478834', '16', 'Медицинский центр', '18 07 2023 19:32', '5300', '53000', '1137', '1', '[{\"id\": 1137, \"date\": \"18 07 2023 19:32\", \"role\": \"Мед.центр\", \"user_id\": 16, \"products\": \"{\\\"date\\\": \\\"18 07 2023 19:32\\\", \\\"people\\\": 1, \\\"product\\\": null, \\\"totalPrice\\\": 5300, \\\"productList\\\": [{\\\"id\\\": 1, \\\"qty\\\": 1, \\\"price\\\": \\\"300\\\", \\\"product\\\": \\\"Консультация дермалогога\\\"}, {\\\"id\\\": 2, \\\"qty\\\": 1, \\\"price\\\": \\\"1300\\\", \\\"product\\\": \\\"Трихоскопия\\\"}, {\\\"id\\\": 3, \\\"qty\\\": 1, \\\"price\\\": \\\"1400\\\", \\\"product\\\": \\\"Цифровая дерматоскопия\\\"}, {\\\"id\\\": 9, \\\"qty\\\": 1, \\\"price\\\": \\\"2300\\\", \\\"product\\\": \\\"Первичный прием эндокринолога\\\"}]}\", \"created_at\": \"2023-07-17 16:32:19\", \"updated_at\": \"2023-07-17 16:32:19\", \"total_price\": 5300, \"name_product\": \"Медицинский центр\", \"image_product\": \"https://tourmeddriver.com/storage/medical_images_card/EyiOJRNs6wUPi7sgQoMJVhGrrlJBri6NiemLHDDP.jpg\", \"organization_email\": \"klimashevskijvova@gmail.com\"}]', 'QrlvsmNT', '2023-07-17 13:32:23', '2023-07-17 13:32:39', 'otpravlen'),
(298, 'vladuk92@mail.ru', 'vova', 'Lddd', '+375173478834', '16', 'Pheasants', '-', '8700', '329000', '1141', '1', '[{\"id\": 1138, \"date\": \"19 07 2023 11:24\", \"role\": \"Мед.центр\", \"user_id\": 16, \"products\": \"{\\\"date\\\": \\\"19 07 2023 11:24\\\", \\\"people\\\": 1, \\\"product\\\": null, \\\"totalPrice\\\": 10900, \\\"productList\\\": [{\\\"id\\\": 1, \\\"qty\\\": 1, \\\"price\\\": \\\"300\\\", \\\"product\\\": \\\"Консультация дермалогога\\\"}, {\\\"id\\\": 2, \\\"qty\\\": 1, \\\"price\\\": \\\"1300\\\", \\\"product\\\": \\\"Трихоскопия\\\"}, {\\\"id\\\": 3, \\\"qty\\\": 1, \\\"price\\\": \\\"1400\\\", \\\"product\\\": \\\"Цифровая дерматоскопия\\\"}, {\\\"id\\\": 9, \\\"qty\\\": 1, \\\"price\\\": \\\"2300\\\", \\\"product\\\": \\\"Первичный прием эндокринолога\\\"}, {\\\"id\\\": 10, \\\"qty\\\": 1, \\\"price\\\": \\\"4300\\\", \\\"product\\\": \\\"Повторный прием эндокринолога\\\"}, {\\\"id\\\": 11, \\\"qty\\\": 1, \\\"price\\\": \\\"1300\\\", \\\"product\\\": \\\"Прием детского эндокринолога\\\"}]}\", \"created_at\": \"2023-07-18 08:24:24\", \"updated_at\": \"2023-07-18 08:24:24\", \"total_price\": 10900, \"name_product\": \"Медицинский центр\", \"image_product\": \"https://tourmeddriver.com/storage/medical_images_card/EyiOJRNs6wUPi7sgQoMJVhGrrlJBri6NiemLHDDP.jpg\", \"organization_email\": \"klimashevskijvova@gmail.com\"}, {\"id\": 1139, \"date\": \"20 07 2023 11:24\", \"role\": \"spa\", \"user_id\": 16, \"products\": \"{\\\"date\\\": \\\"20 07 2023 11:24\\\", \\\"people\\\": 1, \\\"product\\\": null, \\\"totalPrice\\\": 4600, \\\"productList\\\": [{\\\"id\\\": 1, \\\"qty\\\": 1, \\\"price\\\": \\\"1300\\\", \\\"product\\\": \\\"Холистик SPA-уход\\\"}, {\\\"id\\\": 2, \\\"qty\\\": 1, \\\"price\\\": \\\"1300\\\", \\\"product\\\": \\\"Фитнес SPA-уход\\\"}, {\\\"id\\\": 3, \\\"qty\\\": 1, \\\"price\\\": \\\"1200\\\", \\\"product\\\": \\\"Арома SPA-уход\\\"}, {\\\"id\\\": 5, \\\"qty\\\": 1, \\\"price\\\": \\\"500\\\", \\\"product\\\": \\\"Испанский массаж лица\\\"}, {\\\"id\\\": 6, \\\"qty\\\": 1, \\\"price\\\": \\\"300\\\", \\\"product\\\": \\\"Китайский массаж лица\\\"}]}\", \"created_at\": \"2023-07-18 08:24:39\", \"updated_at\": \"2023-07-18 08:24:39\", \"total_price\": 4600, \"name_product\": \"Салон красоты\", \"image_product\": \"https://tourmeddriver.com/storage/spa_images_card/7GsR2QNuInI8oMHqp9kiP6Fh5cCwYoNAqNCM7Ao8.jpg\", \"organization_email\": \"vladuk92@mail.ru\"}, {\"id\": 1140, \"date\": \"-\", \"role\": \"hostel\", \"user_id\": 16, \"products\": \"{\\\"id\\\": 1, \\\"date\\\": [\\\"19 07 2023\\\", \\\"21 07 2023\\\"], \\\"berth\\\": \\\"2\\\", \\\"price\\\": 8700, \\\"title\\\": \\\"Двухместный люкс\\\", \\\"category\\\": \\\"Двухместные люкс\\\"}\", \"created_at\": \"2023-07-18 08:24:52\", \"updated_at\": \"2023-07-18 08:24:52\", \"total_price\": 8700, \"name_product\": \"Pheasants\", \"image_product\": \"https://tourmeddriver.com/storage/hostel_images_card/4xpsDC6PwXRoFZcZszLNGaxKYeW31Tp4NcA6RLev.jpg\", \"organization_email\": \"hostel@mail.ru\"}, {\"id\": 1141, \"date\": \"-\", \"role\": \"hostel\", \"user_id\": 16, \"products\": \"{\\\"id\\\": 1, \\\"date\\\": [\\\"19 07 2023\\\", \\\"21 07 2023\\\"], \\\"berth\\\": \\\"2\\\", \\\"price\\\": 8700, \\\"title\\\": \\\"Двухместный люкс\\\", \\\"category\\\": \\\"Двухместные люкс\\\"}\", \"created_at\": \"2023-07-18 08:24:53\", \"updated_at\": \"2023-07-18 08:24:53\", \"total_price\": 8700, \"name_product\": \"Pheasants\", \"image_product\": \"https://tourmeddriver.com/storage/hostel_images_card/4xpsDC6PwXRoFZcZszLNGaxKYeW31Tp4NcA6RLev.jpg\", \"organization_email\": \"hostel@mail.ru\"}]', 'W5Tb46a2', '2023-07-18 05:24:56', '2023-07-18 05:25:19', 'otpravlen'),
(299, 'hopd@tut.by', 'Дмитрий', 'Нор', '12', '12', 'Кафе «Баку»', '11 08 2023 15:20', '2100', '154000', '1152', '1', '[{\"id\": 1150, \"date\": \"10 08 2023 20:20\", \"role\": \"Мед.центр\", \"user_id\": 12, \"products\": \"{\\\"date\\\": \\\"10 08 2023 20:20\\\", \\\"people\\\": 1, \\\"product\\\": null, \\\"totalPrice\\\": 4600, \\\"productList\\\": [{\\\"id\\\": 2, \\\"qty\\\": 1, \\\"price\\\": \\\"1300\\\", \\\"product\\\": \\\"Трихоскопия\\\"}, {\\\"id\\\": 9, \\\"qty\\\": 1, \\\"price\\\": \\\"2300\\\", \\\"product\\\": \\\"Первичный прием эндокринолога\\\"}, {\\\"id\\\": 12, \\\"qty\\\": 2, \\\"price\\\": 1000, \\\"product\\\": \\\"УЗИ печени и желчного пузыря\\\"}]}\", \"created_at\": \"2023-08-08 17:49:13\", \"updated_at\": \"2023-08-08 17:49:13\", \"total_price\": 4600, \"name_product\": \"Медицинский центр\", \"image_product\": \"https://tourmeddriver.com/storage/medical_images_card/EyiOJRNs6wUPi7sgQoMJVhGrrlJBri6NiemLHDDP.jpg\", \"organization_email\": \"klimashevskijvova@gmail.com\"}, {\"id\": 1151, \"date\": \"-\", \"role\": \"hostel\", \"user_id\": 12, \"products\": \"{\\\"id\\\": 1, \\\"date\\\": [\\\"10 08 2023\\\", \\\"12 08 2023\\\"], \\\"berth\\\": \\\"2\\\", \\\"price\\\": 8700, \\\"title\\\": \\\"Двухместный люкс\\\", \\\"category\\\": \\\"Двухместные люкс\\\"}\", \"created_at\": \"2023-08-08 17:49:58\", \"updated_at\": \"2023-08-08 17:49:58\", \"total_price\": 8700, \"name_product\": \"Pheasants\", \"image_product\": \"https://tourmeddriver.com/storage/hostel_images_card/4xpsDC6PwXRoFZcZszLNGaxKYeW31Tp4NcA6RLev.jpg\", \"organization_email\": \"hostel@mail.ru\"}, {\"id\": 1152, \"date\": \"11 08 2023 15:20\", \"role\": \"cafe\", \"user_id\": 12, \"products\": \"{\\\"date\\\": \\\"11 08 2023 15:20\\\", \\\"people\\\": 1, \\\"product\\\": null, \\\"totalPrice\\\": 2100, \\\"productList\\\": [{\\\"id\\\": 18, \\\"qty\\\": 1, \\\"price\\\": \\\"300\\\", \\\"product\\\": \\\"Стейк из семги\\\"}, {\\\"id\\\": 20, \\\"qty\\\": 1, \\\"price\\\": \\\"500\\\", \\\"product\\\": \\\"Стейк из куриного филе\\\"}, {\\\"id\\\": 33, \\\"qty\\\": 1, \\\"price\\\": \\\"1300\\\", \\\"product\\\": \\\"Гавайская\\\"}]}\", \"created_at\": \"2023-08-08 17:56:35\", \"updated_at\": \"2023-08-08 17:56:35\", \"total_price\": 2100, \"name_product\": \"Кафе «Баку»\", \"image_product\": \"https://tourmeddriver.com/storage/cafe_images_card/Bf620TfVhX7NAblSAGdbFh48myWnPlVF9NTLumoT.jpg\", \"organization_email\": \"cafe@mail.ru\"}]', 'cyUXRfJQ', '2023-08-08 14:59:12', '2023-08-08 15:00:06', 'otpravlen'),
(300, 'vladuk92@mail.ru', 'vova', 'Lddd', '+375173478834', '16', 'Ресторан Джумейра', '24 08 2023 21:14', '14326', '143260', '1153', '0', '[{\"id\": 1153, \"date\": \"24 08 2023 21:14\", \"role\": \"cafe\", \"user_id\": 16, \"products\": \"{\\\"date\\\": \\\"24 08 2023 21:14\\\", \\\"people\\\": 1, \\\"product\\\": null, \\\"totalPrice\\\": 14326, \\\"productList\\\": [{\\\"id\\\": 103, \\\"qty\\\": 1, \\\"price\\\": \\\"65\\\", \\\"product\\\": \\\"Фокачча\\\"}, {\\\"id\\\": 104, \\\"qty\\\": 1, \\\"price\\\": \\\"110\\\", \\\"product\\\": \\\"Фесели\\\"}, {\\\"id\\\": 105, \\\"qty\\\": 1, \\\"price\\\": \\\"50\\\", \\\"product\\\": \\\"Узбекская лепешка\\\"}, {\\\"id\\\": 106, \\\"qty\\\": 1, \\\"price\\\": \\\"70\\\", \\\"product\\\": \\\"Ржаная лепешка\\\"}, {\\\"id\\\": 107, \\\"qty\\\": 1, \\\"price\\\": \\\"635\\\", \\\"product\\\": \\\"Ассорти холодных закусок\\\"}, {\\\"id\\\": 108, \\\"qty\\\": 1, \\\"price\\\": \\\"295\\\", \\\"product\\\": \\\"Овощной букет\\\"}, {\\\"id\\\": 109, \\\"qty\\\": 1, \\\"price\\\": \\\"210\\\", \\\"product\\\": \\\"Ассорти бочковых солений\\\"}, {\\\"id\\\": 110, \\\"qty\\\": 1, \\\"price\\\": \\\"495\\\", \\\"product\\\": \\\"Ассорти кавказских сыров\\\"}, {\\\"id\\\": 119, \\\"qty\\\": 1, \\\"price\\\": \\\"395\\\", \\\"product\\\": \\\"Салат по-корейски\\\"}, {\\\"id\\\": 120, \\\"qty\\\": 1, \\\"price\\\": \\\"385\\\", \\\"product\\\": \\\"Салат \\\\\\\"Дагестан\\\\\\\"\\\"}, {\\\"id\\\": 121, \\\"qty\\\": 1, \\\"price\\\": \\\"487\\\", \\\"product\\\": \\\"Салат Джумейра\\\"}, {\\\"id\\\": 122, \\\"qty\\\": 1, \\\"price\\\": \\\"520\\\", \\\"product\\\": \\\"Салат с ростбифом и вяленными томатами\\\"}, {\\\"id\\\": 123, \\\"qty\\\": 1, \\\"price\\\": \\\"345\\\", \\\"product\\\": \\\"Салат три вида мяса\\\"}, {\\\"id\\\": 124, \\\"qty\\\": 1, \\\"price\\\": \\\"335\\\", \\\"product\\\": \\\"Теплый салат с куриной печенью\\\"}, {\\\"id\\\": 125, \\\"qty\\\": 1, \\\"price\\\": \\\"360\\\", \\\"product\\\": \\\"Салат цезарь с курицей\\\"}, {\\\"id\\\": 126, \\\"qty\\\": 1, \\\"price\\\": \\\"485\\\", \\\"product\\\": \\\"Салат цезарь с креветкой\\\"}, {\\\"id\\\": 127, \\\"qty\\\": 1, \\\"price\\\": \\\"345\\\", \\\"product\\\": \\\"Хрустящий салат из баклажан\\\"}, {\\\"id\\\": 128, \\\"qty\\\": 1, \\\"price\\\": \\\"260\\\", \\\"product\\\": \\\"Салат чука\\\"}, {\\\"id\\\": 132, \\\"qty\\\": 1, \\\"price\\\": \\\"345\\\", \\\"product\\\": \\\"Жульен в блинах с кедровыми орешками\\\"}, {\\\"id\\\": 133, \\\"qty\\\": 1, \\\"price\\\": \\\"275\\\", \\\"product\\\": \\\"Грибной суп\\\"}, {\\\"id\\\": 134, \\\"qty\\\": 2, \\\"price\\\": 360, \\\"product\\\": \\\"Чечевичный суп\\\"}, {\\\"id\\\": 136, \\\"qty\\\": 1, \\\"price\\\": \\\"555\\\", \\\"product\\\": \\\"Суп том ям\\\"}, {\\\"id\\\": 135, \\\"qty\\\": 1, \\\"price\\\": \\\"650\\\", \\\"product\\\": \\\"Суп с бараньей голенью\\\"}, {\\\"id\\\": 138, \\\"qty\\\": 1, \\\"price\\\": \\\"295\\\", \\\"product\\\": \\\"Кюфта\\\"}, {\\\"id\\\": 139, \\\"qty\\\": 1, \\\"price\\\": \\\"190\\\", \\\"product\\\": \\\"Суп с домашней лапшой\\\"}, {\\\"id\\\": 164, \\\"qty\\\": 1, \\\"price\\\": \\\"3550\\\", \\\"product\\\": \\\"Ассорти хинкал\\\"}, {\\\"id\\\": 165, \\\"qty\\\": 1, \\\"price\\\": \\\"220\\\", \\\"product\\\": \\\"Аварский хинкал\\\"}, {\\\"id\\\": 166, \\\"qty\\\": 1, \\\"price\\\": \\\"200\\\", \\\"product\\\": \\\"Даргинский хинкал\\\"}, {\\\"id\\\": 167, \\\"qty\\\": 1, \\\"price\\\": \\\"200\\\", \\\"product\\\": \\\"Чеченский хинкал\\\"}, {\\\"id\\\": 168, \\\"qty\\\": 1, \\\"price\\\": \\\"180\\\", \\\"product\\\": \\\"Лезгинский хинкал\\\"}, {\\\"id\\\": 170, \\\"qty\\\": 2, \\\"price\\\": 50, \\\"product\\\": \\\"Бульон\\\"}, {\\\"id\\\": 171, \\\"qty\\\": 1, \\\"price\\\": \\\"790\\\", \\\"product\\\": \\\"Баранья голень\\\"}, {\\\"id\\\": 172, \\\"qty\\\": 1, \\\"price\\\": \\\"299\\\", \\\"product\\\": \\\"Телятина\\\"}, {\\\"id\\\": 173, \\\"qty\\\": 4, \\\"price\\\": 320, \\\"product\\\": \\\"Картофель отварной\\\"}]}\", \"created_at\": \"2023-08-11 18:14:57\", \"updated_at\": \"2023-08-11 18:14:57\", \"total_price\": 14326, \"name_product\": \"Ресторан Джумейра\", \"image_product\": \"https://tourmeddriver.com/storage/cafe_images_card/ApeJjccYw7SBrD3CzvHGSTCjpOi8I7JAQx5S2Pkm.jpg\", \"organization_email\": \"jumeirah_istoria@mail.ru\"}]', NULL, '2023-08-11 15:15:05', '2023-08-11 15:15:05', NULL),
(301, 'vladuk92@mail.ru', 'vova', 'Lddd', '+375173478834', '16', 'Ресторан Джумейра', '24 08 2023 21:14', '14326', '143260', '1153', '1', '[{\"id\": 1153, \"date\": \"24 08 2023 21:14\", \"role\": \"cafe\", \"user_id\": 16, \"products\": \"{\\\"date\\\": \\\"24 08 2023 21:14\\\", \\\"people\\\": 1, \\\"product\\\": null, \\\"totalPrice\\\": 14326, \\\"productList\\\": [{\\\"id\\\": 103, \\\"qty\\\": 1, \\\"price\\\": \\\"65\\\", \\\"product\\\": \\\"Фокачча\\\"}, {\\\"id\\\": 104, \\\"qty\\\": 1, \\\"price\\\": \\\"110\\\", \\\"product\\\": \\\"Фесели\\\"}, {\\\"id\\\": 105, \\\"qty\\\": 1, \\\"price\\\": \\\"50\\\", \\\"product\\\": \\\"Узбекская лепешка\\\"}, {\\\"id\\\": 106, \\\"qty\\\": 1, \\\"price\\\": \\\"70\\\", \\\"product\\\": \\\"Ржаная лепешка\\\"}, {\\\"id\\\": 107, \\\"qty\\\": 1, \\\"price\\\": \\\"635\\\", \\\"product\\\": \\\"Ассорти холодных закусок\\\"}, {\\\"id\\\": 108, \\\"qty\\\": 1, \\\"price\\\": \\\"295\\\", \\\"product\\\": \\\"Овощной букет\\\"}, {\\\"id\\\": 109, \\\"qty\\\": 1, \\\"price\\\": \\\"210\\\", \\\"product\\\": \\\"Ассорти бочковых солений\\\"}, {\\\"id\\\": 110, \\\"qty\\\": 1, \\\"price\\\": \\\"495\\\", \\\"product\\\": \\\"Ассорти кавказских сыров\\\"}, {\\\"id\\\": 119, \\\"qty\\\": 1, \\\"price\\\": \\\"395\\\", \\\"product\\\": \\\"Салат по-корейски\\\"}, {\\\"id\\\": 120, \\\"qty\\\": 1, \\\"price\\\": \\\"385\\\", \\\"product\\\": \\\"Салат \\\\\\\"Дагестан\\\\\\\"\\\"}, {\\\"id\\\": 121, \\\"qty\\\": 1, \\\"price\\\": \\\"487\\\", \\\"product\\\": \\\"Салат Джумейра\\\"}, {\\\"id\\\": 122, \\\"qty\\\": 1, \\\"price\\\": \\\"520\\\", \\\"product\\\": \\\"Салат с ростбифом и вяленными томатами\\\"}, {\\\"id\\\": 123, \\\"qty\\\": 1, \\\"price\\\": \\\"345\\\", \\\"product\\\": \\\"Салат три вида мяса\\\"}, {\\\"id\\\": 124, \\\"qty\\\": 1, \\\"price\\\": \\\"335\\\", \\\"product\\\": \\\"Теплый салат с куриной печенью\\\"}, {\\\"id\\\": 125, \\\"qty\\\": 1, \\\"price\\\": \\\"360\\\", \\\"product\\\": \\\"Салат цезарь с курицей\\\"}, {\\\"id\\\": 126, \\\"qty\\\": 1, \\\"price\\\": \\\"485\\\", \\\"product\\\": \\\"Салат цезарь с креветкой\\\"}, {\\\"id\\\": 127, \\\"qty\\\": 1, \\\"price\\\": \\\"345\\\", \\\"product\\\": \\\"Хрустящий салат из баклажан\\\"}, {\\\"id\\\": 128, \\\"qty\\\": 1, \\\"price\\\": \\\"260\\\", \\\"product\\\": \\\"Салат чука\\\"}, {\\\"id\\\": 132, \\\"qty\\\": 1, \\\"price\\\": \\\"345\\\", \\\"product\\\": \\\"Жульен в блинах с кедровыми орешками\\\"}, {\\\"id\\\": 133, \\\"qty\\\": 1, \\\"price\\\": \\\"275\\\", \\\"product\\\": \\\"Грибной суп\\\"}, {\\\"id\\\": 134, \\\"qty\\\": 2, \\\"price\\\": 360, \\\"product\\\": \\\"Чечевичный суп\\\"}, {\\\"id\\\": 136, \\\"qty\\\": 1, \\\"price\\\": \\\"555\\\", \\\"product\\\": \\\"Суп том ям\\\"}, {\\\"id\\\": 135, \\\"qty\\\": 1, \\\"price\\\": \\\"650\\\", \\\"product\\\": \\\"Суп с бараньей голенью\\\"}, {\\\"id\\\": 138, \\\"qty\\\": 1, \\\"price\\\": \\\"295\\\", \\\"product\\\": \\\"Кюфта\\\"}, {\\\"id\\\": 139, \\\"qty\\\": 1, \\\"price\\\": \\\"190\\\", \\\"product\\\": \\\"Суп с домашней лапшой\\\"}, {\\\"id\\\": 164, \\\"qty\\\": 1, \\\"price\\\": \\\"3550\\\", \\\"product\\\": \\\"Ассорти хинкал\\\"}, {\\\"id\\\": 165, \\\"qty\\\": 1, \\\"price\\\": \\\"220\\\", \\\"product\\\": \\\"Аварский хинкал\\\"}, {\\\"id\\\": 166, \\\"qty\\\": 1, \\\"price\\\": \\\"200\\\", \\\"product\\\": \\\"Даргинский хинкал\\\"}, {\\\"id\\\": 167, \\\"qty\\\": 1, \\\"price\\\": \\\"200\\\", \\\"product\\\": \\\"Чеченский хинкал\\\"}, {\\\"id\\\": 168, \\\"qty\\\": 1, \\\"price\\\": \\\"180\\\", \\\"product\\\": \\\"Лезгинский хинкал\\\"}, {\\\"id\\\": 170, \\\"qty\\\": 2, \\\"price\\\": 50, \\\"product\\\": \\\"Бульон\\\"}, {\\\"id\\\": 171, \\\"qty\\\": 1, \\\"price\\\": \\\"790\\\", \\\"product\\\": \\\"Баранья голень\\\"}, {\\\"id\\\": 172, \\\"qty\\\": 1, \\\"price\\\": \\\"299\\\", \\\"product\\\": \\\"Телятина\\\"}, {\\\"id\\\": 173, \\\"qty\\\": 4, \\\"price\\\": 320, \\\"product\\\": \\\"Картофель отварной\\\"}]}\", \"created_at\": \"2023-08-11 18:14:57\", \"updated_at\": \"2023-08-11 18:14:57\", \"total_price\": 14326, \"name_product\": \"Ресторан Джумейра\", \"image_product\": \"https://tourmeddriver.com/storage/cafe_images_card/ApeJjccYw7SBrD3CzvHGSTCjpOi8I7JAQx5S2Pkm.jpg\", \"organization_email\": \"jumeirah_istoria@mail.ru\"}]', '1wyqSEXI', '2023-09-15 05:49:32', '2023-09-15 08:30:45', 'otpravlen'),
(302, 'vladuk92@mail.ru', 'vova', 'Lddd', '+375173478834', '16', 'Медицинский центр', '15 09 2023 14:29', '3300', '84000', '1155', '0', '[{\"id\": 1154, \"date\": \"22 09 2023 14:28\", \"role\": \"spa\", \"user_id\": 16, \"products\": \"{\\\"date\\\": \\\"22 09 2023 14:28\\\", \\\"people\\\": 1, \\\"product\\\": null, \\\"totalPrice\\\": 5100, \\\"productList\\\": [{\\\"id\\\": 1, \\\"qty\\\": 1, \\\"price\\\": \\\"1300\\\", \\\"product\\\": \\\"Холистик SPA-уход\\\"}, {\\\"id\\\": 2, \\\"qty\\\": 1, \\\"price\\\": \\\"1300\\\", \\\"product\\\": \\\"Фитнес SPA-уход\\\"}, {\\\"id\\\": 3, \\\"qty\\\": 1, \\\"price\\\": \\\"1200\\\", \\\"product\\\": \\\"Арома SPA-уход\\\"}, {\\\"id\\\": 4, \\\"qty\\\": 1, \\\"price\\\": \\\"500\\\", \\\"product\\\": \\\"Массаж лица косметический\\\"}, {\\\"id\\\": 5, \\\"qty\\\": 1, \\\"price\\\": \\\"500\\\", \\\"product\\\": \\\"Испанский массаж лица\\\"}, {\\\"id\\\": 6, \\\"qty\\\": 1, \\\"price\\\": \\\"300\\\", \\\"product\\\": \\\"Китайский массаж лица\\\"}]}\", \"created_at\": \"2023-09-15 11:29:20\", \"updated_at\": \"2023-09-15 11:29:20\", \"total_price\": 5100, \"name_product\": \"Салон красоты\", \"image_product\": \"https://tourmeddriver.com/storage/spa_images_card/7GsR2QNuInI8oMHqp9kiP6Fh5cCwYoNAqNCM7Ao8.jpg\", \"organization_email\": \"vladuk92@mail.ru\"}, {\"id\": 1155, \"date\": \"15 09 2023 14:29\", \"role\": \"Мед.центр\", \"user_id\": 16, \"products\": \"{\\\"date\\\": \\\"15 09 2023 14:29\\\", \\\"people\\\": 1, \\\"product\\\": null, \\\"totalPrice\\\": 3300, \\\"productList\\\": [{\\\"id\\\": 1, \\\"qty\\\": 2, \\\"price\\\": 600, \\\"product\\\": \\\"Консультация дермалогога\\\"}, {\\\"id\\\": 2, \\\"qty\\\": 1, \\\"price\\\": \\\"1300\\\", \\\"product\\\": \\\"Трихоскопия\\\"}, {\\\"id\\\": 3, \\\"qty\\\": 1, \\\"price\\\": \\\"1400\\\", \\\"product\\\": \\\"Цифровая дерматоскопия\\\"}]}\", \"created_at\": \"2023-09-15 11:31:07\", \"updated_at\": \"2023-09-15 11:31:07\", \"total_price\": 3300, \"name_product\": \"Медицинский центр\", \"image_product\": \"https://tourmeddriver.com/storage/medical_images_card/EyiOJRNs6wUPi7sgQoMJVhGrrlJBri6NiemLHDDP.jpg\", \"organization_email\": \"klimashevskijvova@gmail.com\"}]', NULL, '2023-09-15 08:31:13', '2023-09-15 08:31:13', NULL),
(303, 'vladuk92@mail.ru', 'vova', 'Lddd', '+375173478834', '16', 'Медицинский центр', '15 09 2023 14:29', '3300', '84000', '1155', '1', '[{\"id\": 1154, \"date\": \"22 09 2023 14:28\", \"role\": \"spa\", \"user_id\": 16, \"products\": \"{\\\"date\\\": \\\"22 09 2023 14:28\\\", \\\"people\\\": 1, \\\"product\\\": null, \\\"totalPrice\\\": 5100, \\\"productList\\\": [{\\\"id\\\": 1, \\\"qty\\\": 1, \\\"price\\\": \\\"1300\\\", \\\"product\\\": \\\"Холистик SPA-уход\\\"}, {\\\"id\\\": 2, \\\"qty\\\": 1, \\\"price\\\": \\\"1300\\\", \\\"product\\\": \\\"Фитнес SPA-уход\\\"}, {\\\"id\\\": 3, \\\"qty\\\": 1, \\\"price\\\": \\\"1200\\\", \\\"product\\\": \\\"Арома SPA-уход\\\"}, {\\\"id\\\": 4, \\\"qty\\\": 1, \\\"price\\\": \\\"500\\\", \\\"product\\\": \\\"Массаж лица косметический\\\"}, {\\\"id\\\": 5, \\\"qty\\\": 1, \\\"price\\\": \\\"500\\\", \\\"product\\\": \\\"Испанский массаж лица\\\"}, {\\\"id\\\": 6, \\\"qty\\\": 1, \\\"price\\\": \\\"300\\\", \\\"product\\\": \\\"Китайский массаж лица\\\"}]}\", \"created_at\": \"2023-09-15 11:29:20\", \"updated_at\": \"2023-09-15 11:29:20\", \"total_price\": 5100, \"name_product\": \"Салон красоты\", \"image_product\": \"https://tourmeddriver.com/storage/spa_images_card/7GsR2QNuInI8oMHqp9kiP6Fh5cCwYoNAqNCM7Ao8.jpg\", \"organization_email\": \"vladuk92@mail.ru\"}, {\"id\": 1155, \"date\": \"15 09 2023 14:29\", \"role\": \"Мед.центр\", \"user_id\": 16, \"products\": \"{\\\"date\\\": \\\"15 09 2023 14:29\\\", \\\"people\\\": 1, \\\"product\\\": null, \\\"totalPrice\\\": 3300, \\\"productList\\\": [{\\\"id\\\": 1, \\\"qty\\\": 2, \\\"price\\\": 600, \\\"product\\\": \\\"Консультация дермалогога\\\"}, {\\\"id\\\": 2, \\\"qty\\\": 1, \\\"price\\\": \\\"1300\\\", \\\"product\\\": \\\"Трихоскопия\\\"}, {\\\"id\\\": 3, \\\"qty\\\": 1, \\\"price\\\": \\\"1400\\\", \\\"product\\\": \\\"Цифровая дерматоскопия\\\"}]}\", \"created_at\": \"2023-09-15 11:31:07\", \"updated_at\": \"2023-09-15 11:31:07\", \"total_price\": 3300, \"name_product\": \"Медицинский центр\", \"image_product\": \"https://tourmeddriver.com/storage/medical_images_card/EyiOJRNs6wUPi7sgQoMJVhGrrlJBri6NiemLHDDP.jpg\", \"organization_email\": \"klimashevskijvova@gmail.com\"}]', 'mUF7QsAx', '2023-09-15 08:31:22', '2023-09-15 16:26:18', 'otpravlen'),
(304, 'user@mail.ru', 'имя', 'фамилия!', '333333333332', '13', 'Медицинский центр', '20.09.2023', '300', '3000', '1287', '0', '[{\"id\": 1287, \"date\": \"20.09.2023\", \"role\": \"Мед.центр\", \"user_id\": 13, \"products\": \"{\\\"date\\\": \\\"20.09.2023\\\", \\\"title\\\": \\\"Медицинский центр\\\", \\\"people\\\": 1, \\\"product\\\": null, \\\"totalPrice\\\": 300, \\\"productList\\\": [{\\\"id\\\": 1, \\\"qty\\\": 1, \\\"price\\\": \\\"300\\\", \\\"product\\\": \\\"Консультация дермалогога\\\"}]}\", \"created_at\": \"2023-09-19 16:08:15\", \"updated_at\": \"2023-09-19 16:08:15\", \"total_price\": 300, \"name_product\": \"Медицинский центр\", \"image_product\": \"https://tourmeddriver.com/public/storage/medical_images_card/EyiOJRNs6wUPi7sgQoMJVhGrrlJBri6NiemLHDDP.jpg\", \"organization_email\": \"klimashevskijvova@gmail.com\"}]', NULL, '2023-09-19 13:08:21', '2023-09-19 13:08:21', NULL),
(305, 'user@mail.ru', 'имя', 'фамилия!', '333333333332', '13', 'Медицинский центр', '20.09.2023', '300', '3000', '1287', '1', '[{\"id\": 1287, \"date\": \"20.09.2023\", \"role\": \"Мед.центр\", \"user_id\": 13, \"products\": \"{\\\"date\\\": \\\"20.09.2023\\\", \\\"title\\\": \\\"Медицинский центр\\\", \\\"people\\\": 1, \\\"product\\\": null, \\\"totalPrice\\\": 300, \\\"productList\\\": [{\\\"id\\\": 1, \\\"qty\\\": 1, \\\"price\\\": \\\"300\\\", \\\"product\\\": \\\"Консультация дермалогога\\\"}]}\", \"created_at\": \"2023-09-19 16:08:15\", \"updated_at\": \"2023-09-19 16:08:15\", \"total_price\": 300, \"name_product\": \"Медицинский центр\", \"image_product\": \"https://tourmeddriver.com/public/storage/medical_images_card/EyiOJRNs6wUPi7sgQoMJVhGrrlJBri6NiemLHDDP.jpg\", \"organization_email\": \"klimashevskijvova@gmail.com\"}]', 'mUF7QsAx', '2023-09-19 13:10:22', '2023-09-19 13:23:27', 'otpravlen'),
(306, 'user@mail.ru', 'имя', 'фамилия!', '333333333332', '13', 'Санаторий', '-', '4200', '42000', '1290', '0', '[{\"id\": 1290, \"date\": \"-\", \"role\": \"sanatorium\", \"user_id\": 13, \"products\": \"{\\\"id\\\": 1, \\\"date\\\": [\\\"21 09 2023\\\", \\\"22 09 2023\\\"], \\\"berth\\\": \\\"1\\\", \\\"title\\\": \\\"Одноместный\\\", \\\"product\\\": null, \\\"category\\\": \\\"Одноместный\\\", \\\"totalPrice\\\": 3000, \\\"productList\\\": [{\\\"id\\\": 8, \\\"qty\\\": 1, \\\"price\\\": \\\"800\\\", \\\"product\\\": \\\"Электролечение\\\"}, {\\\"id\\\": 9, \\\"qty\\\": 1, \\\"price\\\": \\\"1000\\\", \\\"product\\\": \\\"Светолечение\\\"}]}\", \"created_at\": \"2023-09-20 13:24:47\", \"updated_at\": \"2023-09-20 13:24:47\", \"total_price\": 4200, \"name_product\": \"Санаторий\", \"image_product\": \"https://tourmeddriver.com/storage/sanatorium_images_card/FwDfiCCFXtALj7UjXNeR3B98kmfwQM2yVvj38tt0.jpg\", \"organization_email\": \"san@mail.ru\"}]', NULL, '2023-09-20 10:25:03', '2023-09-20 10:25:03', NULL),
(307, 'user@mail.ru', 'имя', 'фамилия!', '333333333332', '13', 'Санаторий', '-', '4200', '42000', '1290', '0', '[{\"id\": 1290, \"date\": \"-\", \"role\": \"sanatorium\", \"user_id\": 13, \"products\": \"{\\\"id\\\": 1, \\\"date\\\": [\\\"21 09 2023\\\", \\\"22 09 2023\\\"], \\\"berth\\\": \\\"1\\\", \\\"title\\\": \\\"Одноместный\\\", \\\"product\\\": null, \\\"category\\\": \\\"Одноместный\\\", \\\"totalPrice\\\": 3000, \\\"productList\\\": [{\\\"id\\\": 8, \\\"qty\\\": 1, \\\"price\\\": \\\"800\\\", \\\"product\\\": \\\"Электролечение\\\"}, {\\\"id\\\": 9, \\\"qty\\\": 1, \\\"price\\\": \\\"1000\\\", \\\"product\\\": \\\"Светолечение\\\"}]}\", \"created_at\": \"2023-09-20 13:24:47\", \"updated_at\": \"2023-09-20 13:24:47\", \"total_price\": 4200, \"name_product\": \"Санаторий\", \"image_product\": \"https://tourmeddriver.com/storage/sanatorium_images_card/FwDfiCCFXtALj7UjXNeR3B98kmfwQM2yVvj38tt0.jpg\", \"organization_email\": \"san@mail.ru\"}]', NULL, '2023-09-20 10:25:12', '2023-09-20 10:25:12', NULL);
INSERT INTO `payments` (`id`, `email`, `name`, `surname`, `phone`, `user_id`, `name_product`, `date_product`, `total_price_product`, `amount`, `orderId`, `status`, `products`, `promocode`, `created_at`, `updated_at`, `email_status`) VALUES
(308, 'user@mail.ru', 'имя', 'фамилия!', '333333333332', '13', 'Медицинский центр', '28.09.2023', '600', '6000', '1306', '0', '[{\"id\": 1306, \"date\": \"28.09.2023\", \"role\": \"Мед.центр\", \"user_id\": 13, \"products\": \"{\\\"date\\\": \\\"28.09.2023\\\", \\\"title\\\": \\\"Медицинский центр\\\", \\\"people\\\": 1, \\\"product\\\": null, \\\"totalPrice\\\": 600, \\\"productList\\\": [{\\\"id\\\": 1, \\\"qty\\\": 2, \\\"price\\\": \\\"300\\\", \\\"product\\\": \\\"Консультация дермалогога\\\"}]}\", \"created_at\": \"2023-09-25 12:54:53\", \"updated_at\": \"2023-09-25 12:54:53\", \"total_price\": 600, \"name_product\": \"Медицинский центр\", \"image_product\": \"https://tourmeddriver.com/public/storage/medical_images_card/EyiOJRNs6wUPi7sgQoMJVhGrrlJBri6NiemLHDDP.jpg\", \"organization_email\": \"klimashevskijvova@gmail.com\"}]', NULL, '2023-09-25 10:05:48', '2023-09-25 10:05:48', NULL),
(309, 'user@mail.ru', 'имя', 'фамилия!', '333333333332', '13', 'Медицинский центр', '30.09.2023', '9800', '98000', '1307', '0', '[{\"id\": 1307, \"date\": \"30.09.2023\", \"role\": \"Мед.центр\", \"user_id\": 13, \"products\": \"{\\\"date\\\": \\\"30.09.2023\\\", \\\"title\\\": \\\"Медицинский центр\\\", \\\"people\\\": 1, \\\"product\\\": null, \\\"totalPrice\\\": 9800, \\\"productList\\\": [{\\\"id\\\": 3, \\\"qty\\\": 5, \\\"price\\\": \\\"1400\\\", \\\"product\\\": \\\"Цифровая дерматоскопия\\\"}]}\", \"created_at\": \"2023-09-25 13:33:13\", \"updated_at\": \"2023-09-25 13:33:13\", \"total_price\": 9800, \"name_product\": \"Медицинский центр\", \"image_product\": \"https://tourmeddriver.com/public/storage/medical_images_card/EyiOJRNs6wUPi7sgQoMJVhGrrlJBri6NiemLHDDP.jpg\", \"organization_email\": \"klimashevskijvova@gmail.com\"}]', NULL, '2023-09-25 10:35:16', '2023-09-25 10:35:16', NULL),
(310, 'user@mail.ru', 'имя', 'фамилия!', '333333333332', '13', 'Медицинский центр', '30.09.2023', '9800', '98000', '1307', '1', '[{\"id\": 1307, \"date\": \"30.09.2023\", \"role\": \"Мед.центр\", \"user_id\": 13, \"products\": \"{\\\"date\\\": \\\"30.09.2023\\\", \\\"title\\\": \\\"Медицинский центр\\\", \\\"people\\\": 1, \\\"product\\\": null, \\\"totalPrice\\\": 9800, \\\"productList\\\": [{\\\"id\\\": 3, \\\"qty\\\": 5, \\\"price\\\": \\\"1400\\\", \\\"product\\\": \\\"Цифровая дерматоскопия\\\"}]}\", \"created_at\": \"2023-09-25 13:33:13\", \"updated_at\": \"2023-09-25 13:33:13\", \"total_price\": 9800, \"name_product\": \"Медицинский центр\", \"image_product\": \"https://tourmeddriver.com/public/storage/medical_images_card/EyiOJRNs6wUPi7sgQoMJVhGrrlJBri6NiemLHDDP.jpg\", \"organization_email\": \"klimashevskijvova@gmail.com\"}]', 'zuhIMZ1F', '2023-09-25 10:38:55', '2023-09-25 10:43:53', 'otpravlen'),
(311, 'vladuk92@mail.ru', 'vova', 'Lddd', '+375173478834', '16', 'Кафе «Баку»', '27 09 2023 16:50', '2100', '21000', '1308', '1', '[{\"id\": 1308, \"date\": \"27 09 2023 16:50\", \"role\": \"cafe\", \"user_id\": 16, \"products\": \"{\\\"date\\\": \\\"27 09 2023 16:50\\\", \\\"people\\\": 1, \\\"product\\\": null, \\\"totalPrice\\\": 2100, \\\"productList\\\": [{\\\"id\\\": 18, \\\"qty\\\": 1, \\\"price\\\": \\\"300\\\", \\\"product\\\": \\\"Стейк из семги\\\"}, {\\\"id\\\": 19, \\\"qty\\\": 1, \\\"price\\\": \\\"1300\\\", \\\"product\\\": \\\"Стейк «Ковбой»\\\"}, {\\\"id\\\": 20, \\\"qty\\\": 1, \\\"price\\\": \\\"500\\\", \\\"product\\\": \\\"Стейк из куриного филе\\\"}]}\", \"created_at\": \"2023-09-25 13:50:54\", \"updated_at\": \"2023-09-25 13:50:54\", \"total_price\": 2100, \"name_product\": \"Кафе «Баку»\", \"image_product\": \"https://tourmeddriver.com/storage/cafe_images_card/Bf620TfVhX7NAblSAGdbFh48myWnPlVF9NTLumoT.jpg\", \"organization_email\": \"cafe@mail.ru\"}]', 'A6tOPRKF', '2023-09-25 10:51:01', '2023-09-25 10:51:22', 'otpravlen'),
(312, 'vladuk92@mail.ru', 'vova', 'Lddd', '+375173478834', '16', 'Медицинский центр', '29 09 2023 18:02', '1400', '14000', '1327', '0', '[{\"id\": 1327, \"date\": \"29 09 2023 18:02\", \"role\": \"Мед.центр\", \"user_id\": 16, \"products\": \"{\\\"date\\\": \\\"29 09 2023 18:02\\\", \\\"people\\\": 1, \\\"product\\\": null, \\\"totalPrice\\\": 1400, \\\"productList\\\": [{\\\"id\\\": 3, \\\"qty\\\": 1, \\\"price\\\": \\\"1400\\\", \\\"product\\\": \\\"Цифровая дерматоскопия\\\"}]}\", \"created_at\": \"2023-09-28 15:02:57\", \"updated_at\": \"2023-09-28 15:02:57\", \"total_price\": 1400, \"name_product\": \"Медицинский центр\", \"image_product\": \"https://tourmeddriver.com/storage/medical_images_card/EyiOJRNs6wUPi7sgQoMJVhGrrlJBri6NiemLHDDP.jpg\", \"organization_email\": \"klimashevskijvova@gmail.com\"}]', NULL, '2023-09-28 12:03:02', '2023-09-28 12:03:02', NULL),
(313, 'vladuk92@mail.ru', 'vova', 'Lddd', '+375173478834', '16', 'Медицинский центр', '29 09 2023 18:02', '1400', '14000', '1327', '0', '[{\"id\": 1327, \"date\": \"29 09 2023 18:02\", \"role\": \"Мед.центр\", \"user_id\": 16, \"products\": \"{\\\"date\\\": \\\"29 09 2023 18:02\\\", \\\"people\\\": 1, \\\"product\\\": null, \\\"totalPrice\\\": 1400, \\\"productList\\\": [{\\\"id\\\": 3, \\\"qty\\\": 1, \\\"price\\\": \\\"1400\\\", \\\"product\\\": \\\"Цифровая дерматоскопия\\\"}]}\", \"created_at\": \"2023-09-28 15:02:57\", \"updated_at\": \"2023-09-28 15:02:57\", \"total_price\": 1400, \"name_product\": \"Медицинский центр\", \"image_product\": \"https://tourmeddriver.com/storage/medical_images_card/EyiOJRNs6wUPi7sgQoMJVhGrrlJBri6NiemLHDDP.jpg\", \"organization_email\": \"klimashevskijvova@gmail.com\"}]', NULL, '2023-09-28 12:03:15', '2023-09-28 12:03:15', NULL),
(314, 'vladuk92@mail.ru', 'vova', 'Lddd', '+375173478834', '16', 'Медицинский центр', '30 09 2023 18:03', '800', '22000', '1328', '0', '[{\"id\": 1327, \"date\": \"29 09 2023 18:02\", \"role\": \"Мед.центр\", \"user_id\": 16, \"products\": \"{\\\"date\\\": \\\"29 09 2023 18:02\\\", \\\"people\\\": 1, \\\"product\\\": null, \\\"totalPrice\\\": 1400, \\\"productList\\\": [{\\\"id\\\": 3, \\\"qty\\\": 1, \\\"price\\\": \\\"1400\\\", \\\"product\\\": \\\"Цифровая дерматоскопия\\\"}]}\", \"created_at\": \"2023-09-28 15:02:57\", \"updated_at\": \"2023-09-28 15:02:57\", \"total_price\": 1400, \"name_product\": \"Медицинский центр\", \"image_product\": \"https://tourmeddriver.com/storage/medical_images_card/EyiOJRNs6wUPi7sgQoMJVhGrrlJBri6NiemLHDDP.jpg\", \"organization_email\": \"klimashevskijvova@gmail.com\"}, {\"id\": 1328, \"date\": \"30 09 2023 18:03\", \"role\": \"Мед.центр\", \"user_id\": 16, \"products\": \"{\\\"date\\\": \\\"30 09 2023 18:03\\\", \\\"people\\\": 1, \\\"product\\\": null, \\\"totalPrice\\\": 800, \\\"productList\\\": [{\\\"id\\\": 12, \\\"qty\\\": 1, \\\"price\\\": \\\"500\\\", \\\"product\\\": \\\"УЗИ печени и желчного пузыря\\\"}, {\\\"id\\\": 13, \\\"qty\\\": 1, \\\"price\\\": \\\"300\\\", \\\"product\\\": \\\"УЗИ поджелудочной железы\\\"}]}\", \"created_at\": \"2023-09-28 15:03:43\", \"updated_at\": \"2023-09-28 15:03:43\", \"total_price\": 800, \"name_product\": \"Медицинский центр\", \"image_product\": \"https://tourmeddriver.com/storage/medical_images_card/EyiOJRNs6wUPi7sgQoMJVhGrrlJBri6NiemLHDDP.jpg\", \"organization_email\": \"klimashevskijvova@gmail.com\"}]', NULL, '2023-09-28 12:03:50', '2023-09-29 09:19:43', NULL),
(315, 'user@mail.ru', 'Bombaa', 'vasyaaa1', '+375448698855', '13', 'Медицинский центр', '28.10.2023', '4200', '42000', '1330', '0', '[{\"id\": 1330, \"date\": \"28.10.2023\", \"role\": \"Мед.центр\", \"user_id\": 13, \"products\": \"{\\\"date\\\": \\\"28.10.2023\\\", \\\"title\\\": \\\"Медицинский центр\\\", \\\"people\\\": 2, \\\"product\\\": null, \\\"totalPrice\\\": 4200, \\\"productList\\\": [{\\\"id\\\": 3, \\\"qty\\\": 3, \\\"price\\\": \\\"1400\\\", \\\"product\\\": \\\"Цифровая дерматоскопия\\\"}]}\", \"created_at\": \"2023-10-01 12:42:10\", \"updated_at\": \"2023-10-01 12:42:10\", \"total_price\": 4200, \"name_product\": \"Медицинский центр\", \"image_product\": \"https://tourmeddriver.com/public/storage/medical_images_card/EyiOJRNs6wUPi7sgQoMJVhGrrlJBri6NiemLHDDP.jpg\", \"organization_email\": \"klimashevskijvova@gmail.com\"}]', NULL, '2023-10-01 09:44:22', '2023-10-01 09:44:22', NULL),
(316, 'user@mail.ru', 'Bombaa', 'vasyaaa1', '+375448698855', '13', 'Медицинский центр', '28.10.2023', '4200', '42000', '1330', '0', '[{\"id\": 1330, \"date\": \"28.10.2023\", \"role\": \"Мед.центр\", \"user_id\": 13, \"products\": \"{\\\"date\\\": \\\"28.10.2023\\\", \\\"title\\\": \\\"Медицинский центр\\\", \\\"people\\\": 2, \\\"product\\\": null, \\\"totalPrice\\\": 4200, \\\"productList\\\": [{\\\"id\\\": 3, \\\"qty\\\": 3, \\\"price\\\": \\\"1400\\\", \\\"product\\\": \\\"Цифровая дерматоскопия\\\"}]}\", \"created_at\": \"2023-10-01 12:42:10\", \"updated_at\": \"2023-10-01 12:42:10\", \"total_price\": 4200, \"name_product\": \"Медицинский центр\", \"image_product\": \"https://tourmeddriver.com/public/storage/medical_images_card/EyiOJRNs6wUPi7sgQoMJVhGrrlJBri6NiemLHDDP.jpg\", \"organization_email\": \"klimashevskijvova@gmail.com\"}]', NULL, '2023-10-01 09:44:38', '2023-10-01 09:44:38', NULL),
(317, 'user@mail.ru', 'Bombaa', 'vasyaaa1', '+375448698855', '13', 'Медицинский центр', '20.10.2023', '300', '3000', '1332', '0', '[{\"id\": 1332, \"date\": \"20.10.2023\", \"role\": \"Мед.центр\", \"user_id\": 13, \"products\": \"{\\\"date\\\": \\\"20.10.2023\\\", \\\"title\\\": \\\"Медицинский центр\\\", \\\"people\\\": 1, \\\"product\\\": null, \\\"totalPrice\\\": 300, \\\"productList\\\": [{\\\"id\\\": 1, \\\"qty\\\": 1, \\\"price\\\": \\\"300\\\", \\\"product\\\": \\\"Консультация дермалогога\\\"}]}\", \"created_at\": \"2023-10-01 13:18:39\", \"updated_at\": \"2023-10-01 13:18:39\", \"total_price\": 300, \"name_product\": \"Медицинский центр\", \"image_product\": \"https://tourmeddriver.com/public/storage/medical_images_card/EyiOJRNs6wUPi7sgQoMJVhGrrlJBri6NiemLHDDP.jpg\", \"organization_email\": \"klimashevskijvova@gmail.com\"}]', NULL, '2023-10-01 12:30:19', '2023-10-01 12:30:19', NULL),
(318, 'user@mail.ru', 'Bombaa', 'vasyaaa1', '+375448698855', '13', 'Медицинский центр', '20.10.2023', '300', '3000', '1332', '0', '[{\"id\": 1332, \"date\": \"20.10.2023\", \"role\": \"Мед.центр\", \"user_id\": 13, \"products\": \"{\\\"date\\\": \\\"20.10.2023\\\", \\\"title\\\": \\\"Медицинский центр\\\", \\\"people\\\": 1, \\\"product\\\": null, \\\"totalPrice\\\": 300, \\\"productList\\\": [{\\\"id\\\": 1, \\\"qty\\\": 1, \\\"price\\\": \\\"300\\\", \\\"product\\\": \\\"Консультация дермалогога\\\"}]}\", \"created_at\": \"2023-10-01 13:18:39\", \"updated_at\": \"2023-10-01 13:18:39\", \"total_price\": 300, \"name_product\": \"Медицинский центр\", \"image_product\": \"https://tourmeddriver.com/public/storage/medical_images_card/EyiOJRNs6wUPi7sgQoMJVhGrrlJBri6NiemLHDDP.jpg\", \"organization_email\": \"klimashevskijvova@gmail.com\"}]', NULL, '2023-10-01 12:32:57', '2023-10-01 12:32:57', NULL),
(319, 'user@mail.ru', 'Bombaa', 'vasyaaa1', '+375448698855', '13', 'Медицинский центр', '20.10.2023', '300', '3000', '1332', '0', '[{\"id\": 1332, \"date\": \"20.10.2023\", \"role\": \"Мед.центр\", \"user_id\": 13, \"products\": \"{\\\"date\\\": \\\"20.10.2023\\\", \\\"title\\\": \\\"Медицинский центр\\\", \\\"people\\\": 1, \\\"product\\\": null, \\\"totalPrice\\\": 300, \\\"productList\\\": [{\\\"id\\\": 1, \\\"qty\\\": 1, \\\"price\\\": \\\"300\\\", \\\"product\\\": \\\"Консультация дермалогога\\\"}]}\", \"created_at\": \"2023-10-01 13:18:39\", \"updated_at\": \"2023-10-01 13:18:39\", \"total_price\": 300, \"name_product\": \"Медицинский центр\", \"image_product\": \"https://tourmeddriver.com/public/storage/medical_images_card/EyiOJRNs6wUPi7sgQoMJVhGrrlJBri6NiemLHDDP.jpg\", \"organization_email\": \"klimashevskijvova@gmail.com\"}]', NULL, '2023-10-01 12:33:16', '2023-10-01 12:33:16', NULL),
(320, 'user@mail.ru', 'Bombaa', 'vasyaaa1', '+375448698855', '13', 'Медицинский центр', '20.10.2023', '300', '3000', '1332', '0', '[{\"id\": 1332, \"date\": \"20.10.2023\", \"role\": \"Мед.центр\", \"user_id\": 13, \"products\": \"{\\\"date\\\": \\\"20.10.2023\\\", \\\"title\\\": \\\"Медицинский центр\\\", \\\"people\\\": 1, \\\"product\\\": null, \\\"totalPrice\\\": 300, \\\"productList\\\": [{\\\"id\\\": 1, \\\"qty\\\": 1, \\\"price\\\": \\\"300\\\", \\\"product\\\": \\\"Консультация дермалогога\\\"}]}\", \"created_at\": \"2023-10-01 13:18:39\", \"updated_at\": \"2023-10-01 13:18:39\", \"total_price\": 300, \"name_product\": \"Медицинский центр\", \"image_product\": \"https://tourmeddriver.com/public/storage/medical_images_card/EyiOJRNs6wUPi7sgQoMJVhGrrlJBri6NiemLHDDP.jpg\", \"organization_email\": \"klimashevskijvova@gmail.com\"}]', NULL, '2023-10-01 12:33:31', '2023-10-01 12:33:31', NULL),
(321, 'user@mail.ru', 'Bombaa', 'vasyaaa1', '+375448698855', '13', 'Медицинский центр', '20.10.2023', '300', '3000', '1332', '0', '[{\"id\": 1332, \"date\": \"20.10.2023\", \"role\": \"Мед.центр\", \"user_id\": 13, \"products\": \"{\\\"date\\\": \\\"20.10.2023\\\", \\\"title\\\": \\\"Медицинский центр\\\", \\\"people\\\": 1, \\\"product\\\": null, \\\"totalPrice\\\": 300, \\\"productList\\\": [{\\\"id\\\": 1, \\\"qty\\\": 1, \\\"price\\\": \\\"300\\\", \\\"product\\\": \\\"Консультация дермалогога\\\"}]}\", \"created_at\": \"2023-10-01 13:18:39\", \"updated_at\": \"2023-10-01 13:18:39\", \"total_price\": 300, \"name_product\": \"Медицинский центр\", \"image_product\": \"https://tourmeddriver.com/public/storage/medical_images_card/EyiOJRNs6wUPi7sgQoMJVhGrrlJBri6NiemLHDDP.jpg\", \"organization_email\": \"klimashevskijvova@gmail.com\"}]', NULL, '2023-10-01 12:33:44', '2023-10-01 12:33:44', NULL),
(322, 'user@mail.ru', 'Bombaa', 'vasyaaa1', '+375448698855', '13', 'Медицинский центр', '20.10.2023', '300', '3000', '1332', '0', '[{\"id\": 1332, \"date\": \"20.10.2023\", \"role\": \"Мед.центр\", \"user_id\": 13, \"products\": \"{\\\"date\\\": \\\"20.10.2023\\\", \\\"title\\\": \\\"Медицинский центр\\\", \\\"people\\\": 1, \\\"product\\\": null, \\\"totalPrice\\\": 300, \\\"productList\\\": [{\\\"id\\\": 1, \\\"qty\\\": 1, \\\"price\\\": \\\"300\\\", \\\"product\\\": \\\"Консультация дермалогога\\\"}]}\", \"created_at\": \"2023-10-01 13:18:39\", \"updated_at\": \"2023-10-01 13:18:39\", \"total_price\": 300, \"name_product\": \"Медицинский центр\", \"image_product\": \"https://tourmeddriver.com/public/storage/medical_images_card/EyiOJRNs6wUPi7sgQoMJVhGrrlJBri6NiemLHDDP.jpg\", \"organization_email\": \"klimashevskijvova@gmail.com\"}]', NULL, '2023-10-01 12:34:01', '2023-10-01 12:34:01', NULL),
(323, 'user@mail.ru', 'Bombaa', 'vasyaaa1', '+375448698855', '13', 'Кафе «Баку»', '19.10.2023', '2600', '26000', '1333', '0', '[{\"id\": 1333, \"date\": \"19.10.2023\", \"role\": \"cafe\", \"user_id\": 13, \"products\": \"{\\\"date\\\": \\\"19.10.2023\\\", \\\"title\\\": \\\"Кафе «Баку»\\\", \\\"people\\\": 2, \\\"product\\\": null, \\\"totalPrice\\\": 2600, \\\"productList\\\": [{\\\"id\\\": 19, \\\"qty\\\": 2, \\\"price\\\": \\\"1300\\\", \\\"product\\\": \\\"Стейк «Ковбой»\\\"}]}\", \"created_at\": \"2023-10-01 15:39:12\", \"updated_at\": \"2023-10-01 15:39:12\", \"total_price\": 2600, \"name_product\": \"Кафе «Баку»\", \"image_product\": \"https://tourmeddriver.com/public/storage/cafe_images_card/Bf620TfVhX7NAblSAGdbFh48myWnPlVF9NTLumoT.jpg\", \"organization_email\": \"cafe@mail.ru\"}]', NULL, '2023-10-01 12:39:15', '2023-10-01 12:39:15', NULL),
(324, 'user@mail.ru', 'Bombaa', 'vasyaaa1', '+375448698855', '13', 'Кафе «Баку»', '21.10.2023', '300', '34000', '1335', '0', '[{\"id\": 1333, \"date\": \"19.10.2023\", \"role\": \"cafe\", \"user_id\": 13, \"products\": \"{\\\"date\\\": \\\"19.10.2023\\\", \\\"title\\\": \\\"Кафе «Баку»\\\", \\\"people\\\": 2, \\\"product\\\": null, \\\"totalPrice\\\": 2600, \\\"productList\\\": [{\\\"id\\\": 19, \\\"qty\\\": 2, \\\"price\\\": \\\"1300\\\", \\\"product\\\": \\\"Стейк «Ковбой»\\\"}]}\", \"created_at\": \"2023-10-01 15:39:12\", \"updated_at\": \"2023-10-01 15:39:12\", \"total_price\": 2600, \"name_product\": \"Кафе «Баку»\", \"image_product\": \"https://tourmeddriver.com/public/storage/cafe_images_card/Bf620TfVhX7NAblSAGdbFh48myWnPlVF9NTLumoT.jpg\", \"organization_email\": \"cafe@mail.ru\"}, {\"id\": 1334, \"date\": \"20.10.2023\", \"role\": \"cafe\", \"user_id\": 13, \"products\": \"{\\\"date\\\": \\\"20.10.2023\\\", \\\"title\\\": \\\"Кафе «Баку»\\\", \\\"people\\\": 1, \\\"product\\\": null, \\\"totalPrice\\\": 500, \\\"productList\\\": [{\\\"id\\\": 20, \\\"qty\\\": 1, \\\"price\\\": \\\"500\\\", \\\"product\\\": \\\"Стейк из куриного филе\\\"}]}\", \"created_at\": \"2023-10-01 15:42:50\", \"updated_at\": \"2023-10-01 15:42:50\", \"total_price\": 500, \"name_product\": \"Кафе «Баку»\", \"image_product\": \"https://tourmeddriver.com/public/storage/cafe_images_card/Bf620TfVhX7NAblSAGdbFh48myWnPlVF9NTLumoT.jpg\", \"organization_email\": \"cafe@mail.ru\"}, {\"id\": 1335, \"date\": \"21.10.2023\", \"role\": \"cafe\", \"user_id\": 13, \"products\": \"{\\\"date\\\": \\\"21.10.2023\\\", \\\"title\\\": \\\"Кафе «Баку»\\\", \\\"people\\\": 1, \\\"product\\\": null, \\\"totalPrice\\\": 300, \\\"productList\\\": [{\\\"id\\\": 18, \\\"qty\\\": 1, \\\"price\\\": \\\"300\\\", \\\"product\\\": \\\"Стейк из семги\\\"}]}\", \"created_at\": \"2023-10-01 15:42:59\", \"updated_at\": \"2023-10-01 15:42:59\", \"total_price\": 300, \"name_product\": \"Кафе «Баку»\", \"image_product\": \"https://tourmeddriver.com/public/storage/cafe_images_card/Bf620TfVhX7NAblSAGdbFh48myWnPlVF9NTLumoT.jpg\", \"organization_email\": \"cafe@mail.ru\"}]', NULL, '2023-10-01 12:43:03', '2023-10-01 12:43:03', NULL),
(325, 'user@mail.ru', 'Bombaa', 'vasyaaa1', '+375448698855', '13', 'Кафе «Баку»', '21.10.2023', '300', '34000', '1335', '0', '[{\"id\": 1333, \"date\": \"19.10.2023\", \"role\": \"cafe\", \"user_id\": 13, \"products\": \"{\\\"date\\\": \\\"19.10.2023\\\", \\\"title\\\": \\\"Кафе «Баку»\\\", \\\"people\\\": 2, \\\"product\\\": null, \\\"totalPrice\\\": 2600, \\\"productList\\\": [{\\\"id\\\": 19, \\\"qty\\\": 2, \\\"price\\\": \\\"1300\\\", \\\"product\\\": \\\"Стейк «Ковбой»\\\"}]}\", \"created_at\": \"2023-10-01 15:39:12\", \"updated_at\": \"2023-10-01 15:39:12\", \"total_price\": 2600, \"name_product\": \"Кафе «Баку»\", \"image_product\": \"https://tourmeddriver.com/public/storage/cafe_images_card/Bf620TfVhX7NAblSAGdbFh48myWnPlVF9NTLumoT.jpg\", \"organization_email\": \"cafe@mail.ru\"}, {\"id\": 1334, \"date\": \"20.10.2023\", \"role\": \"cafe\", \"user_id\": 13, \"products\": \"{\\\"date\\\": \\\"20.10.2023\\\", \\\"title\\\": \\\"Кафе «Баку»\\\", \\\"people\\\": 1, \\\"product\\\": null, \\\"totalPrice\\\": 500, \\\"productList\\\": [{\\\"id\\\": 20, \\\"qty\\\": 1, \\\"price\\\": \\\"500\\\", \\\"product\\\": \\\"Стейк из куриного филе\\\"}]}\", \"created_at\": \"2023-10-01 15:42:50\", \"updated_at\": \"2023-10-01 15:42:50\", \"total_price\": 500, \"name_product\": \"Кафе «Баку»\", \"image_product\": \"https://tourmeddriver.com/public/storage/cafe_images_card/Bf620TfVhX7NAblSAGdbFh48myWnPlVF9NTLumoT.jpg\", \"organization_email\": \"cafe@mail.ru\"}, {\"id\": 1335, \"date\": \"21.10.2023\", \"role\": \"cafe\", \"user_id\": 13, \"products\": \"{\\\"date\\\": \\\"21.10.2023\\\", \\\"title\\\": \\\"Кафе «Баку»\\\", \\\"people\\\": 1, \\\"product\\\": null, \\\"totalPrice\\\": 300, \\\"productList\\\": [{\\\"id\\\": 18, \\\"qty\\\": 1, \\\"price\\\": \\\"300\\\", \\\"product\\\": \\\"Стейк из семги\\\"}]}\", \"created_at\": \"2023-10-01 15:42:59\", \"updated_at\": \"2023-10-01 15:42:59\", \"total_price\": 300, \"name_product\": \"Кафе «Баку»\", \"image_product\": \"https://tourmeddriver.com/public/storage/cafe_images_card/Bf620TfVhX7NAblSAGdbFh48myWnPlVF9NTLumoT.jpg\", \"organization_email\": \"cafe@mail.ru\"}]', NULL, '2023-10-01 12:44:53', '2023-10-01 12:44:53', NULL),
(326, 'user@mail.ru', 'Bombaa', 'vasyaaa1', '+375448698855', '13', 'Кафе «Баку»', '21.10.2023', '300', '34000', '1335', '0', '[{\"id\": 1333, \"date\": \"19.10.2023\", \"role\": \"cafe\", \"user_id\": 13, \"products\": \"{\\\"date\\\": \\\"19.10.2023\\\", \\\"title\\\": \\\"Кафе «Баку»\\\", \\\"people\\\": 2, \\\"product\\\": null, \\\"totalPrice\\\": 2600, \\\"productList\\\": [{\\\"id\\\": 19, \\\"qty\\\": 2, \\\"price\\\": \\\"1300\\\", \\\"product\\\": \\\"Стейк «Ковбой»\\\"}]}\", \"created_at\": \"2023-10-01 15:39:12\", \"updated_at\": \"2023-10-01 15:39:12\", \"total_price\": 2600, \"name_product\": \"Кафе «Баку»\", \"image_product\": \"https://tourmeddriver.com/public/storage/cafe_images_card/Bf620TfVhX7NAblSAGdbFh48myWnPlVF9NTLumoT.jpg\", \"organization_email\": \"cafe@mail.ru\"}, {\"id\": 1334, \"date\": \"20.10.2023\", \"role\": \"cafe\", \"user_id\": 13, \"products\": \"{\\\"date\\\": \\\"20.10.2023\\\", \\\"title\\\": \\\"Кафе «Баку»\\\", \\\"people\\\": 1, \\\"product\\\": null, \\\"totalPrice\\\": 500, \\\"productList\\\": [{\\\"id\\\": 20, \\\"qty\\\": 1, \\\"price\\\": \\\"500\\\", \\\"product\\\": \\\"Стейк из куриного филе\\\"}]}\", \"created_at\": \"2023-10-01 15:42:50\", \"updated_at\": \"2023-10-01 15:42:50\", \"total_price\": 500, \"name_product\": \"Кафе «Баку»\", \"image_product\": \"https://tourmeddriver.com/public/storage/cafe_images_card/Bf620TfVhX7NAblSAGdbFh48myWnPlVF9NTLumoT.jpg\", \"organization_email\": \"cafe@mail.ru\"}, {\"id\": 1335, \"date\": \"21.10.2023\", \"role\": \"cafe\", \"user_id\": 13, \"products\": \"{\\\"date\\\": \\\"21.10.2023\\\", \\\"title\\\": \\\"Кафе «Баку»\\\", \\\"people\\\": 1, \\\"product\\\": null, \\\"totalPrice\\\": 300, \\\"productList\\\": [{\\\"id\\\": 18, \\\"qty\\\": 1, \\\"price\\\": \\\"300\\\", \\\"product\\\": \\\"Стейк из семги\\\"}]}\", \"created_at\": \"2023-10-01 15:42:59\", \"updated_at\": \"2023-10-01 15:42:59\", \"total_price\": 300, \"name_product\": \"Кафе «Баку»\", \"image_product\": \"https://tourmeddriver.com/public/storage/cafe_images_card/Bf620TfVhX7NAblSAGdbFh48myWnPlVF9NTLumoT.jpg\", \"organization_email\": \"cafe@mail.ru\"}]', NULL, '2023-10-01 12:49:39', '2023-10-01 12:49:39', NULL),
(327, 'user@mail.ru', 'Bombaa', 'vasyaaa1', '+375448698855', '13', 'Кафе «Баку»', '19.10.2023', '2600', '26000', '1333', '0', '[{\"id\": 1333, \"date\": \"19.10.2023\", \"role\": \"cafe\", \"user_id\": 13, \"products\": \"{\\\"date\\\": \\\"19.10.2023\\\", \\\"title\\\": \\\"Кафе «Баку»\\\", \\\"people\\\": 2, \\\"product\\\": null, \\\"totalPrice\\\": 2600, \\\"productList\\\": [{\\\"id\\\": 19, \\\"qty\\\": 2, \\\"price\\\": \\\"1300\\\", \\\"product\\\": \\\"Стейк «Ковбой»\\\"}]}\", \"created_at\": \"2023-10-01 15:39:12\", \"updated_at\": \"2023-10-01 15:39:12\", \"total_price\": 2600, \"name_product\": \"Кафе «Баку»\", \"image_product\": \"https://tourmeddriver.com/public/storage/cafe_images_card/Bf620TfVhX7NAblSAGdbFh48myWnPlVF9NTLumoT.jpg\", \"organization_email\": \"cafe@mail.ru\"}]', NULL, '2023-10-01 14:26:20', '2023-10-01 14:26:20', NULL),
(328, 'user@mail.ru', 'Bombaa', 'vasyaaa12', '+375448698855', '13', 'Медицинский центр', '14.10.2023', '600', '78500', '1337', '0', '[{\"id\": 1336, \"date\": \"-\", \"role\": \"sanatorium\", \"user_id\": 13, \"products\": \"{\\\"id\\\": 2, \\\"date\\\": [\\\"19.10.2023\\\", \\\"21.10.2023\\\"], \\\"berth\\\": \\\"2\\\", \\\"title\\\": \\\"Двухместный\\\", \\\"product\\\": null, \\\"category\\\": \\\"Двухместный\\\", \\\"totalPrice\\\": 3450, \\\"productList\\\": [{\\\"id\\\": 0, \\\"qty\\\": 0, \\\"price\\\": 1900, \\\"product\\\": \\\"Двухместный\\\"}, {\\\"id\\\": 1, \\\"qty\\\": 1, \\\"price\\\": \\\"300\\\", \\\"product\\\": \\\"Ванна жемчужная\\\"}, {\\\"id\\\": 2, \\\"qty\\\": 1, \\\"price\\\": \\\"1000\\\", \\\"product\\\": \\\"Ванна хвойная\\\"}, {\\\"id\\\": 3, \\\"qty\\\": 1, \\\"price\\\": \\\"250\\\", \\\"product\\\": \\\"Ванна шоколадная\\\"}]}\", \"created_at\": \"2023-10-01 19:55:44\", \"updated_at\": \"2023-10-01 19:55:44\", \"total_price\": 7250, \"name_product\": \"Двухместный\", \"image_product\": \"https://tourmeddriver.com/public/storage/sanatorium_images/asa3jyT7c6lah1RgnN9mje9vJoaM3zB5V94zPn20.jpg\", \"organization_email\": \"san@mail.ru\"}, {\"id\": 1337, \"date\": \"14.10.2023\", \"role\": \"Мед.центр\", \"user_id\": 13, \"products\": \"{\\\"date\\\": \\\"14.10.2023\\\", \\\"title\\\": \\\"Медицинский центр\\\", \\\"people\\\": 1, \\\"product\\\": null, \\\"totalPrice\\\": 600, \\\"productList\\\": [{\\\"id\\\": 1, \\\"qty\\\": 2, \\\"price\\\": \\\"300\\\", \\\"product\\\": \\\"Консультация дермалогога\\\"}]}\", \"created_at\": \"2023-10-01 20:06:53\", \"updated_at\": \"2023-10-01 20:06:53\", \"total_price\": 600, \"name_product\": \"Медицинский центр\", \"image_product\": \"https://tourmeddriver.com/public/storage/medical_images_card/EyiOJRNs6wUPi7sgQoMJVhGrrlJBri6NiemLHDDP.jpg\", \"organization_email\": \"klimashevskijvova@gmail.com\"}]', NULL, '2023-10-01 17:23:46', '2023-10-01 17:23:46', NULL),
(329, 'user@mail.ru', 'Bombaa', 'vasyaaa12', '+375448698855', '13', 'Медицинский центр', '14.10.2023', '600', '78500', '1337', '0', '[{\"id\": 1336, \"date\": \"-\", \"role\": \"sanatorium\", \"user_id\": 13, \"products\": \"{\\\"id\\\": 2, \\\"date\\\": [\\\"19.10.2023\\\", \\\"21.10.2023\\\"], \\\"berth\\\": \\\"2\\\", \\\"title\\\": \\\"Двухместный\\\", \\\"product\\\": null, \\\"category\\\": \\\"Двухместный\\\", \\\"totalPrice\\\": 3450, \\\"productList\\\": [{\\\"id\\\": 0, \\\"qty\\\": 0, \\\"price\\\": 1900, \\\"product\\\": \\\"Двухместный\\\"}, {\\\"id\\\": 1, \\\"qty\\\": 1, \\\"price\\\": \\\"300\\\", \\\"product\\\": \\\"Ванна жемчужная\\\"}, {\\\"id\\\": 2, \\\"qty\\\": 1, \\\"price\\\": \\\"1000\\\", \\\"product\\\": \\\"Ванна хвойная\\\"}, {\\\"id\\\": 3, \\\"qty\\\": 1, \\\"price\\\": \\\"250\\\", \\\"product\\\": \\\"Ванна шоколадная\\\"}]}\", \"created_at\": \"2023-10-01 19:55:44\", \"updated_at\": \"2023-10-01 19:55:44\", \"total_price\": 7250, \"name_product\": \"Двухместный\", \"image_product\": \"https://tourmeddriver.com/public/storage/sanatorium_images/asa3jyT7c6lah1RgnN9mje9vJoaM3zB5V94zPn20.jpg\", \"organization_email\": \"san@mail.ru\"}, {\"id\": 1337, \"date\": \"14.10.2023\", \"role\": \"Мед.центр\", \"user_id\": 13, \"products\": \"{\\\"date\\\": \\\"14.10.2023\\\", \\\"title\\\": \\\"Медицинский центр\\\", \\\"people\\\": 1, \\\"product\\\": null, \\\"totalPrice\\\": 600, \\\"productList\\\": [{\\\"id\\\": 1, \\\"qty\\\": 2, \\\"price\\\": \\\"300\\\", \\\"product\\\": \\\"Консультация дермалогога\\\"}]}\", \"created_at\": \"2023-10-01 20:06:53\", \"updated_at\": \"2023-10-01 20:06:53\", \"total_price\": 600, \"name_product\": \"Медицинский центр\", \"image_product\": \"https://tourmeddriver.com/public/storage/medical_images_card/EyiOJRNs6wUPi7sgQoMJVhGrrlJBri6NiemLHDDP.jpg\", \"organization_email\": \"klimashevskijvova@gmail.com\"}]', NULL, '2023-10-01 17:51:24', '2023-10-01 17:51:24', NULL),
(330, 'user@mail.ru', 'Bombaa', 'vasyaaa12', '+375448698855', '13', 'Двухместный', '-', '7250', '72500', '1336', '0', '[{\"id\": 1336, \"date\": \"-\", \"role\": \"sanatorium\", \"user_id\": 13, \"products\": \"{\\\"id\\\": 2, \\\"date\\\": [\\\"19.10.2023\\\", \\\"21.10.2023\\\"], \\\"berth\\\": \\\"2\\\", \\\"title\\\": \\\"Двухместный\\\", \\\"product\\\": null, \\\"category\\\": \\\"Двухместный\\\", \\\"totalPrice\\\": 3450, \\\"productList\\\": [{\\\"id\\\": 0, \\\"qty\\\": 0, \\\"price\\\": 1900, \\\"product\\\": \\\"Двухместный\\\"}, {\\\"id\\\": 1, \\\"qty\\\": 1, \\\"price\\\": \\\"300\\\", \\\"product\\\": \\\"Ванна жемчужная\\\"}, {\\\"id\\\": 2, \\\"qty\\\": 1, \\\"price\\\": \\\"1000\\\", \\\"product\\\": \\\"Ванна хвойная\\\"}, {\\\"id\\\": 3, \\\"qty\\\": 1, \\\"price\\\": \\\"250\\\", \\\"product\\\": \\\"Ванна шоколадная\\\"}]}\", \"created_at\": \"2023-10-01 19:55:44\", \"updated_at\": \"2023-10-01 19:55:44\", \"total_price\": 7250, \"name_product\": \"Двухместный\", \"image_product\": \"https://tourmeddriver.com/public/storage/sanatorium_images/asa3jyT7c6lah1RgnN9mje9vJoaM3zB5V94zPn20.jpg\", \"organization_email\": \"san@mail.ru\"}]', NULL, '2023-10-01 18:58:02', '2023-10-01 18:58:02', NULL),
(331, 'user@mail.ru', 'Bombaa', 'vasyaaa12', '+375448698855', '13', 'Двухместный', '-', '7250', '72500', '1336', '0', '[{\"id\": 1336, \"date\": \"-\", \"role\": \"sanatorium\", \"user_id\": 13, \"products\": \"{\\\"id\\\": 2, \\\"date\\\": [\\\"19.10.2023\\\", \\\"21.10.2023\\\"], \\\"berth\\\": \\\"2\\\", \\\"title\\\": \\\"Двухместный\\\", \\\"product\\\": null, \\\"category\\\": \\\"Двухместный\\\", \\\"totalPrice\\\": 3450, \\\"productList\\\": [{\\\"id\\\": 0, \\\"qty\\\": 0, \\\"price\\\": 1900, \\\"product\\\": \\\"Двухместный\\\"}, {\\\"id\\\": 1, \\\"qty\\\": 1, \\\"price\\\": \\\"300\\\", \\\"product\\\": \\\"Ванна жемчужная\\\"}, {\\\"id\\\": 2, \\\"qty\\\": 1, \\\"price\\\": \\\"1000\\\", \\\"product\\\": \\\"Ванна хвойная\\\"}, {\\\"id\\\": 3, \\\"qty\\\": 1, \\\"price\\\": \\\"250\\\", \\\"product\\\": \\\"Ванна шоколадная\\\"}]}\", \"created_at\": \"2023-10-01 19:55:44\", \"updated_at\": \"2023-10-01 19:55:44\", \"total_price\": 7250, \"name_product\": \"Двухместный\", \"image_product\": \"https://tourmeddriver.com/public/storage/sanatorium_images/asa3jyT7c6lah1RgnN9mje9vJoaM3zB5V94zPn20.jpg\", \"organization_email\": \"san@mail.ru\"}]', NULL, '2023-10-01 18:58:29', '2023-10-01 18:58:29', NULL),
(332, 'user@mail.ru', 'Bombaa', 'vasyaaa12', '+375448698855', '13', 'Двухместный', '-', '7250', '72500', '1336', '0', '[{\"id\": 1336, \"date\": \"-\", \"role\": \"sanatorium\", \"user_id\": 13, \"products\": \"{\\\"id\\\": 2, \\\"date\\\": [\\\"19.10.2023\\\", \\\"21.10.2023\\\"], \\\"berth\\\": \\\"2\\\", \\\"title\\\": \\\"Двухместный\\\", \\\"product\\\": null, \\\"category\\\": \\\"Двухместный\\\", \\\"totalPrice\\\": 3450, \\\"productList\\\": [{\\\"id\\\": 0, \\\"qty\\\": 0, \\\"price\\\": 1900, \\\"product\\\": \\\"Двухместный\\\"}, {\\\"id\\\": 1, \\\"qty\\\": 1, \\\"price\\\": \\\"300\\\", \\\"product\\\": \\\"Ванна жемчужная\\\"}, {\\\"id\\\": 2, \\\"qty\\\": 1, \\\"price\\\": \\\"1000\\\", \\\"product\\\": \\\"Ванна хвойная\\\"}, {\\\"id\\\": 3, \\\"qty\\\": 1, \\\"price\\\": \\\"250\\\", \\\"product\\\": \\\"Ванна шоколадная\\\"}]}\", \"created_at\": \"2023-10-01 19:55:44\", \"updated_at\": \"2023-10-01 19:55:44\", \"total_price\": 7250, \"name_product\": \"Двухместный\", \"image_product\": \"https://tourmeddriver.com/public/storage/sanatorium_images/asa3jyT7c6lah1RgnN9mje9vJoaM3zB5V94zPn20.jpg\", \"organization_email\": \"san@mail.ru\"}]', NULL, '2023-10-01 18:58:41', '2023-10-01 18:58:41', NULL),
(333, 'user@mail.ru', 'Bombaa', 'vasyaaa12', '+375448698855', '13', 'Двухместный', '-', '7250', '72500', '1336', '0', '[{\"id\": 1336, \"date\": \"-\", \"role\": \"sanatorium\", \"user_id\": 13, \"products\": \"{\\\"id\\\": 2, \\\"date\\\": [\\\"19.10.2023\\\", \\\"21.10.2023\\\"], \\\"berth\\\": \\\"2\\\", \\\"title\\\": \\\"Двухместный\\\", \\\"product\\\": null, \\\"category\\\": \\\"Двухместный\\\", \\\"totalPrice\\\": 3450, \\\"productList\\\": [{\\\"id\\\": 0, \\\"qty\\\": 0, \\\"price\\\": 1900, \\\"product\\\": \\\"Двухместный\\\"}, {\\\"id\\\": 1, \\\"qty\\\": 1, \\\"price\\\": \\\"300\\\", \\\"product\\\": \\\"Ванна жемчужная\\\"}, {\\\"id\\\": 2, \\\"qty\\\": 1, \\\"price\\\": \\\"1000\\\", \\\"product\\\": \\\"Ванна хвойная\\\"}, {\\\"id\\\": 3, \\\"qty\\\": 1, \\\"price\\\": \\\"250\\\", \\\"product\\\": \\\"Ванна шоколадная\\\"}]}\", \"created_at\": \"2023-10-01 19:55:44\", \"updated_at\": \"2023-10-01 19:55:44\", \"total_price\": 7250, \"name_product\": \"Двухместный\", \"image_product\": \"https://tourmeddriver.com/public/storage/sanatorium_images/asa3jyT7c6lah1RgnN9mje9vJoaM3zB5V94zPn20.jpg\", \"organization_email\": \"san@mail.ru\"}]', NULL, '2023-10-01 18:58:57', '2023-10-01 18:58:57', NULL),
(334, 'user@mail.ru', 'Bombaa', 'vasyaaa12', '+375448698855', '13', 'Двухместный', '-', '7250', '72500', '1336', '0', '[{\"id\": 1336, \"date\": \"-\", \"role\": \"sanatorium\", \"user_id\": 13, \"products\": \"{\\\"id\\\": 2, \\\"date\\\": [\\\"19.10.2023\\\", \\\"21.10.2023\\\"], \\\"berth\\\": \\\"2\\\", \\\"title\\\": \\\"Двухместный\\\", \\\"product\\\": null, \\\"category\\\": \\\"Двухместный\\\", \\\"totalPrice\\\": 3450, \\\"productList\\\": [{\\\"id\\\": 0, \\\"qty\\\": 0, \\\"price\\\": 1900, \\\"product\\\": \\\"Двухместный\\\"}, {\\\"id\\\": 1, \\\"qty\\\": 1, \\\"price\\\": \\\"300\\\", \\\"product\\\": \\\"Ванна жемчужная\\\"}, {\\\"id\\\": 2, \\\"qty\\\": 1, \\\"price\\\": \\\"1000\\\", \\\"product\\\": \\\"Ванна хвойная\\\"}, {\\\"id\\\": 3, \\\"qty\\\": 1, \\\"price\\\": \\\"250\\\", \\\"product\\\": \\\"Ванна шоколадная\\\"}]}\", \"created_at\": \"2023-10-01 19:55:44\", \"updated_at\": \"2023-10-01 19:55:44\", \"total_price\": 7250, \"name_product\": \"Двухместный\", \"image_product\": \"https://tourmeddriver.com/public/storage/sanatorium_images/asa3jyT7c6lah1RgnN9mje9vJoaM3zB5V94zPn20.jpg\", \"organization_email\": \"san@mail.ru\"}]', NULL, '2023-10-01 19:13:36', '2023-10-01 19:13:36', NULL),
(335, 'user@mail.ru', 'Bombaa', 'vasyaaa12', '+375448698855', '13', 'Двухместный', '-', '7250', '72500', '1336', '0', '[{\"id\": 1336, \"date\": \"-\", \"role\": \"sanatorium\", \"user_id\": 13, \"products\": \"{\\\"id\\\": 2, \\\"date\\\": [\\\"19.10.2023\\\", \\\"21.10.2023\\\"], \\\"berth\\\": \\\"2\\\", \\\"title\\\": \\\"Двухместный\\\", \\\"product\\\": null, \\\"category\\\": \\\"Двухместный\\\", \\\"totalPrice\\\": 3450, \\\"productList\\\": [{\\\"id\\\": 0, \\\"qty\\\": 0, \\\"price\\\": 1900, \\\"product\\\": \\\"Двухместный\\\"}, {\\\"id\\\": 1, \\\"qty\\\": 1, \\\"price\\\": \\\"300\\\", \\\"product\\\": \\\"Ванна жемчужная\\\"}, {\\\"id\\\": 2, \\\"qty\\\": 1, \\\"price\\\": \\\"1000\\\", \\\"product\\\": \\\"Ванна хвойная\\\"}, {\\\"id\\\": 3, \\\"qty\\\": 1, \\\"price\\\": \\\"250\\\", \\\"product\\\": \\\"Ванна шоколадная\\\"}]}\", \"created_at\": \"2023-10-01 19:55:44\", \"updated_at\": \"2023-10-01 19:55:44\", \"total_price\": 7250, \"name_product\": \"Двухместный\", \"image_product\": \"https://tourmeddriver.com/public/storage/sanatorium_images/asa3jyT7c6lah1RgnN9mje9vJoaM3zB5V94zPn20.jpg\", \"organization_email\": \"san@mail.ru\"}]', NULL, '2023-10-01 19:14:05', '2023-10-01 19:14:05', NULL),
(336, 'user@mail.ru', 'Bombaa', 'vasyaaa12', '+375448698855', '13', 'Двухместный', '-', '7250', '72500', '1336', '0', '[{\"id\": 1336, \"date\": \"-\", \"role\": \"sanatorium\", \"user_id\": 13, \"products\": \"{\\\"id\\\": 2, \\\"date\\\": [\\\"19.10.2023\\\", \\\"21.10.2023\\\"], \\\"berth\\\": \\\"2\\\", \\\"title\\\": \\\"Двухместный\\\", \\\"product\\\": null, \\\"category\\\": \\\"Двухместный\\\", \\\"totalPrice\\\": 3450, \\\"productList\\\": [{\\\"id\\\": 0, \\\"qty\\\": 0, \\\"price\\\": 1900, \\\"product\\\": \\\"Двухместный\\\"}, {\\\"id\\\": 1, \\\"qty\\\": 1, \\\"price\\\": \\\"300\\\", \\\"product\\\": \\\"Ванна жемчужная\\\"}, {\\\"id\\\": 2, \\\"qty\\\": 1, \\\"price\\\": \\\"1000\\\", \\\"product\\\": \\\"Ванна хвойная\\\"}, {\\\"id\\\": 3, \\\"qty\\\": 1, \\\"price\\\": \\\"250\\\", \\\"product\\\": \\\"Ванна шоколадная\\\"}]}\", \"created_at\": \"2023-10-01 19:55:44\", \"updated_at\": \"2023-10-01 19:55:44\", \"total_price\": 7250, \"name_product\": \"Двухместный\", \"image_product\": \"https://tourmeddriver.com/public/storage/sanatorium_images/asa3jyT7c6lah1RgnN9mje9vJoaM3zB5V94zPn20.jpg\", \"organization_email\": \"san@mail.ru\"}]', NULL, '2023-10-01 19:14:05', '2023-10-01 19:14:05', NULL),
(337, 'user@mail.ru', 'Bombaa', 'vasyaaa12', '+375448698855', '13', 'Двухместный', '-', '7250', '72500', '1336', '0', '[{\"id\": 1336, \"date\": \"-\", \"role\": \"sanatorium\", \"user_id\": 13, \"products\": \"{\\\"id\\\": 2, \\\"date\\\": [\\\"19.10.2023\\\", \\\"21.10.2023\\\"], \\\"berth\\\": \\\"2\\\", \\\"title\\\": \\\"Двухместный\\\", \\\"product\\\": null, \\\"category\\\": \\\"Двухместный\\\", \\\"totalPrice\\\": 3450, \\\"productList\\\": [{\\\"id\\\": 0, \\\"qty\\\": 0, \\\"price\\\": 1900, \\\"product\\\": \\\"Двухместный\\\"}, {\\\"id\\\": 1, \\\"qty\\\": 1, \\\"price\\\": \\\"300\\\", \\\"product\\\": \\\"Ванна жемчужная\\\"}, {\\\"id\\\": 2, \\\"qty\\\": 1, \\\"price\\\": \\\"1000\\\", \\\"product\\\": \\\"Ванна хвойная\\\"}, {\\\"id\\\": 3, \\\"qty\\\": 1, \\\"price\\\": \\\"250\\\", \\\"product\\\": \\\"Ванна шоколадная\\\"}]}\", \"created_at\": \"2023-10-01 19:55:44\", \"updated_at\": \"2023-10-01 19:55:44\", \"total_price\": 7250, \"name_product\": \"Двухместный\", \"image_product\": \"https://tourmeddriver.com/public/storage/sanatorium_images/asa3jyT7c6lah1RgnN9mje9vJoaM3zB5V94zPn20.jpg\", \"organization_email\": \"san@mail.ru\"}]', NULL, '2023-10-01 19:14:28', '2023-10-01 19:14:28', NULL),
(338, 'user@mail.ru', 'Bombaa', 'vasyaaa12', '+375448698855', '13', 'Двухместный', '-', '7250', '72500', '1336', '0', '[{\"id\": 1336, \"date\": \"-\", \"role\": \"sanatorium\", \"user_id\": 13, \"products\": \"{\\\"id\\\": 2, \\\"date\\\": [\\\"19.10.2023\\\", \\\"21.10.2023\\\"], \\\"berth\\\": \\\"2\\\", \\\"title\\\": \\\"Двухместный\\\", \\\"product\\\": null, \\\"category\\\": \\\"Двухместный\\\", \\\"totalPrice\\\": 3450, \\\"productList\\\": [{\\\"id\\\": 0, \\\"qty\\\": 0, \\\"price\\\": 1900, \\\"product\\\": \\\"Двухместный\\\"}, {\\\"id\\\": 1, \\\"qty\\\": 1, \\\"price\\\": \\\"300\\\", \\\"product\\\": \\\"Ванна жемчужная\\\"}, {\\\"id\\\": 2, \\\"qty\\\": 1, \\\"price\\\": \\\"1000\\\", \\\"product\\\": \\\"Ванна хвойная\\\"}, {\\\"id\\\": 3, \\\"qty\\\": 1, \\\"price\\\": \\\"250\\\", \\\"product\\\": \\\"Ванна шоколадная\\\"}]}\", \"created_at\": \"2023-10-01 19:55:44\", \"updated_at\": \"2023-10-01 19:55:44\", \"total_price\": 7250, \"name_product\": \"Двухместный\", \"image_product\": \"https://tourmeddriver.com/public/storage/sanatorium_images/asa3jyT7c6lah1RgnN9mje9vJoaM3zB5V94zPn20.jpg\", \"organization_email\": \"san@mail.ru\"}]', NULL, '2023-10-01 19:14:57', '2023-10-01 19:14:57', NULL),
(339, 'user@mail.ru', 'Bombaa', 'vasyaaa12', '+375448698855', '13', 'Двухместный', '-', '7250', '72500', '1336', '0', '[{\"id\": 1336, \"date\": \"-\", \"role\": \"sanatorium\", \"user_id\": 13, \"products\": \"{\\\"id\\\": 2, \\\"date\\\": [\\\"19.10.2023\\\", \\\"21.10.2023\\\"], \\\"berth\\\": \\\"2\\\", \\\"title\\\": \\\"Двухместный\\\", \\\"product\\\": null, \\\"category\\\": \\\"Двухместный\\\", \\\"totalPrice\\\": 3450, \\\"productList\\\": [{\\\"id\\\": 0, \\\"qty\\\": 0, \\\"price\\\": 1900, \\\"product\\\": \\\"Двухместный\\\"}, {\\\"id\\\": 1, \\\"qty\\\": 1, \\\"price\\\": \\\"300\\\", \\\"product\\\": \\\"Ванна жемчужная\\\"}, {\\\"id\\\": 2, \\\"qty\\\": 1, \\\"price\\\": \\\"1000\\\", \\\"product\\\": \\\"Ванна хвойная\\\"}, {\\\"id\\\": 3, \\\"qty\\\": 1, \\\"price\\\": \\\"250\\\", \\\"product\\\": \\\"Ванна шоколадная\\\"}]}\", \"created_at\": \"2023-10-01 19:55:44\", \"updated_at\": \"2023-10-01 19:55:44\", \"total_price\": 7250, \"name_product\": \"Двухместный\", \"image_product\": \"https://tourmeddriver.com/public/storage/sanatorium_images/asa3jyT7c6lah1RgnN9mje9vJoaM3zB5V94zPn20.jpg\", \"organization_email\": \"san@mail.ru\"}]', NULL, '2023-10-01 19:16:16', '2023-10-01 19:16:16', NULL),
(340, 'user@mail.ru', 'Bombaa', 'vasyaaa12', '+375448698855', '13', 'Двухместный', '-', '7250', '72500', '1336', '0', '[{\"id\": 1336, \"date\": \"-\", \"role\": \"sanatorium\", \"user_id\": 13, \"products\": \"{\\\"id\\\": 2, \\\"date\\\": [\\\"19.10.2023\\\", \\\"21.10.2023\\\"], \\\"berth\\\": \\\"2\\\", \\\"title\\\": \\\"Двухместный\\\", \\\"product\\\": null, \\\"category\\\": \\\"Двухместный\\\", \\\"totalPrice\\\": 3450, \\\"productList\\\": [{\\\"id\\\": 0, \\\"qty\\\": 0, \\\"price\\\": 1900, \\\"product\\\": \\\"Двухместный\\\"}, {\\\"id\\\": 1, \\\"qty\\\": 1, \\\"price\\\": \\\"300\\\", \\\"product\\\": \\\"Ванна жемчужная\\\"}, {\\\"id\\\": 2, \\\"qty\\\": 1, \\\"price\\\": \\\"1000\\\", \\\"product\\\": \\\"Ванна хвойная\\\"}, {\\\"id\\\": 3, \\\"qty\\\": 1, \\\"price\\\": \\\"250\\\", \\\"product\\\": \\\"Ванна шоколадная\\\"}]}\", \"created_at\": \"2023-10-01 19:55:44\", \"updated_at\": \"2023-10-01 19:55:44\", \"total_price\": 7250, \"name_product\": \"Двухместный\", \"image_product\": \"https://tourmeddriver.com/public/storage/sanatorium_images/asa3jyT7c6lah1RgnN9mje9vJoaM3zB5V94zPn20.jpg\", \"organization_email\": \"san@mail.ru\"}]', NULL, '2023-10-01 19:17:03', '2023-10-01 19:17:03', NULL),
(341, 'user@mail.ru', 'Bombaa', 'vasyaaa12', '+375448698855', '13', 'Двухместный', '-', '7250', '72500', '1336', '0', '[{\"id\": 1336, \"date\": \"-\", \"role\": \"sanatorium\", \"user_id\": 13, \"products\": \"{\\\"id\\\": 2, \\\"date\\\": [\\\"19.10.2023\\\", \\\"21.10.2023\\\"], \\\"berth\\\": \\\"2\\\", \\\"title\\\": \\\"Двухместный\\\", \\\"product\\\": null, \\\"category\\\": \\\"Двухместный\\\", \\\"totalPrice\\\": 3450, \\\"productList\\\": [{\\\"id\\\": 0, \\\"qty\\\": 0, \\\"price\\\": 1900, \\\"product\\\": \\\"Двухместный\\\"}, {\\\"id\\\": 1, \\\"qty\\\": 1, \\\"price\\\": \\\"300\\\", \\\"product\\\": \\\"Ванна жемчужная\\\"}, {\\\"id\\\": 2, \\\"qty\\\": 1, \\\"price\\\": \\\"1000\\\", \\\"product\\\": \\\"Ванна хвойная\\\"}, {\\\"id\\\": 3, \\\"qty\\\": 1, \\\"price\\\": \\\"250\\\", \\\"product\\\": \\\"Ванна шоколадная\\\"}]}\", \"created_at\": \"2023-10-01 19:55:44\", \"updated_at\": \"2023-10-01 19:55:44\", \"total_price\": 7250, \"name_product\": \"Двухместный\", \"image_product\": \"https://tourmeddriver.com/public/storage/sanatorium_images/asa3jyT7c6lah1RgnN9mje9vJoaM3zB5V94zPn20.jpg\", \"organization_email\": \"san@mail.ru\"}]', NULL, '2023-10-01 19:17:31', '2023-10-01 19:17:31', NULL),
(342, 'user@mail.ru', 'Bombaa', 'vasyaaa12', '+375448698855', '13', 'Двухместный', '-', '7250', '72500', '1336', '0', '[{\"id\": 1336, \"date\": \"-\", \"role\": \"sanatorium\", \"user_id\": 13, \"products\": \"{\\\"id\\\": 2, \\\"date\\\": [\\\"19.10.2023\\\", \\\"21.10.2023\\\"], \\\"berth\\\": \\\"2\\\", \\\"title\\\": \\\"Двухместный\\\", \\\"product\\\": null, \\\"category\\\": \\\"Двухместный\\\", \\\"totalPrice\\\": 3450, \\\"productList\\\": [{\\\"id\\\": 0, \\\"qty\\\": 0, \\\"price\\\": 1900, \\\"product\\\": \\\"Двухместный\\\"}, {\\\"id\\\": 1, \\\"qty\\\": 1, \\\"price\\\": \\\"300\\\", \\\"product\\\": \\\"Ванна жемчужная\\\"}, {\\\"id\\\": 2, \\\"qty\\\": 1, \\\"price\\\": \\\"1000\\\", \\\"product\\\": \\\"Ванна хвойная\\\"}, {\\\"id\\\": 3, \\\"qty\\\": 1, \\\"price\\\": \\\"250\\\", \\\"product\\\": \\\"Ванна шоколадная\\\"}]}\", \"created_at\": \"2023-10-01 19:55:44\", \"updated_at\": \"2023-10-01 19:55:44\", \"total_price\": 7250, \"name_product\": \"Двухместный\", \"image_product\": \"https://tourmeddriver.com/public/storage/sanatorium_images/asa3jyT7c6lah1RgnN9mje9vJoaM3zB5V94zPn20.jpg\", \"organization_email\": \"san@mail.ru\"}]', NULL, '2023-10-01 19:18:02', '2023-10-01 19:18:02', NULL),
(343, 'user@mail.ru', 'Bombaa', 'vasyaaa12', '+375448698855', '13', 'Двухместный', '-', '7250', '72500', '1336', '0', '[{\"id\": 1336, \"date\": \"-\", \"role\": \"sanatorium\", \"user_id\": 13, \"products\": \"{\\\"id\\\": 2, \\\"date\\\": [\\\"19.10.2023\\\", \\\"21.10.2023\\\"], \\\"berth\\\": \\\"2\\\", \\\"title\\\": \\\"Двухместный\\\", \\\"product\\\": null, \\\"category\\\": \\\"Двухместный\\\", \\\"totalPrice\\\": 3450, \\\"productList\\\": [{\\\"id\\\": 0, \\\"qty\\\": 0, \\\"price\\\": 1900, \\\"product\\\": \\\"Двухместный\\\"}, {\\\"id\\\": 1, \\\"qty\\\": 1, \\\"price\\\": \\\"300\\\", \\\"product\\\": \\\"Ванна жемчужная\\\"}, {\\\"id\\\": 2, \\\"qty\\\": 1, \\\"price\\\": \\\"1000\\\", \\\"product\\\": \\\"Ванна хвойная\\\"}, {\\\"id\\\": 3, \\\"qty\\\": 1, \\\"price\\\": \\\"250\\\", \\\"product\\\": \\\"Ванна шоколадная\\\"}]}\", \"created_at\": \"2023-10-01 19:55:44\", \"updated_at\": \"2023-10-01 19:55:44\", \"total_price\": 7250, \"name_product\": \"Двухместный\", \"image_product\": \"https://tourmeddriver.com/public/storage/sanatorium_images/asa3jyT7c6lah1RgnN9mje9vJoaM3zB5V94zPn20.jpg\", \"organization_email\": \"san@mail.ru\"}]', NULL, '2023-10-01 19:18:30', '2023-10-01 19:18:30', NULL),
(344, 'user@mail.ru', 'Bombaa', 'vasyaaa12', '+375448698855', '13', 'Медицинский центр', '28.10.2023', '1400', '14000', '1338', '0', '[{\"id\": 1338, \"date\": \"28.10.2023\", \"role\": \"Мед.центр\", \"user_id\": 13, \"products\": \"{\\\"date\\\": \\\"28.10.2023\\\", \\\"title\\\": \\\"Медицинский центр\\\", \\\"people\\\": 1, \\\"product\\\": null, \\\"totalPrice\\\": 1400, \\\"productList\\\": [{\\\"id\\\": 3, \\\"qty\\\": 1, \\\"price\\\": \\\"1400\\\", \\\"product\\\": \\\"Цифровая дерматоскопия\\\"}]}\", \"created_at\": \"2023-10-02 08:21:19\", \"updated_at\": \"2023-10-02 08:21:19\", \"total_price\": 1400, \"name_product\": \"Медицинский центр\", \"image_product\": \"https://tourmeddriver.com/public/storage/medical_images_card/EyiOJRNs6wUPi7sgQoMJVhGrrlJBri6NiemLHDDP.jpg\", \"organization_email\": \"klimashevskijvova@gmail.com\"}]', NULL, '2023-10-02 05:29:07', '2023-10-02 05:29:07', NULL),
(345, 'user@mail.ru', 'Bombaa', 'vasyaaa12', '+375448698855', '13', 'Медицинский центр', '28.10.2023', '1400', '14000', '1338', '0', '[{\"id\": 1338, \"date\": \"28.10.2023\", \"role\": \"Мед.центр\", \"user_id\": 13, \"products\": \"{\\\"date\\\": \\\"28.10.2023\\\", \\\"title\\\": \\\"Медицинский центр\\\", \\\"people\\\": 1, \\\"product\\\": null, \\\"totalPrice\\\": 1400, \\\"productList\\\": [{\\\"id\\\": 3, \\\"qty\\\": 1, \\\"price\\\": \\\"1400\\\", \\\"product\\\": \\\"Цифровая дерматоскопия\\\"}]}\", \"created_at\": \"2023-10-02 08:21:19\", \"updated_at\": \"2023-10-02 08:21:19\", \"total_price\": 1400, \"name_product\": \"Медицинский центр\", \"image_product\": \"https://tourmeddriver.com/public/storage/medical_images_card/EyiOJRNs6wUPi7sgQoMJVhGrrlJBri6NiemLHDDP.jpg\", \"organization_email\": \"klimashevskijvova@gmail.com\"}]', NULL, '2023-10-02 05:29:07', '2023-10-02 05:29:07', NULL),
(346, 'user@mail.ru', 'Bombaa', 'vasyaaa12', '+375448698855', '13', 'Медицинский центр', '28.10.2023', '1400', '14000', '1338', '0', '[{\"id\": 1338, \"date\": \"28.10.2023\", \"role\": \"Мед.центр\", \"user_id\": 13, \"products\": \"{\\\"date\\\": \\\"28.10.2023\\\", \\\"title\\\": \\\"Медицинский центр\\\", \\\"people\\\": 1, \\\"product\\\": null, \\\"totalPrice\\\": 1400, \\\"productList\\\": [{\\\"id\\\": 3, \\\"qty\\\": 1, \\\"price\\\": \\\"1400\\\", \\\"product\\\": \\\"Цифровая дерматоскопия\\\"}]}\", \"created_at\": \"2023-10-02 08:21:19\", \"updated_at\": \"2023-10-02 08:21:19\", \"total_price\": 1400, \"name_product\": \"Медицинский центр\", \"image_product\": \"https://tourmeddriver.com/public/storage/medical_images_card/EyiOJRNs6wUPi7sgQoMJVhGrrlJBri6NiemLHDDP.jpg\", \"organization_email\": \"klimashevskijvova@gmail.com\"}]', NULL, '2023-10-02 05:33:31', '2023-10-02 05:33:31', NULL),
(347, 'user@mail.ru', 'Bombaa', 'vasyaaa12', '+375448698855', '13', 'Медицинский центр', '28.10.2023', '1400', '14000', '1338', '0', '[{\"id\": 1338, \"date\": \"28.10.2023\", \"role\": \"Мед.центр\", \"user_id\": 13, \"products\": \"{\\\"date\\\": \\\"28.10.2023\\\", \\\"title\\\": \\\"Медицинский центр\\\", \\\"people\\\": 1, \\\"product\\\": null, \\\"totalPrice\\\": 1400, \\\"productList\\\": [{\\\"id\\\": 3, \\\"qty\\\": 1, \\\"price\\\": \\\"1400\\\", \\\"product\\\": \\\"Цифровая дерматоскопия\\\"}]}\", \"created_at\": \"2023-10-02 08:21:19\", \"updated_at\": \"2023-10-02 08:21:19\", \"total_price\": 1400, \"name_product\": \"Медицинский центр\", \"image_product\": \"https://tourmeddriver.com/public/storage/medical_images_card/EyiOJRNs6wUPi7sgQoMJVhGrrlJBri6NiemLHDDP.jpg\", \"organization_email\": \"klimashevskijvova@gmail.com\"}]', NULL, '2023-10-02 05:33:31', '2023-10-02 05:33:31', NULL),
(348, 'user@mail.ru', 'Bombaa', 'vasyaaa12', '+375448698855', '13', 'Медицинский центр', '28.10.2023', '1400', '14000', '1338', '0', '[{\"id\": 1338, \"date\": \"28.10.2023\", \"role\": \"Мед.центр\", \"user_id\": 13, \"products\": \"{\\\"date\\\": \\\"28.10.2023\\\", \\\"title\\\": \\\"Медицинский центр\\\", \\\"people\\\": 1, \\\"product\\\": null, \\\"totalPrice\\\": 1400, \\\"productList\\\": [{\\\"id\\\": 3, \\\"qty\\\": 1, \\\"price\\\": \\\"1400\\\", \\\"product\\\": \\\"Цифровая дерматоскопия\\\"}]}\", \"created_at\": \"2023-10-02 08:21:19\", \"updated_at\": \"2023-10-02 08:21:19\", \"total_price\": 1400, \"name_product\": \"Медицинский центр\", \"image_product\": \"https://tourmeddriver.com/public/storage/medical_images_card/EyiOJRNs6wUPi7sgQoMJVhGrrlJBri6NiemLHDDP.jpg\", \"organization_email\": \"klimashevskijvova@gmail.com\"}]', NULL, '2023-10-02 05:34:00', '2023-10-02 05:34:00', NULL),
(349, 'user@mail.ru', 'Bombaa', 'vasyaaa12', '+375448698855', '13', 'Медицинский центр', '28.10.2023', '1400', '14000', '1338', '0', '[{\"id\": 1338, \"date\": \"28.10.2023\", \"role\": \"Мед.центр\", \"user_id\": 13, \"products\": \"{\\\"date\\\": \\\"28.10.2023\\\", \\\"title\\\": \\\"Медицинский центр\\\", \\\"people\\\": 1, \\\"product\\\": null, \\\"totalPrice\\\": 1400, \\\"productList\\\": [{\\\"id\\\": 3, \\\"qty\\\": 1, \\\"price\\\": \\\"1400\\\", \\\"product\\\": \\\"Цифровая дерматоскопия\\\"}]}\", \"created_at\": \"2023-10-02 08:21:19\", \"updated_at\": \"2023-10-02 08:21:19\", \"total_price\": 1400, \"name_product\": \"Медицинский центр\", \"image_product\": \"https://tourmeddriver.com/public/storage/medical_images_card/EyiOJRNs6wUPi7sgQoMJVhGrrlJBri6NiemLHDDP.jpg\", \"organization_email\": \"klimashevskijvova@gmail.com\"}]', NULL, '2023-10-02 05:38:22', '2023-10-02 05:38:22', NULL);
INSERT INTO `payments` (`id`, `email`, `name`, `surname`, `phone`, `user_id`, `name_product`, `date_product`, `total_price_product`, `amount`, `orderId`, `status`, `products`, `promocode`, `created_at`, `updated_at`, `email_status`) VALUES
(350, 'user@mail.ru', 'Bombaa', 'vasyaaa12', '+375448698855', '13', 'Медицинский центр', '28.10.2023', '1400', '14000', '1338', '0', '[{\"id\": 1338, \"date\": \"28.10.2023\", \"role\": \"Мед.центр\", \"user_id\": 13, \"products\": \"{\\\"date\\\": \\\"28.10.2023\\\", \\\"title\\\": \\\"Медицинский центр\\\", \\\"people\\\": 1, \\\"product\\\": null, \\\"totalPrice\\\": 1400, \\\"productList\\\": [{\\\"id\\\": 3, \\\"qty\\\": 1, \\\"price\\\": \\\"1400\\\", \\\"product\\\": \\\"Цифровая дерматоскопия\\\"}]}\", \"created_at\": \"2023-10-02 08:21:19\", \"updated_at\": \"2023-10-02 08:21:19\", \"total_price\": 1400, \"name_product\": \"Медицинский центр\", \"image_product\": \"https://tourmeddriver.com/public/storage/medical_images_card/EyiOJRNs6wUPi7sgQoMJVhGrrlJBri6NiemLHDDP.jpg\", \"organization_email\": \"klimashevskijvova@gmail.com\"}]', NULL, '2023-10-02 05:38:25', '2023-10-02 05:38:25', NULL),
(351, 'user@mail.ru', 'Bombaa', 'vasyaaa12', '+375448698855', '13', 'Медицинский центр', '28.10.2023', '1400', '14000', '1338', '0', '[{\"id\": 1338, \"date\": \"28.10.2023\", \"role\": \"Мед.центр\", \"user_id\": 13, \"products\": \"{\\\"date\\\": \\\"28.10.2023\\\", \\\"title\\\": \\\"Медицинский центр\\\", \\\"people\\\": 1, \\\"product\\\": null, \\\"totalPrice\\\": 1400, \\\"productList\\\": [{\\\"id\\\": 3, \\\"qty\\\": 1, \\\"price\\\": \\\"1400\\\", \\\"product\\\": \\\"Цифровая дерматоскопия\\\"}]}\", \"created_at\": \"2023-10-02 08:21:19\", \"updated_at\": \"2023-10-02 08:21:19\", \"total_price\": 1400, \"name_product\": \"Медицинский центр\", \"image_product\": \"https://tourmeddriver.com/public/storage/medical_images_card/EyiOJRNs6wUPi7sgQoMJVhGrrlJBri6NiemLHDDP.jpg\", \"organization_email\": \"klimashevskijvova@gmail.com\"}]', NULL, '2023-10-02 05:45:20', '2023-10-02 05:45:20', NULL),
(352, 'user@mail.ru', 'Bombaa', 'vasyaaa12', '+375448698855', '13', 'Медицинский центр', '28.10.2023', '1400', '14000', '1338', '0', '[{\"id\": 1338, \"date\": \"28.10.2023\", \"role\": \"Мед.центр\", \"user_id\": 13, \"products\": \"{\\\"date\\\": \\\"28.10.2023\\\", \\\"title\\\": \\\"Медицинский центр\\\", \\\"people\\\": 1, \\\"product\\\": null, \\\"totalPrice\\\": 1400, \\\"productList\\\": [{\\\"id\\\": 3, \\\"qty\\\": 1, \\\"price\\\": \\\"1400\\\", \\\"product\\\": \\\"Цифровая дерматоскопия\\\"}]}\", \"created_at\": \"2023-10-02 08:21:19\", \"updated_at\": \"2023-10-02 08:21:19\", \"total_price\": 1400, \"name_product\": \"Медицинский центр\", \"image_product\": \"https://tourmeddriver.com/public/storage/medical_images_card/EyiOJRNs6wUPi7sgQoMJVhGrrlJBri6NiemLHDDP.jpg\", \"organization_email\": \"klimashevskijvova@gmail.com\"}]', NULL, '2023-10-02 05:45:20', '2023-10-02 05:45:20', NULL),
(353, 'user@mail.ru', 'Bombaa', 'vasyaaa12', '+375448698855', '13', 'Медицинский центр', '28.10.2023', '1400', '14000', '1338', '0', '[{\"id\": 1338, \"date\": \"28.10.2023\", \"role\": \"Мед.центр\", \"user_id\": 13, \"products\": \"{\\\"date\\\": \\\"28.10.2023\\\", \\\"title\\\": \\\"Медицинский центр\\\", \\\"people\\\": 1, \\\"product\\\": null, \\\"totalPrice\\\": 1400, \\\"productList\\\": [{\\\"id\\\": 3, \\\"qty\\\": 1, \\\"price\\\": \\\"1400\\\", \\\"product\\\": \\\"Цифровая дерматоскопия\\\"}]}\", \"created_at\": \"2023-10-02 08:21:19\", \"updated_at\": \"2023-10-02 08:21:19\", \"total_price\": 1400, \"name_product\": \"Медицинский центр\", \"image_product\": \"https://tourmeddriver.com/public/storage/medical_images_card/EyiOJRNs6wUPi7sgQoMJVhGrrlJBri6NiemLHDDP.jpg\", \"organization_email\": \"klimashevskijvova@gmail.com\"}]', NULL, '2023-10-02 05:45:46', '2023-10-02 05:45:46', NULL),
(354, 'user@mail.ru', 'Bombaa', 'vasyaaa12', '+375448698855', '13', 'Медицинский центр', '28.10.2023', '1400', '14000', '1338', '0', '[{\"id\": 1338, \"date\": \"28.10.2023\", \"role\": \"Мед.центр\", \"user_id\": 13, \"products\": \"{\\\"date\\\": \\\"28.10.2023\\\", \\\"title\\\": \\\"Медицинский центр\\\", \\\"people\\\": 1, \\\"product\\\": null, \\\"totalPrice\\\": 1400, \\\"productList\\\": [{\\\"id\\\": 3, \\\"qty\\\": 1, \\\"price\\\": \\\"1400\\\", \\\"product\\\": \\\"Цифровая дерматоскопия\\\"}]}\", \"created_at\": \"2023-10-02 08:21:19\", \"updated_at\": \"2023-10-02 08:21:19\", \"total_price\": 1400, \"name_product\": \"Медицинский центр\", \"image_product\": \"https://tourmeddriver.com/public/storage/medical_images_card/EyiOJRNs6wUPi7sgQoMJVhGrrlJBri6NiemLHDDP.jpg\", \"organization_email\": \"klimashevskijvova@gmail.com\"}]', NULL, '2023-10-02 05:45:58', '2023-10-02 05:45:58', NULL),
(355, 'user@mail.ru', 'Bombaa', 'vasyaaa12', '+375448698855', '13', 'Медицинский центр', '28.10.2023', '1400', '14000', '1338', '0', '[{\"id\": 1338, \"date\": \"28.10.2023\", \"role\": \"Мед.центр\", \"user_id\": 13, \"products\": \"{\\\"date\\\": \\\"28.10.2023\\\", \\\"title\\\": \\\"Медицинский центр\\\", \\\"people\\\": 1, \\\"product\\\": null, \\\"totalPrice\\\": 1400, \\\"productList\\\": [{\\\"id\\\": 3, \\\"qty\\\": 1, \\\"price\\\": \\\"1400\\\", \\\"product\\\": \\\"Цифровая дерматоскопия\\\"}]}\", \"created_at\": \"2023-10-02 08:21:19\", \"updated_at\": \"2023-10-02 08:21:19\", \"total_price\": 1400, \"name_product\": \"Медицинский центр\", \"image_product\": \"https://tourmeddriver.com/public/storage/medical_images_card/EyiOJRNs6wUPi7sgQoMJVhGrrlJBri6NiemLHDDP.jpg\", \"organization_email\": \"klimashevskijvova@gmail.com\"}]', NULL, '2023-10-02 05:47:15', '2023-10-02 05:47:15', NULL),
(356, 'user@mail.ru', 'Bombaa', 'vasyaaa12', '+375448698855', '13', 'Медицинский центр', '28.10.2023', '1400', '14000', '1338', '0', '[{\"id\": 1338, \"date\": \"28.10.2023\", \"role\": \"Мед.центр\", \"user_id\": 13, \"products\": \"{\\\"date\\\": \\\"28.10.2023\\\", \\\"title\\\": \\\"Медицинский центр\\\", \\\"people\\\": 1, \\\"product\\\": null, \\\"totalPrice\\\": 1400, \\\"productList\\\": [{\\\"id\\\": 3, \\\"qty\\\": 1, \\\"price\\\": \\\"1400\\\", \\\"product\\\": \\\"Цифровая дерматоскопия\\\"}]}\", \"created_at\": \"2023-10-02 08:21:19\", \"updated_at\": \"2023-10-02 08:21:19\", \"total_price\": 1400, \"name_product\": \"Медицинский центр\", \"image_product\": \"https://tourmeddriver.com/public/storage/medical_images_card/EyiOJRNs6wUPi7sgQoMJVhGrrlJBri6NiemLHDDP.jpg\", \"organization_email\": \"klimashevskijvova@gmail.com\"}]', NULL, '2023-10-02 05:47:16', '2023-10-02 05:47:16', NULL),
(357, 'user@mail.ru', 'Bombaa', 'vasyaaa12', '+375448698855', '13', 'Медицинский центр', '28.10.2023', '1400', '14000', '1338', '0', '[{\"id\": 1338, \"date\": \"28.10.2023\", \"role\": \"Мед.центр\", \"user_id\": 13, \"products\": \"{\\\"date\\\": \\\"28.10.2023\\\", \\\"title\\\": \\\"Медицинский центр\\\", \\\"people\\\": 1, \\\"product\\\": null, \\\"totalPrice\\\": 1400, \\\"productList\\\": [{\\\"id\\\": 3, \\\"qty\\\": 1, \\\"price\\\": \\\"1400\\\", \\\"product\\\": \\\"Цифровая дерматоскопия\\\"}]}\", \"created_at\": \"2023-10-02 08:21:19\", \"updated_at\": \"2023-10-02 08:21:19\", \"total_price\": 1400, \"name_product\": \"Медицинский центр\", \"image_product\": \"https://tourmeddriver.com/public/storage/medical_images_card/EyiOJRNs6wUPi7sgQoMJVhGrrlJBri6NiemLHDDP.jpg\", \"organization_email\": \"klimashevskijvova@gmail.com\"}]', NULL, '2023-10-02 05:48:14', '2023-10-02 05:48:14', NULL),
(358, 'user@mail.ru', 'Bombaa', 'vasyaaa12', '+375448698855', '13', 'Медицинский центр', '28.10.2023', '1400', '14000', '1338', '0', '[{\"id\": 1338, \"date\": \"28.10.2023\", \"role\": \"Мед.центр\", \"user_id\": 13, \"products\": \"{\\\"date\\\": \\\"28.10.2023\\\", \\\"title\\\": \\\"Медицинский центр\\\", \\\"people\\\": 1, \\\"product\\\": null, \\\"totalPrice\\\": 1400, \\\"productList\\\": [{\\\"id\\\": 3, \\\"qty\\\": 1, \\\"price\\\": \\\"1400\\\", \\\"product\\\": \\\"Цифровая дерматоскопия\\\"}]}\", \"created_at\": \"2023-10-02 08:21:19\", \"updated_at\": \"2023-10-02 08:21:19\", \"total_price\": 1400, \"name_product\": \"Медицинский центр\", \"image_product\": \"https://tourmeddriver.com/public/storage/medical_images_card/EyiOJRNs6wUPi7sgQoMJVhGrrlJBri6NiemLHDDP.jpg\", \"organization_email\": \"klimashevskijvova@gmail.com\"}]', NULL, '2023-10-02 05:48:14', '2023-10-02 05:48:14', NULL),
(359, 'user@mail.ru', 'Bombaa', 'vasyaaa12', '+375448698855', '13', 'Медицинский центр', '28.10.2023', '1400', '14000', '1338', '0', '[{\"id\": 1338, \"date\": \"28.10.2023\", \"role\": \"Мед.центр\", \"user_id\": 13, \"products\": \"{\\\"date\\\": \\\"28.10.2023\\\", \\\"title\\\": \\\"Медицинский центр\\\", \\\"people\\\": 1, \\\"product\\\": null, \\\"totalPrice\\\": 1400, \\\"productList\\\": [{\\\"id\\\": 3, \\\"qty\\\": 1, \\\"price\\\": \\\"1400\\\", \\\"product\\\": \\\"Цифровая дерматоскопия\\\"}]}\", \"created_at\": \"2023-10-02 08:21:19\", \"updated_at\": \"2023-10-02 08:21:19\", \"total_price\": 1400, \"name_product\": \"Медицинский центр\", \"image_product\": \"https://tourmeddriver.com/public/storage/medical_images_card/EyiOJRNs6wUPi7sgQoMJVhGrrlJBri6NiemLHDDP.jpg\", \"organization_email\": \"klimashevskijvova@gmail.com\"}]', NULL, '2023-10-02 05:49:43', '2023-10-02 05:49:43', NULL),
(360, 'user@mail.ru', 'Bombaa', 'vasyaaa12', '+375448698855', '13', 'Медицинский центр', '28.10.2023', '1400', '14000', '1338', '0', '[{\"id\": 1338, \"date\": \"28.10.2023\", \"role\": \"Мед.центр\", \"user_id\": 13, \"products\": \"{\\\"date\\\": \\\"28.10.2023\\\", \\\"title\\\": \\\"Медицинский центр\\\", \\\"people\\\": 1, \\\"product\\\": null, \\\"totalPrice\\\": 1400, \\\"productList\\\": [{\\\"id\\\": 3, \\\"qty\\\": 1, \\\"price\\\": \\\"1400\\\", \\\"product\\\": \\\"Цифровая дерматоскопия\\\"}]}\", \"created_at\": \"2023-10-02 08:21:19\", \"updated_at\": \"2023-10-02 08:21:19\", \"total_price\": 1400, \"name_product\": \"Медицинский центр\", \"image_product\": \"https://tourmeddriver.com/public/storage/medical_images_card/EyiOJRNs6wUPi7sgQoMJVhGrrlJBri6NiemLHDDP.jpg\", \"organization_email\": \"klimashevskijvova@gmail.com\"}]', NULL, '2023-10-02 05:49:43', '2023-10-02 05:49:43', NULL),
(361, 'user@mail.ru', 'Bombaa', 'vasyaaa12', '+375448698855', '13', 'Медицинский центр', '28.10.2023', '1400', '14000', '1338', '0', '[{\"id\": 1338, \"date\": \"28.10.2023\", \"role\": \"Мед.центр\", \"user_id\": 13, \"products\": \"{\\\"date\\\": \\\"28.10.2023\\\", \\\"title\\\": \\\"Медицинский центр\\\", \\\"people\\\": 1, \\\"product\\\": null, \\\"totalPrice\\\": 1400, \\\"productList\\\": [{\\\"id\\\": 3, \\\"qty\\\": 1, \\\"price\\\": \\\"1400\\\", \\\"product\\\": \\\"Цифровая дерматоскопия\\\"}]}\", \"created_at\": \"2023-10-02 08:21:19\", \"updated_at\": \"2023-10-02 08:21:19\", \"total_price\": 1400, \"name_product\": \"Медицинский центр\", \"image_product\": \"https://tourmeddriver.com/public/storage/medical_images_card/EyiOJRNs6wUPi7sgQoMJVhGrrlJBri6NiemLHDDP.jpg\", \"organization_email\": \"klimashevskijvova@gmail.com\"}]', NULL, '2023-10-02 05:50:57', '2023-10-02 05:50:57', NULL),
(362, 'user@mail.ru', 'Bombaa', 'vasyaaa12', '+375448698855', '13', 'Медицинский центр', '28.10.2023', '1400', '14000', '1338', '0', '[{\"id\": 1338, \"date\": \"28.10.2023\", \"role\": \"Мед.центр\", \"user_id\": 13, \"products\": \"{\\\"date\\\": \\\"28.10.2023\\\", \\\"title\\\": \\\"Медицинский центр\\\", \\\"people\\\": 1, \\\"product\\\": null, \\\"totalPrice\\\": 1400, \\\"productList\\\": [{\\\"id\\\": 3, \\\"qty\\\": 1, \\\"price\\\": \\\"1400\\\", \\\"product\\\": \\\"Цифровая дерматоскопия\\\"}]}\", \"created_at\": \"2023-10-02 08:21:19\", \"updated_at\": \"2023-10-02 08:21:19\", \"total_price\": 1400, \"name_product\": \"Медицинский центр\", \"image_product\": \"https://tourmeddriver.com/public/storage/medical_images_card/EyiOJRNs6wUPi7sgQoMJVhGrrlJBri6NiemLHDDP.jpg\", \"organization_email\": \"klimashevskijvova@gmail.com\"}]', NULL, '2023-10-02 05:50:58', '2023-10-02 05:50:58', NULL),
(363, 'user@mail.ru', 'Bombaa', 'vasyaaa12', '+375448698855', '13', 'Медицинский центр', '28.10.2023', '1400', '14000', '1338', '0', '[{\"id\": 1338, \"date\": \"28.10.2023\", \"role\": \"Мед.центр\", \"user_id\": 13, \"products\": \"{\\\"date\\\": \\\"28.10.2023\\\", \\\"title\\\": \\\"Медицинский центр\\\", \\\"people\\\": 1, \\\"product\\\": null, \\\"totalPrice\\\": 1400, \\\"productList\\\": [{\\\"id\\\": 3, \\\"qty\\\": 1, \\\"price\\\": \\\"1400\\\", \\\"product\\\": \\\"Цифровая дерматоскопия\\\"}]}\", \"created_at\": \"2023-10-02 08:21:19\", \"updated_at\": \"2023-10-02 08:21:19\", \"total_price\": 1400, \"name_product\": \"Медицинский центр\", \"image_product\": \"https://tourmeddriver.com/public/storage/medical_images_card/EyiOJRNs6wUPi7sgQoMJVhGrrlJBri6NiemLHDDP.jpg\", \"organization_email\": \"klimashevskijvova@gmail.com\"}]', NULL, '2023-10-02 06:11:35', '2023-10-02 06:11:35', NULL),
(364, 'user@mail.ru', 'Bombaa', 'vasyaaa12', '+375448698855', '13', 'Медицинский центр', '28.10.2023', '1400', '14000', '1338', '0', '[{\"id\": 1338, \"date\": \"28.10.2023\", \"role\": \"Мед.центр\", \"user_id\": 13, \"products\": \"{\\\"date\\\": \\\"28.10.2023\\\", \\\"title\\\": \\\"Медицинский центр\\\", \\\"people\\\": 1, \\\"product\\\": null, \\\"totalPrice\\\": 1400, \\\"productList\\\": [{\\\"id\\\": 3, \\\"qty\\\": 1, \\\"price\\\": \\\"1400\\\", \\\"product\\\": \\\"Цифровая дерматоскопия\\\"}]}\", \"created_at\": \"2023-10-02 08:21:19\", \"updated_at\": \"2023-10-02 08:21:19\", \"total_price\": 1400, \"name_product\": \"Медицинский центр\", \"image_product\": \"https://tourmeddriver.com/public/storage/medical_images_card/EyiOJRNs6wUPi7sgQoMJVhGrrlJBri6NiemLHDDP.jpg\", \"organization_email\": \"klimashevskijvova@gmail.com\"}]', NULL, '2023-10-02 06:11:35', '2023-10-02 06:11:35', NULL),
(365, 'user@mail.ru', 'Bombaa', 'vasyaaa12', '+375448698855', '13', 'Медицинский центр', '28.10.2023', '1400', '14000', '1338', '0', '[{\"id\": 1338, \"date\": \"28.10.2023\", \"role\": \"Мед.центр\", \"user_id\": 13, \"products\": \"{\\\"date\\\": \\\"28.10.2023\\\", \\\"title\\\": \\\"Медицинский центр\\\", \\\"people\\\": 1, \\\"product\\\": null, \\\"totalPrice\\\": 1400, \\\"productList\\\": [{\\\"id\\\": 3, \\\"qty\\\": 1, \\\"price\\\": \\\"1400\\\", \\\"product\\\": \\\"Цифровая дерматоскопия\\\"}]}\", \"created_at\": \"2023-10-02 08:21:19\", \"updated_at\": \"2023-10-02 08:21:19\", \"total_price\": 1400, \"name_product\": \"Медицинский центр\", \"image_product\": \"https://tourmeddriver.com/public/storage/medical_images_card/EyiOJRNs6wUPi7sgQoMJVhGrrlJBri6NiemLHDDP.jpg\", \"organization_email\": \"klimashevskijvova@gmail.com\"}]', NULL, '2023-10-02 06:21:31', '2023-10-02 06:21:31', NULL),
(366, 'user@mail.ru', 'Bombaa', 'vasyaaa12', '+375448698855', '13', 'Медицинский центр', '28.10.2023', '1400', '14000', '1338', '0', '[{\"id\": 1338, \"date\": \"28.10.2023\", \"role\": \"Мед.центр\", \"user_id\": 13, \"products\": \"{\\\"date\\\": \\\"28.10.2023\\\", \\\"title\\\": \\\"Медицинский центр\\\", \\\"people\\\": 1, \\\"product\\\": null, \\\"totalPrice\\\": 1400, \\\"productList\\\": [{\\\"id\\\": 3, \\\"qty\\\": 1, \\\"price\\\": \\\"1400\\\", \\\"product\\\": \\\"Цифровая дерматоскопия\\\"}]}\", \"created_at\": \"2023-10-02 08:21:19\", \"updated_at\": \"2023-10-02 08:21:19\", \"total_price\": 1400, \"name_product\": \"Медицинский центр\", \"image_product\": \"https://tourmeddriver.com/public/storage/medical_images_card/EyiOJRNs6wUPi7sgQoMJVhGrrlJBri6NiemLHDDP.jpg\", \"organization_email\": \"klimashevskijvova@gmail.com\"}]', NULL, '2023-10-02 06:21:31', '2023-10-02 06:21:31', NULL),
(367, 'user@mail.ru', 'Bombaa', 'vasyaaa12', '+375448698855', '13', 'Медицинский центр', '28.10.2023', '1400', '14000', '1338', '0', '[{\"id\": 1338, \"date\": \"28.10.2023\", \"role\": \"Мед.центр\", \"user_id\": 13, \"products\": \"{\\\"date\\\": \\\"28.10.2023\\\", \\\"title\\\": \\\"Медицинский центр\\\", \\\"people\\\": 1, \\\"product\\\": null, \\\"totalPrice\\\": 1400, \\\"productList\\\": [{\\\"id\\\": 3, \\\"qty\\\": 1, \\\"price\\\": \\\"1400\\\", \\\"product\\\": \\\"Цифровая дерматоскопия\\\"}]}\", \"created_at\": \"2023-10-02 08:21:19\", \"updated_at\": \"2023-10-02 08:21:19\", \"total_price\": 1400, \"name_product\": \"Медицинский центр\", \"image_product\": \"https://tourmeddriver.com/public/storage/medical_images_card/EyiOJRNs6wUPi7sgQoMJVhGrrlJBri6NiemLHDDP.jpg\", \"organization_email\": \"klimashevskijvova@gmail.com\"}]', NULL, '2023-10-02 06:26:32', '2023-10-02 06:26:32', NULL),
(368, 'user@mail.ru', 'Bombaa', 'vasyaaa12', '+375448698855', '13', 'Медицинский центр', '28.10.2023', '1400', '14000', '1338', '0', '[{\"id\": 1338, \"date\": \"28.10.2023\", \"role\": \"Мед.центр\", \"user_id\": 13, \"products\": \"{\\\"date\\\": \\\"28.10.2023\\\", \\\"title\\\": \\\"Медицинский центр\\\", \\\"people\\\": 1, \\\"product\\\": null, \\\"totalPrice\\\": 1400, \\\"productList\\\": [{\\\"id\\\": 3, \\\"qty\\\": 1, \\\"price\\\": \\\"1400\\\", \\\"product\\\": \\\"Цифровая дерматоскопия\\\"}]}\", \"created_at\": \"2023-10-02 08:21:19\", \"updated_at\": \"2023-10-02 08:21:19\", \"total_price\": 1400, \"name_product\": \"Медицинский центр\", \"image_product\": \"https://tourmeddriver.com/public/storage/medical_images_card/EyiOJRNs6wUPi7sgQoMJVhGrrlJBri6NiemLHDDP.jpg\", \"organization_email\": \"klimashevskijvova@gmail.com\"}]', NULL, '2023-10-02 06:26:32', '2023-10-02 06:26:32', NULL),
(369, 'user@mail.ru', 'Bombaa', 'vasyaaa12', '+375448698855', '13', 'Медицинский центр', '28.10.2023', '1400', '14000', '1338', '0', '[{\"id\": 1338, \"date\": \"28.10.2023\", \"role\": \"Мед.центр\", \"user_id\": 13, \"products\": \"{\\\"date\\\": \\\"28.10.2023\\\", \\\"title\\\": \\\"Медицинский центр\\\", \\\"people\\\": 1, \\\"product\\\": null, \\\"totalPrice\\\": 1400, \\\"productList\\\": [{\\\"id\\\": 3, \\\"qty\\\": 1, \\\"price\\\": \\\"1400\\\", \\\"product\\\": \\\"Цифровая дерматоскопия\\\"}]}\", \"created_at\": \"2023-10-02 08:21:19\", \"updated_at\": \"2023-10-02 08:21:19\", \"total_price\": 1400, \"name_product\": \"Медицинский центр\", \"image_product\": \"https://tourmeddriver.com/public/storage/medical_images_card/EyiOJRNs6wUPi7sgQoMJVhGrrlJBri6NiemLHDDP.jpg\", \"organization_email\": \"klimashevskijvova@gmail.com\"}]', NULL, '2023-10-02 06:27:15', '2023-10-02 06:27:15', NULL),
(370, 'user@mail.ru', 'Bombaa', 'vasyaaa12', '+375448698855', '13', 'Медицинский центр', '28.10.2023', '1400', '14000', '1338', '0', '[{\"id\": 1338, \"date\": \"28.10.2023\", \"role\": \"Мед.центр\", \"user_id\": 13, \"products\": \"{\\\"date\\\": \\\"28.10.2023\\\", \\\"title\\\": \\\"Медицинский центр\\\", \\\"people\\\": 1, \\\"product\\\": null, \\\"totalPrice\\\": 1400, \\\"productList\\\": [{\\\"id\\\": 3, \\\"qty\\\": 1, \\\"price\\\": \\\"1400\\\", \\\"product\\\": \\\"Цифровая дерматоскопия\\\"}]}\", \"created_at\": \"2023-10-02 08:21:19\", \"updated_at\": \"2023-10-02 08:21:19\", \"total_price\": 1400, \"name_product\": \"Медицинский центр\", \"image_product\": \"https://tourmeddriver.com/public/storage/medical_images_card/EyiOJRNs6wUPi7sgQoMJVhGrrlJBri6NiemLHDDP.jpg\", \"organization_email\": \"klimashevskijvova@gmail.com\"}]', NULL, '2023-10-02 06:27:15', '2023-10-02 06:27:15', NULL),
(371, 'user@mail.ru', 'Bombaa', 'vasyaaa12', '+375448698855', '13', 'Медицинский центр', '28.10.2023', '1400', '14000', '1338', '0', '[{\"id\": 1338, \"date\": \"28.10.2023\", \"role\": \"Мед.центр\", \"user_id\": 13, \"products\": \"{\\\"date\\\": \\\"28.10.2023\\\", \\\"title\\\": \\\"Медицинский центр\\\", \\\"people\\\": 1, \\\"product\\\": null, \\\"totalPrice\\\": 1400, \\\"productList\\\": [{\\\"id\\\": 3, \\\"qty\\\": 1, \\\"price\\\": \\\"1400\\\", \\\"product\\\": \\\"Цифровая дерматоскопия\\\"}]}\", \"created_at\": \"2023-10-02 08:21:19\", \"updated_at\": \"2023-10-02 08:21:19\", \"total_price\": 1400, \"name_product\": \"Медицинский центр\", \"image_product\": \"https://tourmeddriver.com/public/storage/medical_images_card/EyiOJRNs6wUPi7sgQoMJVhGrrlJBri6NiemLHDDP.jpg\", \"organization_email\": \"klimashevskijvova@gmail.com\"}]', NULL, '2023-10-02 06:38:05', '2023-10-02 06:38:05', NULL),
(372, 'user@mail.ru', 'Bombaa', 'vasyaaa12', '+375448698855', '13', 'Медицинский центр', '28.10.2023', '1400', '14000', '1338', '0', '[{\"id\": 1338, \"date\": \"28.10.2023\", \"role\": \"Мед.центр\", \"user_id\": 13, \"products\": \"{\\\"date\\\": \\\"28.10.2023\\\", \\\"title\\\": \\\"Медицинский центр\\\", \\\"people\\\": 1, \\\"product\\\": null, \\\"totalPrice\\\": 1400, \\\"productList\\\": [{\\\"id\\\": 3, \\\"qty\\\": 1, \\\"price\\\": \\\"1400\\\", \\\"product\\\": \\\"Цифровая дерматоскопия\\\"}]}\", \"created_at\": \"2023-10-02 08:21:19\", \"updated_at\": \"2023-10-02 08:21:19\", \"total_price\": 1400, \"name_product\": \"Медицинский центр\", \"image_product\": \"https://tourmeddriver.com/public/storage/medical_images_card/EyiOJRNs6wUPi7sgQoMJVhGrrlJBri6NiemLHDDP.jpg\", \"organization_email\": \"klimashevskijvova@gmail.com\"}]', NULL, '2023-10-02 06:38:05', '2023-10-02 06:38:05', NULL),
(373, 'user@mail.ru', 'Bombaa', 'vasyaaa12', '+375448698855', '13', 'Медицинский центр', '28.10.2023', '1400', '14000', '1338', '0', '[{\"id\": 1338, \"date\": \"28.10.2023\", \"role\": \"Мед.центр\", \"user_id\": 13, \"products\": \"{\\\"date\\\": \\\"28.10.2023\\\", \\\"title\\\": \\\"Медицинский центр\\\", \\\"people\\\": 1, \\\"product\\\": null, \\\"totalPrice\\\": 1400, \\\"productList\\\": [{\\\"id\\\": 3, \\\"qty\\\": 1, \\\"price\\\": \\\"1400\\\", \\\"product\\\": \\\"Цифровая дерматоскопия\\\"}]}\", \"created_at\": \"2023-10-02 08:21:19\", \"updated_at\": \"2023-10-02 08:21:19\", \"total_price\": 1400, \"name_product\": \"Медицинский центр\", \"image_product\": \"https://tourmeddriver.com/public/storage/medical_images_card/EyiOJRNs6wUPi7sgQoMJVhGrrlJBri6NiemLHDDP.jpg\", \"organization_email\": \"klimashevskijvova@gmail.com\"}]', NULL, '2023-10-02 06:38:34', '2023-10-02 06:38:34', NULL),
(374, 'user@mail.ru', 'Bombaa', 'vasyaaa12', '+375448698855', '13', 'Медицинский центр', '28.10.2023', '1400', '14000', '1338', '0', '[{\"id\": 1338, \"date\": \"28.10.2023\", \"role\": \"Мед.центр\", \"user_id\": 13, \"products\": \"{\\\"date\\\": \\\"28.10.2023\\\", \\\"title\\\": \\\"Медицинский центр\\\", \\\"people\\\": 1, \\\"product\\\": null, \\\"totalPrice\\\": 1400, \\\"productList\\\": [{\\\"id\\\": 3, \\\"qty\\\": 1, \\\"price\\\": \\\"1400\\\", \\\"product\\\": \\\"Цифровая дерматоскопия\\\"}]}\", \"created_at\": \"2023-10-02 08:21:19\", \"updated_at\": \"2023-10-02 08:21:19\", \"total_price\": 1400, \"name_product\": \"Медицинский центр\", \"image_product\": \"https://tourmeddriver.com/public/storage/medical_images_card/EyiOJRNs6wUPi7sgQoMJVhGrrlJBri6NiemLHDDP.jpg\", \"organization_email\": \"klimashevskijvova@gmail.com\"}]', NULL, '2023-10-02 06:39:18', '2023-10-02 06:39:18', NULL),
(375, 'user@mail.ru', 'Bombaa', 'vasyaaa12', '+375448698855', '13', 'Медицинский центр', '28.10.2023', '1400', '14000', '1338', '0', '[{\"id\": 1338, \"date\": \"28.10.2023\", \"role\": \"Мед.центр\", \"user_id\": 13, \"products\": \"{\\\"date\\\": \\\"28.10.2023\\\", \\\"title\\\": \\\"Медицинский центр\\\", \\\"people\\\": 1, \\\"product\\\": null, \\\"totalPrice\\\": 1400, \\\"productList\\\": [{\\\"id\\\": 3, \\\"qty\\\": 1, \\\"price\\\": \\\"1400\\\", \\\"product\\\": \\\"Цифровая дерматоскопия\\\"}]}\", \"created_at\": \"2023-10-02 08:21:19\", \"updated_at\": \"2023-10-02 08:21:19\", \"total_price\": 1400, \"name_product\": \"Медицинский центр\", \"image_product\": \"https://tourmeddriver.com/public/storage/medical_images_card/EyiOJRNs6wUPi7sgQoMJVhGrrlJBri6NiemLHDDP.jpg\", \"organization_email\": \"klimashevskijvova@gmail.com\"}]', NULL, '2023-10-02 06:43:47', '2023-10-02 06:43:47', NULL),
(376, 'user@mail.ru', 'Bombaa', 'vasyaaa12', '+375448698855', '13', 'Медицинский центр', '28.10.2023', '1400', '14000', '1338', '0', '[{\"id\": 1338, \"date\": \"28.10.2023\", \"role\": \"Мед.центр\", \"user_id\": 13, \"products\": \"{\\\"date\\\": \\\"28.10.2023\\\", \\\"title\\\": \\\"Медицинский центр\\\", \\\"people\\\": 1, \\\"product\\\": null, \\\"totalPrice\\\": 1400, \\\"productList\\\": [{\\\"id\\\": 3, \\\"qty\\\": 1, \\\"price\\\": \\\"1400\\\", \\\"product\\\": \\\"Цифровая дерматоскопия\\\"}]}\", \"created_at\": \"2023-10-02 08:21:19\", \"updated_at\": \"2023-10-02 08:21:19\", \"total_price\": 1400, \"name_product\": \"Медицинский центр\", \"image_product\": \"https://tourmeddriver.com/public/storage/medical_images_card/EyiOJRNs6wUPi7sgQoMJVhGrrlJBri6NiemLHDDP.jpg\", \"organization_email\": \"klimashevskijvova@gmail.com\"}]', NULL, '2023-10-02 06:43:47', '2023-10-02 06:43:47', NULL),
(377, 'user@mail.ru', 'Bombaa', 'vasyaaa12', '+375448698855', '13', 'Медицинский центр', '28.10.2023', '1400', '14000', '1338', '0', '[{\"id\": 1338, \"date\": \"28.10.2023\", \"role\": \"Мед.центр\", \"user_id\": 13, \"products\": \"{\\\"date\\\": \\\"28.10.2023\\\", \\\"title\\\": \\\"Медицинский центр\\\", \\\"people\\\": 1, \\\"product\\\": null, \\\"totalPrice\\\": 1400, \\\"productList\\\": [{\\\"id\\\": 3, \\\"qty\\\": 1, \\\"price\\\": \\\"1400\\\", \\\"product\\\": \\\"Цифровая дерматоскопия\\\"}]}\", \"created_at\": \"2023-10-02 08:21:19\", \"updated_at\": \"2023-10-02 08:21:19\", \"total_price\": 1400, \"name_product\": \"Медицинский центр\", \"image_product\": \"https://tourmeddriver.com/public/storage/medical_images_card/EyiOJRNs6wUPi7sgQoMJVhGrrlJBri6NiemLHDDP.jpg\", \"organization_email\": \"klimashevskijvova@gmail.com\"}]', NULL, '2023-10-02 06:52:31', '2023-10-02 06:52:31', NULL),
(378, 'user@mail.ru', 'Bombaa', 'vasyaaa12', '+375448698855', '13', 'Медицинский центр', '28.10.2023', '1400', '14000', '1338', '0', '[{\"id\": 1338, \"date\": \"28.10.2023\", \"role\": \"Мед.центр\", \"user_id\": 13, \"products\": \"{\\\"date\\\": \\\"28.10.2023\\\", \\\"title\\\": \\\"Медицинский центр\\\", \\\"people\\\": 1, \\\"product\\\": null, \\\"totalPrice\\\": 1400, \\\"productList\\\": [{\\\"id\\\": 3, \\\"qty\\\": 1, \\\"price\\\": \\\"1400\\\", \\\"product\\\": \\\"Цифровая дерматоскопия\\\"}]}\", \"created_at\": \"2023-10-02 08:21:19\", \"updated_at\": \"2023-10-02 08:21:19\", \"total_price\": 1400, \"name_product\": \"Медицинский центр\", \"image_product\": \"https://tourmeddriver.com/public/storage/medical_images_card/EyiOJRNs6wUPi7sgQoMJVhGrrlJBri6NiemLHDDP.jpg\", \"organization_email\": \"klimashevskijvova@gmail.com\"}]', NULL, '2023-10-02 06:52:31', '2023-10-02 06:52:31', NULL),
(379, 'user@mail.ru', 'Bombaa', 'vasyaaa12', '+375448698855', '13', 'Медицинский центр', '28.10.2023', '1400', '14000', '1338', '0', '[{\"id\": 1338, \"date\": \"28.10.2023\", \"role\": \"Мед.центр\", \"user_id\": 13, \"products\": \"{\\\"date\\\": \\\"28.10.2023\\\", \\\"title\\\": \\\"Медицинский центр\\\", \\\"people\\\": 1, \\\"product\\\": null, \\\"totalPrice\\\": 1400, \\\"productList\\\": [{\\\"id\\\": 3, \\\"qty\\\": 1, \\\"price\\\": \\\"1400\\\", \\\"product\\\": \\\"Цифровая дерматоскопия\\\"}]}\", \"created_at\": \"2023-10-02 08:21:19\", \"updated_at\": \"2023-10-02 08:21:19\", \"total_price\": 1400, \"name_product\": \"Медицинский центр\", \"image_product\": \"https://tourmeddriver.com/public/storage/medical_images_card/EyiOJRNs6wUPi7sgQoMJVhGrrlJBri6NiemLHDDP.jpg\", \"organization_email\": \"klimashevskijvova@gmail.com\"}]', NULL, '2023-10-02 06:57:35', '2023-10-02 06:57:35', NULL),
(380, 'user@mail.ru', 'Bombaa', 'vasyaaa12', '+375448698855', '13', 'Медицинский центр', '28.10.2023', '1400', '14000', '1338', '0', '[{\"id\": 1338, \"date\": \"28.10.2023\", \"role\": \"Мед.центр\", \"user_id\": 13, \"products\": \"{\\\"date\\\": \\\"28.10.2023\\\", \\\"title\\\": \\\"Медицинский центр\\\", \\\"people\\\": 1, \\\"product\\\": null, \\\"totalPrice\\\": 1400, \\\"productList\\\": [{\\\"id\\\": 3, \\\"qty\\\": 1, \\\"price\\\": \\\"1400\\\", \\\"product\\\": \\\"Цифровая дерматоскопия\\\"}]}\", \"created_at\": \"2023-10-02 08:21:19\", \"updated_at\": \"2023-10-02 08:21:19\", \"total_price\": 1400, \"name_product\": \"Медицинский центр\", \"image_product\": \"https://tourmeddriver.com/public/storage/medical_images_card/EyiOJRNs6wUPi7sgQoMJVhGrrlJBri6NiemLHDDP.jpg\", \"organization_email\": \"klimashevskijvova@gmail.com\"}]', NULL, '2023-10-02 06:57:35', '2023-10-02 06:57:35', NULL),
(381, 'user@mail.ru', 'Bombaa', 'vasyaaa12', '+375448698855', '13', 'Медицинский центр', '28.10.2023', '1400', '14000', '1338', '0', '[{\"id\": 1338, \"date\": \"28.10.2023\", \"role\": \"Мед.центр\", \"user_id\": 13, \"products\": \"{\\\"date\\\": \\\"28.10.2023\\\", \\\"title\\\": \\\"Медицинский центр\\\", \\\"people\\\": 1, \\\"product\\\": null, \\\"totalPrice\\\": 1400, \\\"productList\\\": [{\\\"id\\\": 3, \\\"qty\\\": 1, \\\"price\\\": \\\"1400\\\", \\\"product\\\": \\\"Цифровая дерматоскопия\\\"}]}\", \"created_at\": \"2023-10-02 08:21:19\", \"updated_at\": \"2023-10-02 08:21:19\", \"total_price\": 1400, \"name_product\": \"Медицинский центр\", \"image_product\": \"https://tourmeddriver.com/public/storage/medical_images_card/EyiOJRNs6wUPi7sgQoMJVhGrrlJBri6NiemLHDDP.jpg\", \"organization_email\": \"klimashevskijvova@gmail.com\"}]', NULL, '2023-10-02 06:58:06', '2023-10-02 06:58:06', NULL),
(382, 'user@mail.ru', 'Bombaa', 'vasyaaa12', '+375448698855', '13', 'Медицинский центр', '28.10.2023', '1400', '14000', '1338', '0', '[{\"id\": 1338, \"date\": \"28.10.2023\", \"role\": \"Мед.центр\", \"user_id\": 13, \"products\": \"{\\\"date\\\": \\\"28.10.2023\\\", \\\"title\\\": \\\"Медицинский центр\\\", \\\"people\\\": 1, \\\"product\\\": null, \\\"totalPrice\\\": 1400, \\\"productList\\\": [{\\\"id\\\": 3, \\\"qty\\\": 1, \\\"price\\\": \\\"1400\\\", \\\"product\\\": \\\"Цифровая дерматоскопия\\\"}]}\", \"created_at\": \"2023-10-02 08:21:19\", \"updated_at\": \"2023-10-02 08:21:19\", \"total_price\": 1400, \"name_product\": \"Медицинский центр\", \"image_product\": \"https://tourmeddriver.com/public/storage/medical_images_card/EyiOJRNs6wUPi7sgQoMJVhGrrlJBri6NiemLHDDP.jpg\", \"organization_email\": \"klimashevskijvova@gmail.com\"}]', NULL, '2023-10-02 06:58:06', '2023-10-02 06:58:06', NULL),
(383, 'user@mail.ru', 'Bombaa', 'vasyaaa12', '+375448698855', '13', 'Медицинский центр', '28.10.2023', '1400', '14000', '1338', '0', '[{\"id\": 1338, \"date\": \"28.10.2023\", \"role\": \"Мед.центр\", \"user_id\": 13, \"products\": \"{\\\"date\\\": \\\"28.10.2023\\\", \\\"title\\\": \\\"Медицинский центр\\\", \\\"people\\\": 1, \\\"product\\\": null, \\\"totalPrice\\\": 1400, \\\"productList\\\": [{\\\"id\\\": 3, \\\"qty\\\": 1, \\\"price\\\": \\\"1400\\\", \\\"product\\\": \\\"Цифровая дерматоскопия\\\"}]}\", \"created_at\": \"2023-10-02 08:21:19\", \"updated_at\": \"2023-10-02 08:21:19\", \"total_price\": 1400, \"name_product\": \"Медицинский центр\", \"image_product\": \"https://tourmeddriver.com/public/storage/medical_images_card/EyiOJRNs6wUPi7sgQoMJVhGrrlJBri6NiemLHDDP.jpg\", \"organization_email\": \"klimashevskijvova@gmail.com\"}]', NULL, '2023-10-02 06:58:47', '2023-10-02 06:58:47', NULL),
(384, 'user@mail.ru', 'Bombaa', 'vasyaaa12', '+375448698855', '13', 'Медицинский центр', '28.10.2023', '1400', '14000', '1338', '0', '[{\"id\": 1338, \"date\": \"28.10.2023\", \"role\": \"Мед.центр\", \"user_id\": 13, \"products\": \"{\\\"date\\\": \\\"28.10.2023\\\", \\\"title\\\": \\\"Медицинский центр\\\", \\\"people\\\": 1, \\\"product\\\": null, \\\"totalPrice\\\": 1400, \\\"productList\\\": [{\\\"id\\\": 3, \\\"qty\\\": 1, \\\"price\\\": \\\"1400\\\", \\\"product\\\": \\\"Цифровая дерматоскопия\\\"}]}\", \"created_at\": \"2023-10-02 08:21:19\", \"updated_at\": \"2023-10-02 08:21:19\", \"total_price\": 1400, \"name_product\": \"Медицинский центр\", \"image_product\": \"https://tourmeddriver.com/public/storage/medical_images_card/EyiOJRNs6wUPi7sgQoMJVhGrrlJBri6NiemLHDDP.jpg\", \"organization_email\": \"klimashevskijvova@gmail.com\"}]', NULL, '2023-10-02 06:59:08', '2023-10-02 06:59:08', NULL),
(385, 'user@mail.ru', 'Bombaa', 'vasyaaa12', '+375448698855', '13', 'Медицинский центр', '28.10.2023', '1400', '14000', '1338', '0', '[{\"id\": 1338, \"date\": \"28.10.2023\", \"role\": \"Мед.центр\", \"user_id\": 13, \"products\": \"{\\\"date\\\": \\\"28.10.2023\\\", \\\"title\\\": \\\"Медицинский центр\\\", \\\"people\\\": 1, \\\"product\\\": null, \\\"totalPrice\\\": 1400, \\\"productList\\\": [{\\\"id\\\": 3, \\\"qty\\\": 1, \\\"price\\\": \\\"1400\\\", \\\"product\\\": \\\"Цифровая дерматоскопия\\\"}]}\", \"created_at\": \"2023-10-02 08:21:19\", \"updated_at\": \"2023-10-02 08:21:19\", \"total_price\": 1400, \"name_product\": \"Медицинский центр\", \"image_product\": \"https://tourmeddriver.com/public/storage/medical_images_card/EyiOJRNs6wUPi7sgQoMJVhGrrlJBri6NiemLHDDP.jpg\", \"organization_email\": \"klimashevskijvova@gmail.com\"}]', NULL, '2023-10-02 06:59:09', '2023-10-02 06:59:09', NULL),
(386, 'user@mail.ru', 'Bombaa', 'vasyaaa12', '+375448698855', '13', 'Медицинский центр', '28.10.2023', '1400', '14000', '1338', '0', '[{\"id\": 1338, \"date\": \"28.10.2023\", \"role\": \"Мед.центр\", \"user_id\": 13, \"products\": \"{\\\"date\\\": \\\"28.10.2023\\\", \\\"title\\\": \\\"Медицинский центр\\\", \\\"people\\\": 1, \\\"product\\\": null, \\\"totalPrice\\\": 1400, \\\"productList\\\": [{\\\"id\\\": 3, \\\"qty\\\": 1, \\\"price\\\": \\\"1400\\\", \\\"product\\\": \\\"Цифровая дерматоскопия\\\"}]}\", \"created_at\": \"2023-10-02 08:21:19\", \"updated_at\": \"2023-10-02 08:21:19\", \"total_price\": 1400, \"name_product\": \"Медицинский центр\", \"image_product\": \"https://tourmeddriver.com/public/storage/medical_images_card/EyiOJRNs6wUPi7sgQoMJVhGrrlJBri6NiemLHDDP.jpg\", \"organization_email\": \"klimashevskijvova@gmail.com\"}]', NULL, '2023-10-02 06:59:51', '2023-10-02 06:59:51', NULL),
(387, 'user@mail.ru', 'Bombaa', 'vasyaaa12', '+375448698855', '13', 'Медицинский центр', '28.10.2023', '1400', '14000', '1338', '0', '[{\"id\": 1338, \"date\": \"28.10.2023\", \"role\": \"Мед.центр\", \"user_id\": 13, \"products\": \"{\\\"date\\\": \\\"28.10.2023\\\", \\\"title\\\": \\\"Медицинский центр\\\", \\\"people\\\": 1, \\\"product\\\": null, \\\"totalPrice\\\": 1400, \\\"productList\\\": [{\\\"id\\\": 3, \\\"qty\\\": 1, \\\"price\\\": \\\"1400\\\", \\\"product\\\": \\\"Цифровая дерматоскопия\\\"}]}\", \"created_at\": \"2023-10-02 08:21:19\", \"updated_at\": \"2023-10-02 08:21:19\", \"total_price\": 1400, \"name_product\": \"Медицинский центр\", \"image_product\": \"https://tourmeddriver.com/public/storage/medical_images_card/EyiOJRNs6wUPi7sgQoMJVhGrrlJBri6NiemLHDDP.jpg\", \"organization_email\": \"klimashevskijvova@gmail.com\"}]', NULL, '2023-10-02 07:00:13', '2023-10-02 07:00:13', NULL),
(388, 'user@mail.ru', 'Bombaa', 'vasyaaa12', '+375448698855', '13', 'Медицинский центр', '28.10.2023', '1400', '14000', '1338', '0', '[{\"id\": 1338, \"date\": \"28.10.2023\", \"role\": \"Мед.центр\", \"user_id\": 13, \"products\": \"{\\\"date\\\": \\\"28.10.2023\\\", \\\"title\\\": \\\"Медицинский центр\\\", \\\"people\\\": 1, \\\"product\\\": null, \\\"totalPrice\\\": 1400, \\\"productList\\\": [{\\\"id\\\": 3, \\\"qty\\\": 1, \\\"price\\\": \\\"1400\\\", \\\"product\\\": \\\"Цифровая дерматоскопия\\\"}]}\", \"created_at\": \"2023-10-02 08:21:19\", \"updated_at\": \"2023-10-02 08:21:19\", \"total_price\": 1400, \"name_product\": \"Медицинский центр\", \"image_product\": \"https://tourmeddriver.com/public/storage/medical_images_card/EyiOJRNs6wUPi7sgQoMJVhGrrlJBri6NiemLHDDP.jpg\", \"organization_email\": \"klimashevskijvova@gmail.com\"}]', NULL, '2023-10-02 07:00:13', '2023-10-02 07:00:13', NULL),
(389, 'user@mail.ru', 'Bombaa', 'vasyaaa12', '+375448698855', '13', 'Медицинский центр', '28.10.2023', '1400', '14000', '1338', '0', '[{\"id\": 1338, \"date\": \"28.10.2023\", \"role\": \"Мед.центр\", \"user_id\": 13, \"products\": \"{\\\"date\\\": \\\"28.10.2023\\\", \\\"title\\\": \\\"Медицинский центр\\\", \\\"people\\\": 1, \\\"product\\\": null, \\\"totalPrice\\\": 1400, \\\"productList\\\": [{\\\"id\\\": 3, \\\"qty\\\": 1, \\\"price\\\": \\\"1400\\\", \\\"product\\\": \\\"Цифровая дерматоскопия\\\"}]}\", \"created_at\": \"2023-10-02 08:21:19\", \"updated_at\": \"2023-10-02 08:21:19\", \"total_price\": 1400, \"name_product\": \"Медицинский центр\", \"image_product\": \"https://tourmeddriver.com/public/storage/medical_images_card/EyiOJRNs6wUPi7sgQoMJVhGrrlJBri6NiemLHDDP.jpg\", \"organization_email\": \"klimashevskijvova@gmail.com\"}]', NULL, '2023-10-02 07:00:37', '2023-10-02 07:00:37', NULL),
(390, 'user@mail.ru', 'Bombaa', 'vasyaaa12', '+375448698855', '13', 'Медицинский центр', '28.10.2023', '1400', '14000', '1338', '0', '[{\"id\": 1338, \"date\": \"28.10.2023\", \"role\": \"Мед.центр\", \"user_id\": 13, \"products\": \"{\\\"date\\\": \\\"28.10.2023\\\", \\\"title\\\": \\\"Медицинский центр\\\", \\\"people\\\": 1, \\\"product\\\": null, \\\"totalPrice\\\": 1400, \\\"productList\\\": [{\\\"id\\\": 3, \\\"qty\\\": 1, \\\"price\\\": \\\"1400\\\", \\\"product\\\": \\\"Цифровая дерматоскопия\\\"}]}\", \"created_at\": \"2023-10-02 08:21:19\", \"updated_at\": \"2023-10-02 08:21:19\", \"total_price\": 1400, \"name_product\": \"Медицинский центр\", \"image_product\": \"https://tourmeddriver.com/public/storage/medical_images_card/EyiOJRNs6wUPi7sgQoMJVhGrrlJBri6NiemLHDDP.jpg\", \"organization_email\": \"klimashevskijvova@gmail.com\"}]', NULL, '2023-10-02 07:00:51', '2023-10-02 07:00:51', NULL),
(391, 'user@mail.ru', 'Bombaa', 'vasyaaa12', '+375448698855', '13', 'Медицинский центр', '28.10.2023', '1400', '14000', '1338', '0', '[{\"id\": 1338, \"date\": \"28.10.2023\", \"role\": \"Мед.центр\", \"user_id\": 13, \"products\": \"{\\\"date\\\": \\\"28.10.2023\\\", \\\"title\\\": \\\"Медицинский центр\\\", \\\"people\\\": 1, \\\"product\\\": null, \\\"totalPrice\\\": 1400, \\\"productList\\\": [{\\\"id\\\": 3, \\\"qty\\\": 1, \\\"price\\\": \\\"1400\\\", \\\"product\\\": \\\"Цифровая дерматоскопия\\\"}]}\", \"created_at\": \"2023-10-02 08:21:19\", \"updated_at\": \"2023-10-02 08:21:19\", \"total_price\": 1400, \"name_product\": \"Медицинский центр\", \"image_product\": \"https://tourmeddriver.com/public/storage/medical_images_card/EyiOJRNs6wUPi7sgQoMJVhGrrlJBri6NiemLHDDP.jpg\", \"organization_email\": \"klimashevskijvova@gmail.com\"}]', NULL, '2023-10-02 07:00:51', '2023-10-02 07:00:51', NULL),
(392, 'user@mail.ru', 'Bombaa', 'vasyaaa12', '+375448698855', '13', 'Медицинский центр', '28.10.2023', '1400', '14000', '1338', '0', '[{\"id\": 1338, \"date\": \"28.10.2023\", \"role\": \"Мед.центр\", \"user_id\": 13, \"products\": \"{\\\"date\\\": \\\"28.10.2023\\\", \\\"title\\\": \\\"Медицинский центр\\\", \\\"people\\\": 1, \\\"product\\\": null, \\\"totalPrice\\\": 1400, \\\"productList\\\": [{\\\"id\\\": 3, \\\"qty\\\": 1, \\\"price\\\": \\\"1400\\\", \\\"product\\\": \\\"Цифровая дерматоскопия\\\"}]}\", \"created_at\": \"2023-10-02 08:21:19\", \"updated_at\": \"2023-10-02 08:21:19\", \"total_price\": 1400, \"name_product\": \"Медицинский центр\", \"image_product\": \"https://tourmeddriver.com/public/storage/medical_images_card/EyiOJRNs6wUPi7sgQoMJVhGrrlJBri6NiemLHDDP.jpg\", \"organization_email\": \"klimashevskijvova@gmail.com\"}]', NULL, '2023-10-02 07:02:59', '2023-10-02 07:02:59', NULL),
(393, 'user@mail.ru', 'Bombaa', 'vasyaaa12', '+375448698855', '13', 'Медицинский центр', '28.10.2023', '1400', '14000', '1338', '0', '[{\"id\": 1338, \"date\": \"28.10.2023\", \"role\": \"Мед.центр\", \"user_id\": 13, \"products\": \"{\\\"date\\\": \\\"28.10.2023\\\", \\\"title\\\": \\\"Медицинский центр\\\", \\\"people\\\": 1, \\\"product\\\": null, \\\"totalPrice\\\": 1400, \\\"productList\\\": [{\\\"id\\\": 3, \\\"qty\\\": 1, \\\"price\\\": \\\"1400\\\", \\\"product\\\": \\\"Цифровая дерматоскопия\\\"}]}\", \"created_at\": \"2023-10-02 08:21:19\", \"updated_at\": \"2023-10-02 08:21:19\", \"total_price\": 1400, \"name_product\": \"Медицинский центр\", \"image_product\": \"https://tourmeddriver.com/public/storage/medical_images_card/EyiOJRNs6wUPi7sgQoMJVhGrrlJBri6NiemLHDDP.jpg\", \"organization_email\": \"klimashevskijvova@gmail.com\"}]', NULL, '2023-10-02 07:03:00', '2023-10-02 07:03:00', NULL),
(394, 'user@mail.ru', 'Bombaa', 'vasyaaa12', '+375448698855', '13', 'Медицинский центр', '28.10.2023', '1400', '14000', '1338', '0', '[{\"id\": 1338, \"date\": \"28.10.2023\", \"role\": \"Мед.центр\", \"user_id\": 13, \"products\": \"{\\\"date\\\": \\\"28.10.2023\\\", \\\"title\\\": \\\"Медицинский центр\\\", \\\"people\\\": 1, \\\"product\\\": null, \\\"totalPrice\\\": 1400, \\\"productList\\\": [{\\\"id\\\": 3, \\\"qty\\\": 1, \\\"price\\\": \\\"1400\\\", \\\"product\\\": \\\"Цифровая дерматоскопия\\\"}]}\", \"created_at\": \"2023-10-02 08:21:19\", \"updated_at\": \"2023-10-02 08:21:19\", \"total_price\": 1400, \"name_product\": \"Медицинский центр\", \"image_product\": \"https://tourmeddriver.com/public/storage/medical_images_card/EyiOJRNs6wUPi7sgQoMJVhGrrlJBri6NiemLHDDP.jpg\", \"organization_email\": \"klimashevskijvova@gmail.com\"}]', NULL, '2023-10-02 07:06:20', '2023-10-02 07:06:20', NULL),
(395, 'user@mail.ru', 'Bombaa', 'vasyaaa12', '+375448698855', '13', 'Медицинский центр', '28.10.2023', '1400', '14000', '1338', '0', '[{\"id\": 1338, \"date\": \"28.10.2023\", \"role\": \"Мед.центр\", \"user_id\": 13, \"products\": \"{\\\"date\\\": \\\"28.10.2023\\\", \\\"title\\\": \\\"Медицинский центр\\\", \\\"people\\\": 1, \\\"product\\\": null, \\\"totalPrice\\\": 1400, \\\"productList\\\": [{\\\"id\\\": 3, \\\"qty\\\": 1, \\\"price\\\": \\\"1400\\\", \\\"product\\\": \\\"Цифровая дерматоскопия\\\"}]}\", \"created_at\": \"2023-10-02 08:21:19\", \"updated_at\": \"2023-10-02 08:21:19\", \"total_price\": 1400, \"name_product\": \"Медицинский центр\", \"image_product\": \"https://tourmeddriver.com/public/storage/medical_images_card/EyiOJRNs6wUPi7sgQoMJVhGrrlJBri6NiemLHDDP.jpg\", \"organization_email\": \"klimashevskijvova@gmail.com\"}]', NULL, '2023-10-02 07:06:20', '2023-10-02 07:06:20', NULL),
(396, 'user@mail.ru', 'Bombaa', 'vasyaaa12', '+375448698855', '13', 'Медицинский центр', '28.10.2023', '1400', '14000', '1338', '0', '[{\"id\": 1338, \"date\": \"28.10.2023\", \"role\": \"Мед.центр\", \"user_id\": 13, \"products\": \"{\\\"date\\\": \\\"28.10.2023\\\", \\\"title\\\": \\\"Медицинский центр\\\", \\\"people\\\": 1, \\\"product\\\": null, \\\"totalPrice\\\": 1400, \\\"productList\\\": [{\\\"id\\\": 3, \\\"qty\\\": 1, \\\"price\\\": \\\"1400\\\", \\\"product\\\": \\\"Цифровая дерматоскопия\\\"}]}\", \"created_at\": \"2023-10-02 08:21:19\", \"updated_at\": \"2023-10-02 08:21:19\", \"total_price\": 1400, \"name_product\": \"Медицинский центр\", \"image_product\": \"https://tourmeddriver.com/public/storage/medical_images_card/EyiOJRNs6wUPi7sgQoMJVhGrrlJBri6NiemLHDDP.jpg\", \"organization_email\": \"klimashevskijvova@gmail.com\"}]', NULL, '2023-10-02 07:17:08', '2023-10-02 07:17:08', NULL),
(397, 'user@mail.ru', 'Bombaa', 'vasyaaa12', '+375448698855', '13', 'Медицинский центр', '28.10.2023', '1400', '14000', '1338', '0', '[{\"id\": 1338, \"date\": \"28.10.2023\", \"role\": \"Мед.центр\", \"user_id\": 13, \"products\": \"{\\\"date\\\": \\\"28.10.2023\\\", \\\"title\\\": \\\"Медицинский центр\\\", \\\"people\\\": 1, \\\"product\\\": null, \\\"totalPrice\\\": 1400, \\\"productList\\\": [{\\\"id\\\": 3, \\\"qty\\\": 1, \\\"price\\\": \\\"1400\\\", \\\"product\\\": \\\"Цифровая дерматоскопия\\\"}]}\", \"created_at\": \"2023-10-02 08:21:19\", \"updated_at\": \"2023-10-02 08:21:19\", \"total_price\": 1400, \"name_product\": \"Медицинский центр\", \"image_product\": \"https://tourmeddriver.com/public/storage/medical_images_card/EyiOJRNs6wUPi7sgQoMJVhGrrlJBri6NiemLHDDP.jpg\", \"organization_email\": \"klimashevskijvova@gmail.com\"}]', NULL, '2023-10-02 07:17:08', '2023-10-02 07:17:08', NULL),
(398, 'user@mail.ru', 'Bombaa', 'vasyaaa12', '+375448698855', '13', 'Медицинский центр', '28.10.2023', '1400', '14000', '1338', '0', '[{\"id\": 1338, \"date\": \"28.10.2023\", \"role\": \"Мед.центр\", \"user_id\": 13, \"products\": \"{\\\"date\\\": \\\"28.10.2023\\\", \\\"title\\\": \\\"Медицинский центр\\\", \\\"people\\\": 1, \\\"product\\\": null, \\\"totalPrice\\\": 1400, \\\"productList\\\": [{\\\"id\\\": 3, \\\"qty\\\": 1, \\\"price\\\": \\\"1400\\\", \\\"product\\\": \\\"Цифровая дерматоскопия\\\"}]}\", \"created_at\": \"2023-10-02 08:21:19\", \"updated_at\": \"2023-10-02 08:21:19\", \"total_price\": 1400, \"name_product\": \"Медицинский центр\", \"image_product\": \"https://tourmeddriver.com/public/storage/medical_images_card/EyiOJRNs6wUPi7sgQoMJVhGrrlJBri6NiemLHDDP.jpg\", \"organization_email\": \"klimashevskijvova@gmail.com\"}]', NULL, '2023-10-02 07:17:30', '2023-10-02 07:17:30', NULL),
(399, 'user@mail.ru', 'Bombaa', 'vasyaaa12', '+375448698855', '13', 'Медицинский центр', '28.10.2023', '1400', '14000', '1338', '0', '[{\"id\": 1338, \"date\": \"28.10.2023\", \"role\": \"Мед.центр\", \"user_id\": 13, \"products\": \"{\\\"date\\\": \\\"28.10.2023\\\", \\\"title\\\": \\\"Медицинский центр\\\", \\\"people\\\": 1, \\\"product\\\": null, \\\"totalPrice\\\": 1400, \\\"productList\\\": [{\\\"id\\\": 3, \\\"qty\\\": 1, \\\"price\\\": \\\"1400\\\", \\\"product\\\": \\\"Цифровая дерматоскопия\\\"}]}\", \"created_at\": \"2023-10-02 08:21:19\", \"updated_at\": \"2023-10-02 08:21:19\", \"total_price\": 1400, \"name_product\": \"Медицинский центр\", \"image_product\": \"https://tourmeddriver.com/public/storage/medical_images_card/EyiOJRNs6wUPi7sgQoMJVhGrrlJBri6NiemLHDDP.jpg\", \"organization_email\": \"klimashevskijvova@gmail.com\"}]', NULL, '2023-10-02 07:17:31', '2023-10-02 07:17:31', NULL),
(400, 'user@mail.ru', 'Bombaa', 'vasyaaa12', '+375448698855', '13', 'Медицинский центр', '28.10.2023', '1400', '14000', '1338', '0', '[{\"id\": 1338, \"date\": \"28.10.2023\", \"role\": \"Мед.центр\", \"user_id\": 13, \"products\": \"{\\\"date\\\": \\\"28.10.2023\\\", \\\"title\\\": \\\"Медицинский центр\\\", \\\"people\\\": 1, \\\"product\\\": null, \\\"totalPrice\\\": 1400, \\\"productList\\\": [{\\\"id\\\": 3, \\\"qty\\\": 1, \\\"price\\\": \\\"1400\\\", \\\"product\\\": \\\"Цифровая дерматоскопия\\\"}]}\", \"created_at\": \"2023-10-02 08:21:19\", \"updated_at\": \"2023-10-02 08:21:19\", \"total_price\": 1400, \"name_product\": \"Медицинский центр\", \"image_product\": \"https://tourmeddriver.com/public/storage/medical_images_card/EyiOJRNs6wUPi7sgQoMJVhGrrlJBri6NiemLHDDP.jpg\", \"organization_email\": \"klimashevskijvova@gmail.com\"}]', NULL, '2023-10-02 07:17:41', '2023-10-02 07:17:41', NULL),
(401, 'user@mail.ru', 'Bombaa', 'vasyaaa12', '+375448698855', '13', 'Медицинский центр', '28.10.2023', '1400', '14000', '1338', '0', '[{\"id\": 1338, \"date\": \"28.10.2023\", \"role\": \"Мед.центр\", \"user_id\": 13, \"products\": \"{\\\"date\\\": \\\"28.10.2023\\\", \\\"title\\\": \\\"Медицинский центр\\\", \\\"people\\\": 1, \\\"product\\\": null, \\\"totalPrice\\\": 1400, \\\"productList\\\": [{\\\"id\\\": 3, \\\"qty\\\": 1, \\\"price\\\": \\\"1400\\\", \\\"product\\\": \\\"Цифровая дерматоскопия\\\"}]}\", \"created_at\": \"2023-10-02 08:21:19\", \"updated_at\": \"2023-10-02 08:21:19\", \"total_price\": 1400, \"name_product\": \"Медицинский центр\", \"image_product\": \"https://tourmeddriver.com/public/storage/medical_images_card/EyiOJRNs6wUPi7sgQoMJVhGrrlJBri6NiemLHDDP.jpg\", \"organization_email\": \"klimashevskijvova@gmail.com\"}]', NULL, '2023-10-02 07:17:56', '2023-10-02 07:17:56', NULL),
(402, 'user@mail.ru', 'Bombaa', 'vasyaaa12', '+375448698855', '13', 'Медицинский центр', '28.10.2023', '1400', '14000', '1338', '0', '[{\"id\": 1338, \"date\": \"28.10.2023\", \"role\": \"Мед.центр\", \"user_id\": 13, \"products\": \"{\\\"date\\\": \\\"28.10.2023\\\", \\\"title\\\": \\\"Медицинский центр\\\", \\\"people\\\": 1, \\\"product\\\": null, \\\"totalPrice\\\": 1400, \\\"productList\\\": [{\\\"id\\\": 3, \\\"qty\\\": 1, \\\"price\\\": \\\"1400\\\", \\\"product\\\": \\\"Цифровая дерматоскопия\\\"}]}\", \"created_at\": \"2023-10-02 08:21:19\", \"updated_at\": \"2023-10-02 08:21:19\", \"total_price\": 1400, \"name_product\": \"Медицинский центр\", \"image_product\": \"https://tourmeddriver.com/public/storage/medical_images_card/EyiOJRNs6wUPi7sgQoMJVhGrrlJBri6NiemLHDDP.jpg\", \"organization_email\": \"klimashevskijvova@gmail.com\"}]', NULL, '2023-10-02 07:17:57', '2023-10-02 07:17:57', NULL),
(403, 'user@mail.ru', 'Bombaa', 'vasyaaa12', '+375448698855', '13', 'Медицинский центр', '28.10.2023', '1400', '14000', '1338', '0', '[{\"id\": 1338, \"date\": \"28.10.2023\", \"role\": \"Мед.центр\", \"user_id\": 13, \"products\": \"{\\\"date\\\": \\\"28.10.2023\\\", \\\"title\\\": \\\"Медицинский центр\\\", \\\"people\\\": 1, \\\"product\\\": null, \\\"totalPrice\\\": 1400, \\\"productList\\\": [{\\\"id\\\": 3, \\\"qty\\\": 1, \\\"price\\\": \\\"1400\\\", \\\"product\\\": \\\"Цифровая дерматоскопия\\\"}]}\", \"created_at\": \"2023-10-02 08:21:19\", \"updated_at\": \"2023-10-02 08:21:19\", \"total_price\": 1400, \"name_product\": \"Медицинский центр\", \"image_product\": \"https://tourmeddriver.com/public/storage/medical_images_card/EyiOJRNs6wUPi7sgQoMJVhGrrlJBri6NiemLHDDP.jpg\", \"organization_email\": \"klimashevskijvova@gmail.com\"}]', NULL, '2023-10-02 07:19:57', '2023-10-02 07:19:57', NULL);
INSERT INTO `payments` (`id`, `email`, `name`, `surname`, `phone`, `user_id`, `name_product`, `date_product`, `total_price_product`, `amount`, `orderId`, `status`, `products`, `promocode`, `created_at`, `updated_at`, `email_status`) VALUES
(404, 'user@mail.ru', 'Bombaa', 'vasyaaa12', '+375448698855', '13', 'Медицинский центр', '28.10.2023', '1400', '14000', '1338', '0', '[{\"id\": 1338, \"date\": \"28.10.2023\", \"role\": \"Мед.центр\", \"user_id\": 13, \"products\": \"{\\\"date\\\": \\\"28.10.2023\\\", \\\"title\\\": \\\"Медицинский центр\\\", \\\"people\\\": 1, \\\"product\\\": null, \\\"totalPrice\\\": 1400, \\\"productList\\\": [{\\\"id\\\": 3, \\\"qty\\\": 1, \\\"price\\\": \\\"1400\\\", \\\"product\\\": \\\"Цифровая дерматоскопия\\\"}]}\", \"created_at\": \"2023-10-02 08:21:19\", \"updated_at\": \"2023-10-02 08:21:19\", \"total_price\": 1400, \"name_product\": \"Медицинский центр\", \"image_product\": \"https://tourmeddriver.com/public/storage/medical_images_card/EyiOJRNs6wUPi7sgQoMJVhGrrlJBri6NiemLHDDP.jpg\", \"organization_email\": \"klimashevskijvova@gmail.com\"}]', NULL, '2023-10-02 07:29:41', '2023-10-02 07:29:41', NULL),
(405, 'user@mail.ru', 'Bombaa', 'vasyaaa12', '+375448698855', '13', 'Медицинский центр', '28.10.2023', '1400', '14000', '1338', '0', '[{\"id\": 1338, \"date\": \"28.10.2023\", \"role\": \"Мед.центр\", \"user_id\": 13, \"products\": \"{\\\"date\\\": \\\"28.10.2023\\\", \\\"title\\\": \\\"Медицинский центр\\\", \\\"people\\\": 1, \\\"product\\\": null, \\\"totalPrice\\\": 1400, \\\"productList\\\": [{\\\"id\\\": 3, \\\"qty\\\": 1, \\\"price\\\": \\\"1400\\\", \\\"product\\\": \\\"Цифровая дерматоскопия\\\"}]}\", \"created_at\": \"2023-10-02 08:21:19\", \"updated_at\": \"2023-10-02 08:21:19\", \"total_price\": 1400, \"name_product\": \"Медицинский центр\", \"image_product\": \"https://tourmeddriver.com/public/storage/medical_images_card/EyiOJRNs6wUPi7sgQoMJVhGrrlJBri6NiemLHDDP.jpg\", \"organization_email\": \"klimashevskijvova@gmail.com\"}]', NULL, '2023-10-02 07:29:41', '2023-10-02 07:29:41', NULL),
(406, 'user@mail.ru', 'Bombaa', 'vasyaaa12', '+375448698855', '13', 'Медицинский центр', '28.10.2023', '1400', '14000', '1338', '0', '[{\"id\": 1338, \"date\": \"28.10.2023\", \"role\": \"Мед.центр\", \"user_id\": 13, \"products\": \"{\\\"date\\\": \\\"28.10.2023\\\", \\\"title\\\": \\\"Медицинский центр\\\", \\\"people\\\": 1, \\\"product\\\": null, \\\"totalPrice\\\": 1400, \\\"productList\\\": [{\\\"id\\\": 3, \\\"qty\\\": 1, \\\"price\\\": \\\"1400\\\", \\\"product\\\": \\\"Цифровая дерматоскопия\\\"}]}\", \"created_at\": \"2023-10-02 08:21:19\", \"updated_at\": \"2023-10-02 08:21:19\", \"total_price\": 1400, \"name_product\": \"Медицинский центр\", \"image_product\": \"https://tourmeddriver.com/public/storage/medical_images_card/EyiOJRNs6wUPi7sgQoMJVhGrrlJBri6NiemLHDDP.jpg\", \"organization_email\": \"klimashevskijvova@gmail.com\"}]', NULL, '2023-10-02 07:30:04', '2023-10-02 07:30:04', NULL),
(407, 'user@mail.ru', 'Bombaa', 'vasyaaa12', '+375448698855', '13', 'Медицинский центр', '28.10.2023', '1400', '14000', '1338', '0', '[{\"id\": 1338, \"date\": \"28.10.2023\", \"role\": \"Мед.центр\", \"user_id\": 13, \"products\": \"{\\\"date\\\": \\\"28.10.2023\\\", \\\"title\\\": \\\"Медицинский центр\\\", \\\"people\\\": 1, \\\"product\\\": null, \\\"totalPrice\\\": 1400, \\\"productList\\\": [{\\\"id\\\": 3, \\\"qty\\\": 1, \\\"price\\\": \\\"1400\\\", \\\"product\\\": \\\"Цифровая дерматоскопия\\\"}]}\", \"created_at\": \"2023-10-02 08:21:19\", \"updated_at\": \"2023-10-02 08:21:19\", \"total_price\": 1400, \"name_product\": \"Медицинский центр\", \"image_product\": \"https://tourmeddriver.com/public/storage/medical_images_card/EyiOJRNs6wUPi7sgQoMJVhGrrlJBri6NiemLHDDP.jpg\", \"organization_email\": \"klimashevskijvova@gmail.com\"}]', NULL, '2023-10-02 07:35:44', '2023-10-02 07:35:44', NULL),
(408, 'user@mail.ru', 'Bombaa', 'vasyaaa12', '+375448698855', '13', 'Медицинский центр', '28.10.2023', '1400', '14000', '1338', '0', '[{\"id\": 1338, \"date\": \"28.10.2023\", \"role\": \"Мед.центр\", \"user_id\": 13, \"products\": \"{\\\"date\\\": \\\"28.10.2023\\\", \\\"title\\\": \\\"Медицинский центр\\\", \\\"people\\\": 1, \\\"product\\\": null, \\\"totalPrice\\\": 1400, \\\"productList\\\": [{\\\"id\\\": 3, \\\"qty\\\": 1, \\\"price\\\": \\\"1400\\\", \\\"product\\\": \\\"Цифровая дерматоскопия\\\"}]}\", \"created_at\": \"2023-10-02 08:21:19\", \"updated_at\": \"2023-10-02 08:21:19\", \"total_price\": 1400, \"name_product\": \"Медицинский центр\", \"image_product\": \"https://tourmeddriver.com/public/storage/medical_images_card/EyiOJRNs6wUPi7sgQoMJVhGrrlJBri6NiemLHDDP.jpg\", \"organization_email\": \"klimashevskijvova@gmail.com\"}]', NULL, '2023-10-02 07:35:45', '2023-10-02 07:35:45', NULL),
(409, 'user@mail.ru', 'Bombaa', 'vasyaaa12', '+375448698855', '13', 'Медицинский центр', '28.10.2023', '1400', '14000', '1338', '0', '[{\"id\": 1338, \"date\": \"28.10.2023\", \"role\": \"Мед.центр\", \"user_id\": 13, \"products\": \"{\\\"date\\\": \\\"28.10.2023\\\", \\\"title\\\": \\\"Медицинский центр\\\", \\\"people\\\": 1, \\\"product\\\": null, \\\"totalPrice\\\": 1400, \\\"productList\\\": [{\\\"id\\\": 3, \\\"qty\\\": 1, \\\"price\\\": \\\"1400\\\", \\\"product\\\": \\\"Цифровая дерматоскопия\\\"}]}\", \"created_at\": \"2023-10-02 08:21:19\", \"updated_at\": \"2023-10-02 08:21:19\", \"total_price\": 1400, \"name_product\": \"Медицинский центр\", \"image_product\": \"https://tourmeddriver.com/public/storage/medical_images_card/EyiOJRNs6wUPi7sgQoMJVhGrrlJBri6NiemLHDDP.jpg\", \"organization_email\": \"klimashevskijvova@gmail.com\"}]', NULL, '2023-10-02 07:36:58', '2023-10-02 07:36:58', NULL),
(410, 'user@mail.ru', 'Bombaa', 'vasyaaa12', '+375448698855', '13', 'Медицинский центр', '28.10.2023', '1400', '14000', '1338', '0', '[{\"id\": 1338, \"date\": \"28.10.2023\", \"role\": \"Мед.центр\", \"user_id\": 13, \"products\": \"{\\\"date\\\": \\\"28.10.2023\\\", \\\"title\\\": \\\"Медицинский центр\\\", \\\"people\\\": 1, \\\"product\\\": null, \\\"totalPrice\\\": 1400, \\\"productList\\\": [{\\\"id\\\": 3, \\\"qty\\\": 1, \\\"price\\\": \\\"1400\\\", \\\"product\\\": \\\"Цифровая дерматоскопия\\\"}]}\", \"created_at\": \"2023-10-02 08:21:19\", \"updated_at\": \"2023-10-02 08:21:19\", \"total_price\": 1400, \"name_product\": \"Медицинский центр\", \"image_product\": \"https://tourmeddriver.com/public/storage/medical_images_card/EyiOJRNs6wUPi7sgQoMJVhGrrlJBri6NiemLHDDP.jpg\", \"organization_email\": \"klimashevskijvova@gmail.com\"}]', NULL, '2023-10-02 07:36:58', '2023-10-02 07:36:58', NULL),
(411, 'user@mail.ru', 'Bombaa', 'vasyaaa12', '+375448698855', '13', 'Медицинский центр', '28.10.2023', '1400', '14000', '1338', '0', '[{\"id\": 1338, \"date\": \"28.10.2023\", \"role\": \"Мед.центр\", \"user_id\": 13, \"products\": \"{\\\"date\\\": \\\"28.10.2023\\\", \\\"title\\\": \\\"Медицинский центр\\\", \\\"people\\\": 1, \\\"product\\\": null, \\\"totalPrice\\\": 1400, \\\"productList\\\": [{\\\"id\\\": 3, \\\"qty\\\": 1, \\\"price\\\": \\\"1400\\\", \\\"product\\\": \\\"Цифровая дерматоскопия\\\"}]}\", \"created_at\": \"2023-10-02 08:21:19\", \"updated_at\": \"2023-10-02 08:21:19\", \"total_price\": 1400, \"name_product\": \"Медицинский центр\", \"image_product\": \"https://tourmeddriver.com/public/storage/medical_images_card/EyiOJRNs6wUPi7sgQoMJVhGrrlJBri6NiemLHDDP.jpg\", \"organization_email\": \"klimashevskijvova@gmail.com\"}]', NULL, '2023-10-02 07:39:22', '2023-10-02 07:39:22', NULL),
(412, 'user@mail.ru', 'Bombaa', 'vasyaaa12', '+375448698855', '13', 'Медицинский центр', '28.10.2023', '1400', '14000', '1338', '0', '[{\"id\": 1338, \"date\": \"28.10.2023\", \"role\": \"Мед.центр\", \"user_id\": 13, \"products\": \"{\\\"date\\\": \\\"28.10.2023\\\", \\\"title\\\": \\\"Медицинский центр\\\", \\\"people\\\": 1, \\\"product\\\": null, \\\"totalPrice\\\": 1400, \\\"productList\\\": [{\\\"id\\\": 3, \\\"qty\\\": 1, \\\"price\\\": \\\"1400\\\", \\\"product\\\": \\\"Цифровая дерматоскопия\\\"}]}\", \"created_at\": \"2023-10-02 08:21:19\", \"updated_at\": \"2023-10-02 08:21:19\", \"total_price\": 1400, \"name_product\": \"Медицинский центр\", \"image_product\": \"https://tourmeddriver.com/public/storage/medical_images_card/EyiOJRNs6wUPi7sgQoMJVhGrrlJBri6NiemLHDDP.jpg\", \"organization_email\": \"klimashevskijvova@gmail.com\"}]', NULL, '2023-10-02 07:39:22', '2023-10-02 07:39:22', NULL),
(413, 'user@mail.ru', 'Bombaa', 'vasyaaa12', '+375448698855', '13', 'Медицинский центр', '28.10.2023', '1400', '14000', '1338', '0', '[{\"id\": 1338, \"date\": \"28.10.2023\", \"role\": \"Мед.центр\", \"user_id\": 13, \"products\": \"{\\\"date\\\": \\\"28.10.2023\\\", \\\"title\\\": \\\"Медицинский центр\\\", \\\"people\\\": 1, \\\"product\\\": null, \\\"totalPrice\\\": 1400, \\\"productList\\\": [{\\\"id\\\": 3, \\\"qty\\\": 1, \\\"price\\\": \\\"1400\\\", \\\"product\\\": \\\"Цифровая дерматоскопия\\\"}]}\", \"created_at\": \"2023-10-02 08:21:19\", \"updated_at\": \"2023-10-02 08:21:19\", \"total_price\": 1400, \"name_product\": \"Медицинский центр\", \"image_product\": \"https://tourmeddriver.com/public/storage/medical_images_card/EyiOJRNs6wUPi7sgQoMJVhGrrlJBri6NiemLHDDP.jpg\", \"organization_email\": \"klimashevskijvova@gmail.com\"}]', NULL, '2023-10-02 07:42:44', '2023-10-02 07:42:44', NULL),
(414, 'user@mail.ru', 'Bombaa', 'vasyaaa12', '+375448698855', '13', 'Медицинский центр', '28.10.2023', '1400', '14000', '1338', '0', '[{\"id\": 1338, \"date\": \"28.10.2023\", \"role\": \"Мед.центр\", \"user_id\": 13, \"products\": \"{\\\"date\\\": \\\"28.10.2023\\\", \\\"title\\\": \\\"Медицинский центр\\\", \\\"people\\\": 1, \\\"product\\\": null, \\\"totalPrice\\\": 1400, \\\"productList\\\": [{\\\"id\\\": 3, \\\"qty\\\": 1, \\\"price\\\": \\\"1400\\\", \\\"product\\\": \\\"Цифровая дерматоскопия\\\"}]}\", \"created_at\": \"2023-10-02 08:21:19\", \"updated_at\": \"2023-10-02 08:21:19\", \"total_price\": 1400, \"name_product\": \"Медицинский центр\", \"image_product\": \"https://tourmeddriver.com/public/storage/medical_images_card/EyiOJRNs6wUPi7sgQoMJVhGrrlJBri6NiemLHDDP.jpg\", \"organization_email\": \"klimashevskijvova@gmail.com\"}]', NULL, '2023-10-02 07:42:44', '2023-10-02 07:42:44', NULL),
(415, 'user@mail.ru', 'Bombaa', 'vasyaaa12', '+375448698855', '13', 'Медицинский центр', '28.10.2023', '1400', '14000', '1338', '0', '[{\"id\": 1338, \"date\": \"28.10.2023\", \"role\": \"Мед.центр\", \"user_id\": 13, \"products\": \"{\\\"date\\\": \\\"28.10.2023\\\", \\\"title\\\": \\\"Медицинский центр\\\", \\\"people\\\": 1, \\\"product\\\": null, \\\"totalPrice\\\": 1400, \\\"productList\\\": [{\\\"id\\\": 3, \\\"qty\\\": 1, \\\"price\\\": \\\"1400\\\", \\\"product\\\": \\\"Цифровая дерматоскопия\\\"}]}\", \"created_at\": \"2023-10-02 08:21:19\", \"updated_at\": \"2023-10-02 08:21:19\", \"total_price\": 1400, \"name_product\": \"Медицинский центр\", \"image_product\": \"https://tourmeddriver.com/public/storage/medical_images_card/EyiOJRNs6wUPi7sgQoMJVhGrrlJBri6NiemLHDDP.jpg\", \"organization_email\": \"klimashevskijvova@gmail.com\"}]', NULL, '2023-10-02 07:43:14', '2023-10-02 07:43:14', NULL),
(416, 'user@mail.ru', 'Bombaa', 'vasyaaa12', '+375448698855', '13', 'Медицинский центр', '28.10.2023', '1400', '14000', '1338', '0', '[{\"id\": 1338, \"date\": \"28.10.2023\", \"role\": \"Мед.центр\", \"user_id\": 13, \"products\": \"{\\\"date\\\": \\\"28.10.2023\\\", \\\"title\\\": \\\"Медицинский центр\\\", \\\"people\\\": 1, \\\"product\\\": null, \\\"totalPrice\\\": 1400, \\\"productList\\\": [{\\\"id\\\": 3, \\\"qty\\\": 1, \\\"price\\\": \\\"1400\\\", \\\"product\\\": \\\"Цифровая дерматоскопия\\\"}]}\", \"created_at\": \"2023-10-02 08:21:19\", \"updated_at\": \"2023-10-02 08:21:19\", \"total_price\": 1400, \"name_product\": \"Медицинский центр\", \"image_product\": \"https://tourmeddriver.com/public/storage/medical_images_card/EyiOJRNs6wUPi7sgQoMJVhGrrlJBri6NiemLHDDP.jpg\", \"organization_email\": \"klimashevskijvova@gmail.com\"}]', NULL, '2023-10-02 07:51:26', '2023-10-02 07:51:26', NULL),
(417, 'user@mail.ru', 'Bombaa', 'vasyaaa12', '+375448698855', '13', 'Медицинский центр', '28.10.2023', '1400', '14000', '1338', '0', '[{\"id\": 1338, \"date\": \"28.10.2023\", \"role\": \"Мед.центр\", \"user_id\": 13, \"products\": \"{\\\"date\\\": \\\"28.10.2023\\\", \\\"title\\\": \\\"Медицинский центр\\\", \\\"people\\\": 1, \\\"product\\\": null, \\\"totalPrice\\\": 1400, \\\"productList\\\": [{\\\"id\\\": 3, \\\"qty\\\": 1, \\\"price\\\": \\\"1400\\\", \\\"product\\\": \\\"Цифровая дерматоскопия\\\"}]}\", \"created_at\": \"2023-10-02 08:21:19\", \"updated_at\": \"2023-10-02 08:21:19\", \"total_price\": 1400, \"name_product\": \"Медицинский центр\", \"image_product\": \"https://tourmeddriver.com/public/storage/medical_images_card/EyiOJRNs6wUPi7sgQoMJVhGrrlJBri6NiemLHDDP.jpg\", \"organization_email\": \"klimashevskijvova@gmail.com\"}]', NULL, '2023-10-02 07:51:26', '2023-10-02 07:51:26', NULL),
(418, 'user@mail.ru', 'Bombaa', 'vasyaaa12', '+375448698855', '13', 'Медицинский центр', '28.10.2023', '1400', '14000', '1338', '0', '[{\"id\": 1338, \"date\": \"28.10.2023\", \"role\": \"Мед.центр\", \"user_id\": 13, \"products\": \"{\\\"date\\\": \\\"28.10.2023\\\", \\\"title\\\": \\\"Медицинский центр\\\", \\\"people\\\": 1, \\\"product\\\": null, \\\"totalPrice\\\": 1400, \\\"productList\\\": [{\\\"id\\\": 3, \\\"qty\\\": 1, \\\"price\\\": \\\"1400\\\", \\\"product\\\": \\\"Цифровая дерматоскопия\\\"}]}\", \"created_at\": \"2023-10-02 08:21:19\", \"updated_at\": \"2023-10-02 08:21:19\", \"total_price\": 1400, \"name_product\": \"Медицинский центр\", \"image_product\": \"https://tourmeddriver.com/public/storage/medical_images_card/EyiOJRNs6wUPi7sgQoMJVhGrrlJBri6NiemLHDDP.jpg\", \"organization_email\": \"klimashevskijvova@gmail.com\"}]', NULL, '2023-10-02 07:53:48', '2023-10-02 07:53:48', NULL),
(419, 'user@mail.ru', 'Bombaa', 'vasyaaa12', '+375448698855', '13', 'Медицинский центр', '28.10.2023', '1400', '14000', '1338', '0', '[{\"id\": 1338, \"date\": \"28.10.2023\", \"role\": \"Мед.центр\", \"user_id\": 13, \"products\": \"{\\\"date\\\": \\\"28.10.2023\\\", \\\"title\\\": \\\"Медицинский центр\\\", \\\"people\\\": 1, \\\"product\\\": null, \\\"totalPrice\\\": 1400, \\\"productList\\\": [{\\\"id\\\": 3, \\\"qty\\\": 1, \\\"price\\\": \\\"1400\\\", \\\"product\\\": \\\"Цифровая дерматоскопия\\\"}]}\", \"created_at\": \"2023-10-02 08:21:19\", \"updated_at\": \"2023-10-02 08:21:19\", \"total_price\": 1400, \"name_product\": \"Медицинский центр\", \"image_product\": \"https://tourmeddriver.com/public/storage/medical_images_card/EyiOJRNs6wUPi7sgQoMJVhGrrlJBri6NiemLHDDP.jpg\", \"organization_email\": \"klimashevskijvova@gmail.com\"}]', NULL, '2023-10-02 07:53:48', '2023-10-02 07:53:48', NULL),
(420, 'user@mail.ru', 'Bombaa', 'vasyaaa12', '+375448698855', '13', 'Медицинский центр', '28.10.2023', '1400', '14000', '1338', '0', '[{\"id\": 1338, \"date\": \"28.10.2023\", \"role\": \"Мед.центр\", \"user_id\": 13, \"products\": \"{\\\"date\\\": \\\"28.10.2023\\\", \\\"title\\\": \\\"Медицинский центр\\\", \\\"people\\\": 1, \\\"product\\\": null, \\\"totalPrice\\\": 1400, \\\"productList\\\": [{\\\"id\\\": 3, \\\"qty\\\": 1, \\\"price\\\": \\\"1400\\\", \\\"product\\\": \\\"Цифровая дерматоскопия\\\"}]}\", \"created_at\": \"2023-10-02 08:21:19\", \"updated_at\": \"2023-10-02 08:21:19\", \"total_price\": 1400, \"name_product\": \"Медицинский центр\", \"image_product\": \"https://tourmeddriver.com/public/storage/medical_images_card/EyiOJRNs6wUPi7sgQoMJVhGrrlJBri6NiemLHDDP.jpg\", \"organization_email\": \"klimashevskijvova@gmail.com\"}]', NULL, '2023-10-02 08:04:41', '2023-10-02 08:04:41', NULL),
(421, 'user@mail.ru', 'Bombaa', 'vasyaaa12', '+375448698855', '13', 'Медицинский центр', '28.10.2023', '1400', '14000', '1338', '0', '[{\"id\": 1338, \"date\": \"28.10.2023\", \"role\": \"Мед.центр\", \"user_id\": 13, \"products\": \"{\\\"date\\\": \\\"28.10.2023\\\", \\\"title\\\": \\\"Медицинский центр\\\", \\\"people\\\": 1, \\\"product\\\": null, \\\"totalPrice\\\": 1400, \\\"productList\\\": [{\\\"id\\\": 3, \\\"qty\\\": 1, \\\"price\\\": \\\"1400\\\", \\\"product\\\": \\\"Цифровая дерматоскопия\\\"}]}\", \"created_at\": \"2023-10-02 08:21:19\", \"updated_at\": \"2023-10-02 08:21:19\", \"total_price\": 1400, \"name_product\": \"Медицинский центр\", \"image_product\": \"https://tourmeddriver.com/public/storage/medical_images_card/EyiOJRNs6wUPi7sgQoMJVhGrrlJBri6NiemLHDDP.jpg\", \"organization_email\": \"klimashevskijvova@gmail.com\"}]', NULL, '2023-10-02 08:04:41', '2023-10-02 08:04:41', NULL),
(422, 'user@mail.ru', 'Bombaa', 'vasyaaa12', '+375448698855', '13', 'Медицинский центр', '28.10.2023', '1400', '14000', '1338', '0', '[{\"id\": 1338, \"date\": \"28.10.2023\", \"role\": \"Мед.центр\", \"user_id\": 13, \"products\": \"{\\\"date\\\": \\\"28.10.2023\\\", \\\"title\\\": \\\"Медицинский центр\\\", \\\"people\\\": 1, \\\"product\\\": null, \\\"totalPrice\\\": 1400, \\\"productList\\\": [{\\\"id\\\": 3, \\\"qty\\\": 1, \\\"price\\\": \\\"1400\\\", \\\"product\\\": \\\"Цифровая дерматоскопия\\\"}]}\", \"created_at\": \"2023-10-02 08:21:19\", \"updated_at\": \"2023-10-02 08:21:19\", \"total_price\": 1400, \"name_product\": \"Медицинский центр\", \"image_product\": \"https://tourmeddriver.com/public/storage/medical_images_card/EyiOJRNs6wUPi7sgQoMJVhGrrlJBri6NiemLHDDP.jpg\", \"organization_email\": \"klimashevskijvova@gmail.com\"}]', NULL, '2023-10-02 08:06:17', '2023-10-02 08:06:17', NULL),
(423, 'user@mail.ru', 'Bombaa', 'vasyaaa12', '+375448698855', '13', 'Медицинский центр', '28.10.2023', '1400', '14000', '1338', '0', '[{\"id\": 1338, \"date\": \"28.10.2023\", \"role\": \"Мед.центр\", \"user_id\": 13, \"products\": \"{\\\"date\\\": \\\"28.10.2023\\\", \\\"title\\\": \\\"Медицинский центр\\\", \\\"people\\\": 1, \\\"product\\\": null, \\\"totalPrice\\\": 1400, \\\"productList\\\": [{\\\"id\\\": 3, \\\"qty\\\": 1, \\\"price\\\": \\\"1400\\\", \\\"product\\\": \\\"Цифровая дерматоскопия\\\"}]}\", \"created_at\": \"2023-10-02 08:21:19\", \"updated_at\": \"2023-10-02 08:21:19\", \"total_price\": 1400, \"name_product\": \"Медицинский центр\", \"image_product\": \"https://tourmeddriver.com/public/storage/medical_images_card/EyiOJRNs6wUPi7sgQoMJVhGrrlJBri6NiemLHDDP.jpg\", \"organization_email\": \"klimashevskijvova@gmail.com\"}]', NULL, '2023-10-02 08:06:18', '2023-10-02 08:06:18', NULL),
(424, 'user@mail.ru', 'Bombaa', 'vasyaaa12', '+375448698855', '13', 'Медицинский центр', '28.10.2023', '1400', '14000', '1338', '0', '[{\"id\": 1338, \"date\": \"28.10.2023\", \"role\": \"Мед.центр\", \"user_id\": 13, \"products\": \"{\\\"date\\\": \\\"28.10.2023\\\", \\\"title\\\": \\\"Медицинский центр\\\", \\\"people\\\": 1, \\\"product\\\": null, \\\"totalPrice\\\": 1400, \\\"productList\\\": [{\\\"id\\\": 3, \\\"qty\\\": 1, \\\"price\\\": \\\"1400\\\", \\\"product\\\": \\\"Цифровая дерматоскопия\\\"}]}\", \"created_at\": \"2023-10-02 08:21:19\", \"updated_at\": \"2023-10-02 08:21:19\", \"total_price\": 1400, \"name_product\": \"Медицинский центр\", \"image_product\": \"https://tourmeddriver.com/public/storage/medical_images_card/EyiOJRNs6wUPi7sgQoMJVhGrrlJBri6NiemLHDDP.jpg\", \"organization_email\": \"klimashevskijvova@gmail.com\"}]', NULL, '2023-10-02 08:08:47', '2023-10-02 08:08:47', NULL),
(425, 'user@mail.ru', 'Bombaa', 'vasyaaa12', '+375448698855', '13', 'Медицинский центр', '28.10.2023', '1400', '14000', '1338', '0', '[{\"id\": 1338, \"date\": \"28.10.2023\", \"role\": \"Мед.центр\", \"user_id\": 13, \"products\": \"{\\\"date\\\": \\\"28.10.2023\\\", \\\"title\\\": \\\"Медицинский центр\\\", \\\"people\\\": 1, \\\"product\\\": null, \\\"totalPrice\\\": 1400, \\\"productList\\\": [{\\\"id\\\": 3, \\\"qty\\\": 1, \\\"price\\\": \\\"1400\\\", \\\"product\\\": \\\"Цифровая дерматоскопия\\\"}]}\", \"created_at\": \"2023-10-02 08:21:19\", \"updated_at\": \"2023-10-02 08:21:19\", \"total_price\": 1400, \"name_product\": \"Медицинский центр\", \"image_product\": \"https://tourmeddriver.com/public/storage/medical_images_card/EyiOJRNs6wUPi7sgQoMJVhGrrlJBri6NiemLHDDP.jpg\", \"organization_email\": \"klimashevskijvova@gmail.com\"}]', NULL, '2023-10-02 08:08:47', '2023-10-02 08:08:47', NULL),
(426, 'user@mail.ru', 'Bombaa', 'vasyaaa12', '+375448698855', '13', 'Медицинский центр', '28.10.2023', '1400', '14000', '1338', '0', '[{\"id\": 1338, \"date\": \"28.10.2023\", \"role\": \"Мед.центр\", \"user_id\": 13, \"products\": \"{\\\"date\\\": \\\"28.10.2023\\\", \\\"title\\\": \\\"Медицинский центр\\\", \\\"people\\\": 1, \\\"product\\\": null, \\\"totalPrice\\\": 1400, \\\"productList\\\": [{\\\"id\\\": 3, \\\"qty\\\": 1, \\\"price\\\": \\\"1400\\\", \\\"product\\\": \\\"Цифровая дерматоскопия\\\"}]}\", \"created_at\": \"2023-10-02 08:21:19\", \"updated_at\": \"2023-10-02 08:21:19\", \"total_price\": 1400, \"name_product\": \"Медицинский центр\", \"image_product\": \"https://tourmeddriver.com/public/storage/medical_images_card/EyiOJRNs6wUPi7sgQoMJVhGrrlJBri6NiemLHDDP.jpg\", \"organization_email\": \"klimashevskijvova@gmail.com\"}]', NULL, '2023-10-02 08:14:22', '2023-10-02 08:14:22', NULL),
(427, 'user@mail.ru', 'Bombaa', 'vasyaaa12', '+375448698855', '13', 'Медицинский центр', '28.10.2023', '1400', '14000', '1338', '0', '[{\"id\": 1338, \"date\": \"28.10.2023\", \"role\": \"Мед.центр\", \"user_id\": 13, \"products\": \"{\\\"date\\\": \\\"28.10.2023\\\", \\\"title\\\": \\\"Медицинский центр\\\", \\\"people\\\": 1, \\\"product\\\": null, \\\"totalPrice\\\": 1400, \\\"productList\\\": [{\\\"id\\\": 3, \\\"qty\\\": 1, \\\"price\\\": \\\"1400\\\", \\\"product\\\": \\\"Цифровая дерматоскопия\\\"}]}\", \"created_at\": \"2023-10-02 08:21:19\", \"updated_at\": \"2023-10-02 08:21:19\", \"total_price\": 1400, \"name_product\": \"Медицинский центр\", \"image_product\": \"https://tourmeddriver.com/public/storage/medical_images_card/EyiOJRNs6wUPi7sgQoMJVhGrrlJBri6NiemLHDDP.jpg\", \"organization_email\": \"klimashevskijvova@gmail.com\"}]', NULL, '2023-10-02 08:14:22', '2023-10-02 08:14:22', NULL),
(428, 'user@mail.ru', 'Bombaa', 'vasyaaa12', '+375448698855', '13', 'Медицинский центр', '28.10.2023', '1400', '14000', '1338', '0', '[{\"id\": 1338, \"date\": \"28.10.2023\", \"role\": \"Мед.центр\", \"user_id\": 13, \"products\": \"{\\\"date\\\": \\\"28.10.2023\\\", \\\"title\\\": \\\"Медицинский центр\\\", \\\"people\\\": 1, \\\"product\\\": null, \\\"totalPrice\\\": 1400, \\\"productList\\\": [{\\\"id\\\": 3, \\\"qty\\\": 1, \\\"price\\\": \\\"1400\\\", \\\"product\\\": \\\"Цифровая дерматоскопия\\\"}]}\", \"created_at\": \"2023-10-02 08:21:19\", \"updated_at\": \"2023-10-02 08:21:19\", \"total_price\": 1400, \"name_product\": \"Медицинский центр\", \"image_product\": \"https://tourmeddriver.com/public/storage/medical_images_card/EyiOJRNs6wUPi7sgQoMJVhGrrlJBri6NiemLHDDP.jpg\", \"organization_email\": \"klimashevskijvova@gmail.com\"}]', NULL, '2023-10-02 08:15:41', '2023-10-02 08:15:41', NULL),
(429, 'user@mail.ru', 'Bombaa', 'vasyaaa12', '+375448698855', '13', 'Медицинский центр', '27.10.2023', '1300', '13000', '1339', '0', '[{\"id\": 1339, \"date\": \"27.10.2023\", \"role\": \"Мед.центр\", \"user_id\": 13, \"products\": \"{\\\"date\\\": \\\"27.10.2023\\\", \\\"title\\\": \\\"Медицинский центр\\\", \\\"people\\\": 1, \\\"product\\\": null, \\\"totalPrice\\\": 1300, \\\"productList\\\": [{\\\"id\\\": 2, \\\"qty\\\": 1, \\\"price\\\": \\\"1300\\\", \\\"product\\\": \\\"Трихоскопия\\\"}]}\", \"created_at\": \"2023-10-02 11:28:10\", \"updated_at\": \"2023-10-02 11:28:10\", \"total_price\": 1300, \"name_product\": \"Медицинский центр\", \"image_product\": \"https://tourmeddriver.com/public/storage/medical_images_card/EyiOJRNs6wUPi7sgQoMJVhGrrlJBri6NiemLHDDP.jpg\", \"organization_email\": \"klimashevskijvova@gmail.com\"}]', NULL, '2023-10-02 08:30:13', '2023-10-02 08:30:13', NULL),
(430, 'user@mail.ru', 'Bombaa', 'vasyaaa12', '+375448698855', '13', 'Медицинский центр', '27.10.2023', '1300', '13000', '1339', '0', '[{\"id\": 1339, \"date\": \"27.10.2023\", \"role\": \"Мед.центр\", \"user_id\": 13, \"products\": \"{\\\"date\\\": \\\"27.10.2023\\\", \\\"title\\\": \\\"Медицинский центр\\\", \\\"people\\\": 1, \\\"product\\\": null, \\\"totalPrice\\\": 1300, \\\"productList\\\": [{\\\"id\\\": 2, \\\"qty\\\": 1, \\\"price\\\": \\\"1300\\\", \\\"product\\\": \\\"Трихоскопия\\\"}]}\", \"created_at\": \"2023-10-02 11:28:10\", \"updated_at\": \"2023-10-02 11:28:10\", \"total_price\": 1300, \"name_product\": \"Медицинский центр\", \"image_product\": \"https://tourmeddriver.com/public/storage/medical_images_card/EyiOJRNs6wUPi7sgQoMJVhGrrlJBri6NiemLHDDP.jpg\", \"organization_email\": \"klimashevskijvova@gmail.com\"}]', NULL, '2023-10-02 08:30:14', '2023-10-02 08:30:14', NULL),
(431, 'user@mail.ru', 'Bombaa', 'vasyaaa12', '+375448698855', '13', 'Медицинский центр', '27.10.2023', '1300', '13000', '1339', '0', '[{\"id\": 1339, \"date\": \"27.10.2023\", \"role\": \"Мед.центр\", \"user_id\": 13, \"products\": \"{\\\"date\\\": \\\"27.10.2023\\\", \\\"title\\\": \\\"Медицинский центр\\\", \\\"people\\\": 1, \\\"product\\\": null, \\\"totalPrice\\\": 1300, \\\"productList\\\": [{\\\"id\\\": 2, \\\"qty\\\": 1, \\\"price\\\": \\\"1300\\\", \\\"product\\\": \\\"Трихоскопия\\\"}]}\", \"created_at\": \"2023-10-02 11:28:10\", \"updated_at\": \"2023-10-02 11:28:10\", \"total_price\": 1300, \"name_product\": \"Медицинский центр\", \"image_product\": \"https://tourmeddriver.com/public/storage/medical_images_card/EyiOJRNs6wUPi7sgQoMJVhGrrlJBri6NiemLHDDP.jpg\", \"organization_email\": \"klimashevskijvova@gmail.com\"}]', NULL, '2023-10-02 08:34:58', '2023-10-02 08:34:58', NULL),
(432, 'user@mail.ru', 'Bombaa', 'vasyaaa12', '+375448698855', '13', 'Медицинский центр', '27.10.2023', '1300', '13000', '1339', '0', '[{\"id\": 1339, \"date\": \"27.10.2023\", \"role\": \"Мед.центр\", \"user_id\": 13, \"products\": \"{\\\"date\\\": \\\"27.10.2023\\\", \\\"title\\\": \\\"Медицинский центр\\\", \\\"people\\\": 1, \\\"product\\\": null, \\\"totalPrice\\\": 1300, \\\"productList\\\": [{\\\"id\\\": 2, \\\"qty\\\": 1, \\\"price\\\": \\\"1300\\\", \\\"product\\\": \\\"Трихоскопия\\\"}]}\", \"created_at\": \"2023-10-02 11:28:10\", \"updated_at\": \"2023-10-02 11:28:10\", \"total_price\": 1300, \"name_product\": \"Медицинский центр\", \"image_product\": \"https://tourmeddriver.com/public/storage/medical_images_card/EyiOJRNs6wUPi7sgQoMJVhGrrlJBri6NiemLHDDP.jpg\", \"organization_email\": \"klimashevskijvova@gmail.com\"}]', NULL, '2023-10-02 08:34:58', '2023-10-02 08:34:58', NULL),
(433, 'user@mail.ru', 'Bombaa', 'vasyaaa12', '+375448698855', '13', 'Медицинский центр', '27.10.2023', '1300', '13000', '1339', '0', '[{\"id\": 1339, \"date\": \"27.10.2023\", \"role\": \"Мед.центр\", \"user_id\": 13, \"products\": \"{\\\"date\\\": \\\"27.10.2023\\\", \\\"title\\\": \\\"Медицинский центр\\\", \\\"people\\\": 1, \\\"product\\\": null, \\\"totalPrice\\\": 1300, \\\"productList\\\": [{\\\"id\\\": 2, \\\"qty\\\": 1, \\\"price\\\": \\\"1300\\\", \\\"product\\\": \\\"Трихоскопия\\\"}]}\", \"created_at\": \"2023-10-02 11:28:10\", \"updated_at\": \"2023-10-02 11:28:10\", \"total_price\": 1300, \"name_product\": \"Медицинский центр\", \"image_product\": \"https://tourmeddriver.com/public/storage/medical_images_card/EyiOJRNs6wUPi7sgQoMJVhGrrlJBri6NiemLHDDP.jpg\", \"organization_email\": \"klimashevskijvova@gmail.com\"}]', NULL, '2023-10-02 08:35:33', '2023-10-02 08:35:33', NULL),
(434, 'user@mail.ru', 'Bombaa', 'vasyaaa12', '+375448698855', '13', 'Медицинский центр', '27.10.2023', '1300', '13000', '1339', '0', '[{\"id\": 1339, \"date\": \"27.10.2023\", \"role\": \"Мед.центр\", \"user_id\": 13, \"products\": \"{\\\"date\\\": \\\"27.10.2023\\\", \\\"title\\\": \\\"Медицинский центр\\\", \\\"people\\\": 1, \\\"product\\\": null, \\\"totalPrice\\\": 1300, \\\"productList\\\": [{\\\"id\\\": 2, \\\"qty\\\": 1, \\\"price\\\": \\\"1300\\\", \\\"product\\\": \\\"Трихоскопия\\\"}]}\", \"created_at\": \"2023-10-02 11:28:10\", \"updated_at\": \"2023-10-02 11:28:10\", \"total_price\": 1300, \"name_product\": \"Медицинский центр\", \"image_product\": \"https://tourmeddriver.com/public/storage/medical_images_card/EyiOJRNs6wUPi7sgQoMJVhGrrlJBri6NiemLHDDP.jpg\", \"organization_email\": \"klimashevskijvova@gmail.com\"}]', NULL, '2023-10-02 08:35:33', '2023-10-02 08:35:33', NULL),
(435, 'user@mail.ru', 'Bombaa', 'vasyaaa12', '+375448698855', '13', 'Медицинский центр', '27.10.2023', '1300', '13000', '1339', '0', '[{\"id\": 1339, \"date\": \"27.10.2023\", \"role\": \"Мед.центр\", \"user_id\": 13, \"products\": \"{\\\"date\\\": \\\"27.10.2023\\\", \\\"title\\\": \\\"Медицинский центр\\\", \\\"people\\\": 1, \\\"product\\\": null, \\\"totalPrice\\\": 1300, \\\"productList\\\": [{\\\"id\\\": 2, \\\"qty\\\": 1, \\\"price\\\": \\\"1300\\\", \\\"product\\\": \\\"Трихоскопия\\\"}]}\", \"created_at\": \"2023-10-02 11:28:10\", \"updated_at\": \"2023-10-02 11:28:10\", \"total_price\": 1300, \"name_product\": \"Медицинский центр\", \"image_product\": \"https://tourmeddriver.com/public/storage/medical_images_card/EyiOJRNs6wUPi7sgQoMJVhGrrlJBri6NiemLHDDP.jpg\", \"organization_email\": \"klimashevskijvova@gmail.com\"}]', NULL, '2023-10-02 08:36:23', '2023-10-02 08:36:23', NULL),
(436, 'user@mail.ru', 'Bombaa', 'vasyaaa12', '+375448698855', '13', 'Медицинский центр', '27.10.2023', '1300', '13000', '1339', '0', '[{\"id\": 1339, \"date\": \"27.10.2023\", \"role\": \"Мед.центр\", \"user_id\": 13, \"products\": \"{\\\"date\\\": \\\"27.10.2023\\\", \\\"title\\\": \\\"Медицинский центр\\\", \\\"people\\\": 1, \\\"product\\\": null, \\\"totalPrice\\\": 1300, \\\"productList\\\": [{\\\"id\\\": 2, \\\"qty\\\": 1, \\\"price\\\": \\\"1300\\\", \\\"product\\\": \\\"Трихоскопия\\\"}]}\", \"created_at\": \"2023-10-02 11:28:10\", \"updated_at\": \"2023-10-02 11:28:10\", \"total_price\": 1300, \"name_product\": \"Медицинский центр\", \"image_product\": \"https://tourmeddriver.com/public/storage/medical_images_card/EyiOJRNs6wUPi7sgQoMJVhGrrlJBri6NiemLHDDP.jpg\", \"organization_email\": \"klimashevskijvova@gmail.com\"}]', NULL, '2023-10-02 08:36:24', '2023-10-02 08:36:24', NULL),
(437, 'user@mail.ru', 'Bombaa', 'vasyaaa12', '+375448698855', '13', 'Медицинский центр', '27.10.2023', '1300', '13000', '1339', '0', '[{\"id\": 1339, \"date\": \"27.10.2023\", \"role\": \"Мед.центр\", \"user_id\": 13, \"products\": \"{\\\"date\\\": \\\"27.10.2023\\\", \\\"title\\\": \\\"Медицинский центр\\\", \\\"people\\\": 1, \\\"product\\\": null, \\\"totalPrice\\\": 1300, \\\"productList\\\": [{\\\"id\\\": 2, \\\"qty\\\": 1, \\\"price\\\": \\\"1300\\\", \\\"product\\\": \\\"Трихоскопия\\\"}]}\", \"created_at\": \"2023-10-02 11:28:10\", \"updated_at\": \"2023-10-02 11:28:10\", \"total_price\": 1300, \"name_product\": \"Медицинский центр\", \"image_product\": \"https://tourmeddriver.com/public/storage/medical_images_card/EyiOJRNs6wUPi7sgQoMJVhGrrlJBri6NiemLHDDP.jpg\", \"organization_email\": \"klimashevskijvova@gmail.com\"}]', NULL, '2023-10-02 08:55:56', '2023-10-02 08:55:56', NULL),
(438, 'user@mail.ru', 'Bombaa', 'vasyaaa12', '+375448698855', '13', 'Медицинский центр', '27.10.2023', '1300', '13000', '1339', '0', '[{\"id\": 1339, \"date\": \"27.10.2023\", \"role\": \"Мед.центр\", \"user_id\": 13, \"products\": \"{\\\"date\\\": \\\"27.10.2023\\\", \\\"title\\\": \\\"Медицинский центр\\\", \\\"people\\\": 1, \\\"product\\\": null, \\\"totalPrice\\\": 1300, \\\"productList\\\": [{\\\"id\\\": 2, \\\"qty\\\": 1, \\\"price\\\": \\\"1300\\\", \\\"product\\\": \\\"Трихоскопия\\\"}]}\", \"created_at\": \"2023-10-02 11:28:10\", \"updated_at\": \"2023-10-02 11:28:10\", \"total_price\": 1300, \"name_product\": \"Медицинский центр\", \"image_product\": \"https://tourmeddriver.com/public/storage/medical_images_card/EyiOJRNs6wUPi7sgQoMJVhGrrlJBri6NiemLHDDP.jpg\", \"organization_email\": \"klimashevskijvova@gmail.com\"}]', NULL, '2023-10-02 08:55:56', '2023-10-02 08:55:56', NULL),
(439, 'user@mail.ru', 'Bombaa', 'vasyaaa12', '+375448698855', '13', 'Медицинский центр', '27.10.2023', '1300', '13000', '1339', '0', '[{\"id\": 1339, \"date\": \"27.10.2023\", \"role\": \"Мед.центр\", \"user_id\": 13, \"products\": \"{\\\"date\\\": \\\"27.10.2023\\\", \\\"title\\\": \\\"Медицинский центр\\\", \\\"people\\\": 1, \\\"product\\\": null, \\\"totalPrice\\\": 1300, \\\"productList\\\": [{\\\"id\\\": 2, \\\"qty\\\": 1, \\\"price\\\": \\\"1300\\\", \\\"product\\\": \\\"Трихоскопия\\\"}]}\", \"created_at\": \"2023-10-02 11:28:10\", \"updated_at\": \"2023-10-02 11:28:10\", \"total_price\": 1300, \"name_product\": \"Медицинский центр\", \"image_product\": \"https://tourmeddriver.com/public/storage/medical_images_card/EyiOJRNs6wUPi7sgQoMJVhGrrlJBri6NiemLHDDP.jpg\", \"organization_email\": \"klimashevskijvova@gmail.com\"}]', NULL, '2023-10-02 08:56:47', '2023-10-02 08:56:47', NULL),
(440, 'user@mail.ru', 'Bombaa', 'vasyaaa12', '+375448698855', '13', 'Медицинский центр', '27.10.2023', '1300', '13000', '1339', '0', '[{\"id\": 1339, \"date\": \"27.10.2023\", \"role\": \"Мед.центр\", \"user_id\": 13, \"products\": \"{\\\"date\\\": \\\"27.10.2023\\\", \\\"title\\\": \\\"Медицинский центр\\\", \\\"people\\\": 1, \\\"product\\\": null, \\\"totalPrice\\\": 1300, \\\"productList\\\": [{\\\"id\\\": 2, \\\"qty\\\": 1, \\\"price\\\": \\\"1300\\\", \\\"product\\\": \\\"Трихоскопия\\\"}]}\", \"created_at\": \"2023-10-02 11:28:10\", \"updated_at\": \"2023-10-02 11:28:10\", \"total_price\": 1300, \"name_product\": \"Медицинский центр\", \"image_product\": \"https://tourmeddriver.com/public/storage/medical_images_card/EyiOJRNs6wUPi7sgQoMJVhGrrlJBri6NiemLHDDP.jpg\", \"organization_email\": \"klimashevskijvova@gmail.com\"}]', NULL, '2023-10-02 08:56:47', '2023-10-02 08:56:47', NULL),
(441, 'user@mail.ru', 'Bombaa', 'vasyaaa12', '+375448698855', '13', 'Медицинский центр', '27.10.2023', '1300', '13000', '1339', '0', '[{\"id\": 1339, \"date\": \"27.10.2023\", \"role\": \"Мед.центр\", \"user_id\": 13, \"products\": \"{\\\"date\\\": \\\"27.10.2023\\\", \\\"title\\\": \\\"Медицинский центр\\\", \\\"people\\\": 1, \\\"product\\\": null, \\\"totalPrice\\\": 1300, \\\"productList\\\": [{\\\"id\\\": 2, \\\"qty\\\": 1, \\\"price\\\": \\\"1300\\\", \\\"product\\\": \\\"Трихоскопия\\\"}]}\", \"created_at\": \"2023-10-02 11:28:10\", \"updated_at\": \"2023-10-02 11:28:10\", \"total_price\": 1300, \"name_product\": \"Медицинский центр\", \"image_product\": \"https://tourmeddriver.com/public/storage/medical_images_card/EyiOJRNs6wUPi7sgQoMJVhGrrlJBri6NiemLHDDP.jpg\", \"organization_email\": \"klimashevskijvova@gmail.com\"}]', NULL, '2023-10-02 08:57:15', '2023-10-02 08:57:15', NULL),
(442, 'user@mail.ru', 'Bombaa', 'vasyaaa12', '+375448698855', '13', 'Медицинский центр', '27.10.2023', '1300', '13000', '1339', '0', '[{\"id\": 1339, \"date\": \"27.10.2023\", \"role\": \"Мед.центр\", \"user_id\": 13, \"products\": \"{\\\"date\\\": \\\"27.10.2023\\\", \\\"title\\\": \\\"Медицинский центр\\\", \\\"people\\\": 1, \\\"product\\\": null, \\\"totalPrice\\\": 1300, \\\"productList\\\": [{\\\"id\\\": 2, \\\"qty\\\": 1, \\\"price\\\": \\\"1300\\\", \\\"product\\\": \\\"Трихоскопия\\\"}]}\", \"created_at\": \"2023-10-02 11:28:10\", \"updated_at\": \"2023-10-02 11:28:10\", \"total_price\": 1300, \"name_product\": \"Медицинский центр\", \"image_product\": \"https://tourmeddriver.com/public/storage/medical_images_card/EyiOJRNs6wUPi7sgQoMJVhGrrlJBri6NiemLHDDP.jpg\", \"organization_email\": \"klimashevskijvova@gmail.com\"}]', NULL, '2023-10-02 08:57:15', '2023-10-02 08:57:15', NULL),
(443, 'user@mail.ru', 'Bombaa', 'vasyaaa12', '+375448698855', '13', 'Медицинский центр', '27.10.2023', '1300', '13000', '1339', '0', '[{\"id\": 1339, \"date\": \"27.10.2023\", \"role\": \"Мед.центр\", \"user_id\": 13, \"products\": \"{\\\"date\\\": \\\"27.10.2023\\\", \\\"title\\\": \\\"Медицинский центр\\\", \\\"people\\\": 1, \\\"product\\\": null, \\\"totalPrice\\\": 1300, \\\"productList\\\": [{\\\"id\\\": 2, \\\"qty\\\": 1, \\\"price\\\": \\\"1300\\\", \\\"product\\\": \\\"Трихоскопия\\\"}]}\", \"created_at\": \"2023-10-02 11:28:10\", \"updated_at\": \"2023-10-02 11:28:10\", \"total_price\": 1300, \"name_product\": \"Медицинский центр\", \"image_product\": \"https://tourmeddriver.com/public/storage/medical_images_card/EyiOJRNs6wUPi7sgQoMJVhGrrlJBri6NiemLHDDP.jpg\", \"organization_email\": \"klimashevskijvova@gmail.com\"}]', NULL, '2023-10-02 08:58:01', '2023-10-02 08:58:01', NULL),
(444, 'user@mail.ru', 'Bombaa', 'vasyaaa12', '+375448698855', '13', 'Медицинский центр', '27.10.2023', '1300', '13000', '1339', '0', '[{\"id\": 1339, \"date\": \"27.10.2023\", \"role\": \"Мед.центр\", \"user_id\": 13, \"products\": \"{\\\"date\\\": \\\"27.10.2023\\\", \\\"title\\\": \\\"Медицинский центр\\\", \\\"people\\\": 1, \\\"product\\\": null, \\\"totalPrice\\\": 1300, \\\"productList\\\": [{\\\"id\\\": 2, \\\"qty\\\": 1, \\\"price\\\": \\\"1300\\\", \\\"product\\\": \\\"Трихоскопия\\\"}]}\", \"created_at\": \"2023-10-02 11:28:10\", \"updated_at\": \"2023-10-02 11:28:10\", \"total_price\": 1300, \"name_product\": \"Медицинский центр\", \"image_product\": \"https://tourmeddriver.com/public/storage/medical_images_card/EyiOJRNs6wUPi7sgQoMJVhGrrlJBri6NiemLHDDP.jpg\", \"organization_email\": \"klimashevskijvova@gmail.com\"}]', NULL, '2023-10-02 08:58:01', '2023-10-02 08:58:01', NULL),
(445, 'user@mail.ru', 'Bombaa', 'vasyaaa12', '+375448698855', '13', 'Медицинский центр', '27.10.2023', '1300', '13000', '1339', '0', '[{\"id\": 1339, \"date\": \"27.10.2023\", \"role\": \"Мед.центр\", \"user_id\": 13, \"products\": \"{\\\"date\\\": \\\"27.10.2023\\\", \\\"title\\\": \\\"Медицинский центр\\\", \\\"people\\\": 1, \\\"product\\\": null, \\\"totalPrice\\\": 1300, \\\"productList\\\": [{\\\"id\\\": 2, \\\"qty\\\": 1, \\\"price\\\": \\\"1300\\\", \\\"product\\\": \\\"Трихоскопия\\\"}]}\", \"created_at\": \"2023-10-02 11:28:10\", \"updated_at\": \"2023-10-02 11:28:10\", \"total_price\": 1300, \"name_product\": \"Медицинский центр\", \"image_product\": \"https://tourmeddriver.com/public/storage/medical_images_card/EyiOJRNs6wUPi7sgQoMJVhGrrlJBri6NiemLHDDP.jpg\", \"organization_email\": \"klimashevskijvova@gmail.com\"}]', NULL, '2023-10-02 09:02:12', '2023-10-02 09:02:12', NULL),
(446, 'user@mail.ru', 'Bombaa', 'vasyaaa12', '+375448698855', '13', 'Медицинский центр', '27.10.2023', '1300', '13000', '1339', '0', '[{\"id\": 1339, \"date\": \"27.10.2023\", \"role\": \"Мед.центр\", \"user_id\": 13, \"products\": \"{\\\"date\\\": \\\"27.10.2023\\\", \\\"title\\\": \\\"Медицинский центр\\\", \\\"people\\\": 1, \\\"product\\\": null, \\\"totalPrice\\\": 1300, \\\"productList\\\": [{\\\"id\\\": 2, \\\"qty\\\": 1, \\\"price\\\": \\\"1300\\\", \\\"product\\\": \\\"Трихоскопия\\\"}]}\", \"created_at\": \"2023-10-02 11:28:10\", \"updated_at\": \"2023-10-02 11:28:10\", \"total_price\": 1300, \"name_product\": \"Медицинский центр\", \"image_product\": \"https://tourmeddriver.com/public/storage/medical_images_card/EyiOJRNs6wUPi7sgQoMJVhGrrlJBri6NiemLHDDP.jpg\", \"organization_email\": \"klimashevskijvova@gmail.com\"}]', NULL, '2023-10-02 09:02:12', '2023-10-02 09:02:12', NULL),
(447, 'user@mail.ru', 'Bombaa', 'vasyaaa12', '+375448698855', '13', 'Медицинский центр', '27.10.2023', '1300', '13000', '1339', '0', '[{\"id\": 1339, \"date\": \"27.10.2023\", \"role\": \"Мед.центр\", \"user_id\": 13, \"products\": \"{\\\"date\\\": \\\"27.10.2023\\\", \\\"title\\\": \\\"Медицинский центр\\\", \\\"people\\\": 1, \\\"product\\\": null, \\\"totalPrice\\\": 1300, \\\"productList\\\": [{\\\"id\\\": 2, \\\"qty\\\": 1, \\\"price\\\": \\\"1300\\\", \\\"product\\\": \\\"Трихоскопия\\\"}]}\", \"created_at\": \"2023-10-02 11:28:10\", \"updated_at\": \"2023-10-02 11:28:10\", \"total_price\": 1300, \"name_product\": \"Медицинский центр\", \"image_product\": \"https://tourmeddriver.com/public/storage/medical_images_card/EyiOJRNs6wUPi7sgQoMJVhGrrlJBri6NiemLHDDP.jpg\", \"organization_email\": \"klimashevskijvova@gmail.com\"}]', NULL, '2023-10-02 09:30:40', '2023-10-02 09:30:40', NULL),
(448, 'user@mail.ru', 'Bombaa', 'vasyaaa12', '+375448698855', '13', 'Медицинский центр', '27.10.2023', '1300', '13000', '1339', '0', '[{\"id\": 1339, \"date\": \"27.10.2023\", \"role\": \"Мед.центр\", \"user_id\": 13, \"products\": \"{\\\"date\\\": \\\"27.10.2023\\\", \\\"title\\\": \\\"Медицинский центр\\\", \\\"people\\\": 1, \\\"product\\\": null, \\\"totalPrice\\\": 1300, \\\"productList\\\": [{\\\"id\\\": 2, \\\"qty\\\": 1, \\\"price\\\": \\\"1300\\\", \\\"product\\\": \\\"Трихоскопия\\\"}]}\", \"created_at\": \"2023-10-02 11:28:10\", \"updated_at\": \"2023-10-02 11:28:10\", \"total_price\": 1300, \"name_product\": \"Медицинский центр\", \"image_product\": \"https://tourmeddriver.com/public/storage/medical_images_card/EyiOJRNs6wUPi7sgQoMJVhGrrlJBri6NiemLHDDP.jpg\", \"organization_email\": \"klimashevskijvova@gmail.com\"}]', NULL, '2023-10-02 09:30:40', '2023-10-02 09:30:40', NULL),
(449, 'user@mail.ru', 'Bombaa', 'vasyaaa12', '+375448698855', '13', 'Медицинский центр', '27.10.2023', '1300', '13000', '1339', '0', '[{\"id\": 1339, \"date\": \"27.10.2023\", \"role\": \"Мед.центр\", \"user_id\": 13, \"products\": \"{\\\"date\\\": \\\"27.10.2023\\\", \\\"title\\\": \\\"Медицинский центр\\\", \\\"people\\\": 1, \\\"product\\\": null, \\\"totalPrice\\\": 1300, \\\"productList\\\": [{\\\"id\\\": 2, \\\"qty\\\": 1, \\\"price\\\": \\\"1300\\\", \\\"product\\\": \\\"Трихоскопия\\\"}]}\", \"created_at\": \"2023-10-02 11:28:10\", \"updated_at\": \"2023-10-02 11:28:10\", \"total_price\": 1300, \"name_product\": \"Медицинский центр\", \"image_product\": \"https://tourmeddriver.com/public/storage/medical_images_card/EyiOJRNs6wUPi7sgQoMJVhGrrlJBri6NiemLHDDP.jpg\", \"organization_email\": \"klimashevskijvova@gmail.com\"}]', NULL, '2023-10-02 09:33:25', '2023-10-02 09:33:25', NULL),
(450, 'user@mail.ru', 'Bombaa', 'vasyaaa12', '+375448698855', '13', 'Медицинский центр', '27.10.2023', '1300', '13000', '1339', '0', '[{\"id\": 1339, \"date\": \"27.10.2023\", \"role\": \"Мед.центр\", \"user_id\": 13, \"products\": \"{\\\"date\\\": \\\"27.10.2023\\\", \\\"title\\\": \\\"Медицинский центр\\\", \\\"people\\\": 1, \\\"product\\\": null, \\\"totalPrice\\\": 1300, \\\"productList\\\": [{\\\"id\\\": 2, \\\"qty\\\": 1, \\\"price\\\": \\\"1300\\\", \\\"product\\\": \\\"Трихоскопия\\\"}]}\", \"created_at\": \"2023-10-02 11:28:10\", \"updated_at\": \"2023-10-02 11:28:10\", \"total_price\": 1300, \"name_product\": \"Медицинский центр\", \"image_product\": \"https://tourmeddriver.com/public/storage/medical_images_card/EyiOJRNs6wUPi7sgQoMJVhGrrlJBri6NiemLHDDP.jpg\", \"organization_email\": \"klimashevskijvova@gmail.com\"}]', NULL, '2023-10-02 09:33:25', '2023-10-02 09:33:25', NULL),
(451, 'user@mail.ru', 'Bombaa', 'vasyaaa12', '+375448698855', '13', 'Медицинский центр', '27.10.2023', '1300', '13000', '1339', '0', '[{\"id\": 1339, \"date\": \"27.10.2023\", \"role\": \"Мед.центр\", \"user_id\": 13, \"products\": \"{\\\"date\\\": \\\"27.10.2023\\\", \\\"title\\\": \\\"Медицинский центр\\\", \\\"people\\\": 1, \\\"product\\\": null, \\\"totalPrice\\\": 1300, \\\"productList\\\": [{\\\"id\\\": 2, \\\"qty\\\": 1, \\\"price\\\": \\\"1300\\\", \\\"product\\\": \\\"Трихоскопия\\\"}]}\", \"created_at\": \"2023-10-02 11:28:10\", \"updated_at\": \"2023-10-02 11:28:10\", \"total_price\": 1300, \"name_product\": \"Медицинский центр\", \"image_product\": \"https://tourmeddriver.com/public/storage/medical_images_card/EyiOJRNs6wUPi7sgQoMJVhGrrlJBri6NiemLHDDP.jpg\", \"organization_email\": \"klimashevskijvova@gmail.com\"}]', NULL, '2023-10-02 09:34:03', '2023-10-02 09:34:03', NULL),
(452, 'user@mail.ru', 'Bombaa', 'vasyaaa12', '+375448698855', '13', 'Медицинский центр', '27.10.2023', '1300', '13000', '1339', '0', '[{\"id\": 1339, \"date\": \"27.10.2023\", \"role\": \"Мед.центр\", \"user_id\": 13, \"products\": \"{\\\"date\\\": \\\"27.10.2023\\\", \\\"title\\\": \\\"Медицинский центр\\\", \\\"people\\\": 1, \\\"product\\\": null, \\\"totalPrice\\\": 1300, \\\"productList\\\": [{\\\"id\\\": 2, \\\"qty\\\": 1, \\\"price\\\": \\\"1300\\\", \\\"product\\\": \\\"Трихоскопия\\\"}]}\", \"created_at\": \"2023-10-02 11:28:10\", \"updated_at\": \"2023-10-02 11:28:10\", \"total_price\": 1300, \"name_product\": \"Медицинский центр\", \"image_product\": \"https://tourmeddriver.com/public/storage/medical_images_card/EyiOJRNs6wUPi7sgQoMJVhGrrlJBri6NiemLHDDP.jpg\", \"organization_email\": \"klimashevskijvova@gmail.com\"}]', NULL, '2023-10-02 09:34:03', '2023-10-02 09:34:03', NULL),
(453, 'user@mail.ru', 'Bombaa', 'vasyaaa12', '+375448698855', '13', 'Медицинский центр', '27.10.2023', '1300', '13000', '1339', '0', '[{\"id\": 1339, \"date\": \"27.10.2023\", \"role\": \"Мед.центр\", \"user_id\": 13, \"products\": \"{\\\"date\\\": \\\"27.10.2023\\\", \\\"title\\\": \\\"Медицинский центр\\\", \\\"people\\\": 1, \\\"product\\\": null, \\\"totalPrice\\\": 1300, \\\"productList\\\": [{\\\"id\\\": 2, \\\"qty\\\": 1, \\\"price\\\": \\\"1300\\\", \\\"product\\\": \\\"Трихоскопия\\\"}]}\", \"created_at\": \"2023-10-02 11:28:10\", \"updated_at\": \"2023-10-02 11:28:10\", \"total_price\": 1300, \"name_product\": \"Медицинский центр\", \"image_product\": \"https://tourmeddriver.com/public/storage/medical_images_card/EyiOJRNs6wUPi7sgQoMJVhGrrlJBri6NiemLHDDP.jpg\", \"organization_email\": \"klimashevskijvova@gmail.com\"}]', NULL, '2023-10-03 04:00:34', '2023-10-03 04:00:34', NULL),
(454, 'user@mail.ru', 'Bombaa', 'vasyaaa12', '+375448698855', '13', 'Медицинский центр', '27.10.2023', '1300', '13000', '1339', '0', '[{\"id\": 1339, \"date\": \"27.10.2023\", \"role\": \"Мед.центр\", \"user_id\": 13, \"products\": \"{\\\"date\\\": \\\"27.10.2023\\\", \\\"title\\\": \\\"Медицинский центр\\\", \\\"people\\\": 1, \\\"product\\\": null, \\\"totalPrice\\\": 1300, \\\"productList\\\": [{\\\"id\\\": 2, \\\"qty\\\": 1, \\\"price\\\": \\\"1300\\\", \\\"product\\\": \\\"Трихоскопия\\\"}]}\", \"created_at\": \"2023-10-02 11:28:10\", \"updated_at\": \"2023-10-02 11:28:10\", \"total_price\": 1300, \"name_product\": \"Медицинский центр\", \"image_product\": \"https://tourmeddriver.com/public/storage/medical_images_card/EyiOJRNs6wUPi7sgQoMJVhGrrlJBri6NiemLHDDP.jpg\", \"organization_email\": \"klimashevskijvova@gmail.com\"}]', NULL, '2023-10-03 04:01:32', '2023-10-03 04:01:32', NULL),
(455, 'user@mail.ru', 'Bombaa', 'vasyaaa12', '+375448698855', '13', 'Медицинский центр', '27.10.2023', '1300', '13000', '1339', '0', '[{\"id\": 1339, \"date\": \"27.10.2023\", \"role\": \"Мед.центр\", \"user_id\": 13, \"products\": \"{\\\"date\\\": \\\"27.10.2023\\\", \\\"title\\\": \\\"Медицинский центр\\\", \\\"people\\\": 1, \\\"product\\\": null, \\\"totalPrice\\\": 1300, \\\"productList\\\": [{\\\"id\\\": 2, \\\"qty\\\": 1, \\\"price\\\": \\\"1300\\\", \\\"product\\\": \\\"Трихоскопия\\\"}]}\", \"created_at\": \"2023-10-02 11:28:10\", \"updated_at\": \"2023-10-02 11:28:10\", \"total_price\": 1300, \"name_product\": \"Медицинский центр\", \"image_product\": \"https://tourmeddriver.com/public/storage/medical_images_card/EyiOJRNs6wUPi7sgQoMJVhGrrlJBri6NiemLHDDP.jpg\", \"organization_email\": \"klimashevskijvova@gmail.com\"}]', NULL, '2023-10-03 04:30:42', '2023-10-03 04:30:42', NULL),
(456, 'user@mail.ru', 'Bombaa', 'vasyaaa12', '+375448698855', '13', 'Медицинский центр', '27.10.2023', '1300', '13000', '1339', '0', '[{\"id\": 1339, \"date\": \"27.10.2023\", \"role\": \"Мед.центр\", \"user_id\": 13, \"products\": \"{\\\"date\\\": \\\"27.10.2023\\\", \\\"title\\\": \\\"Медицинский центр\\\", \\\"people\\\": 1, \\\"product\\\": null, \\\"totalPrice\\\": 1300, \\\"productList\\\": [{\\\"id\\\": 2, \\\"qty\\\": 1, \\\"price\\\": \\\"1300\\\", \\\"product\\\": \\\"Трихоскопия\\\"}]}\", \"created_at\": \"2023-10-02 11:28:10\", \"updated_at\": \"2023-10-02 11:28:10\", \"total_price\": 1300, \"name_product\": \"Медицинский центр\", \"image_product\": \"https://tourmeddriver.com/public/storage/medical_images_card/EyiOJRNs6wUPi7sgQoMJVhGrrlJBri6NiemLHDDP.jpg\", \"organization_email\": \"klimashevskijvova@gmail.com\"}]', NULL, '2023-10-03 05:12:03', '2023-10-03 05:12:03', NULL),
(457, 'user@mail.ru', 'Bombaa', 'vasyaaa12', '+375448698855', '13', 'Медицинский центр', '27.10.2023', '1300', '13000', '1339', '0', '[{\"id\": 1339, \"date\": \"27.10.2023\", \"role\": \"Мед.центр\", \"user_id\": 13, \"products\": \"{\\\"date\\\": \\\"27.10.2023\\\", \\\"title\\\": \\\"Медицинский центр\\\", \\\"people\\\": 1, \\\"product\\\": null, \\\"totalPrice\\\": 1300, \\\"productList\\\": [{\\\"id\\\": 2, \\\"qty\\\": 1, \\\"price\\\": \\\"1300\\\", \\\"product\\\": \\\"Трихоскопия\\\"}]}\", \"created_at\": \"2023-10-02 11:28:10\", \"updated_at\": \"2023-10-02 11:28:10\", \"total_price\": 1300, \"name_product\": \"Медицинский центр\", \"image_product\": \"https://tourmeddriver.com/public/storage/medical_images_card/EyiOJRNs6wUPi7sgQoMJVhGrrlJBri6NiemLHDDP.jpg\", \"organization_email\": \"klimashevskijvova@gmail.com\"}]', NULL, '2023-10-03 05:12:03', '2023-10-03 05:12:03', NULL),
(458, 'user@mail.ru', 'Bombaa', 'vasyaaa12', '+375448698855', '13', 'Медицинский центр', '27.10.2023', '1300', '13000', '1339', '0', '[{\"id\": 1339, \"date\": \"27.10.2023\", \"role\": \"Мед.центр\", \"user_id\": 13, \"products\": \"{\\\"date\\\": \\\"27.10.2023\\\", \\\"title\\\": \\\"Медицинский центр\\\", \\\"people\\\": 1, \\\"product\\\": null, \\\"totalPrice\\\": 1300, \\\"productList\\\": [{\\\"id\\\": 2, \\\"qty\\\": 1, \\\"price\\\": \\\"1300\\\", \\\"product\\\": \\\"Трихоскопия\\\"}]}\", \"created_at\": \"2023-10-02 11:28:10\", \"updated_at\": \"2023-10-02 11:28:10\", \"total_price\": 1300, \"name_product\": \"Медицинский центр\", \"image_product\": \"https://tourmeddriver.com/public/storage/medical_images_card/EyiOJRNs6wUPi7sgQoMJVhGrrlJBri6NiemLHDDP.jpg\", \"organization_email\": \"klimashevskijvova@gmail.com\"}]', NULL, '2023-10-03 05:15:01', '2023-10-03 05:15:01', NULL);
INSERT INTO `payments` (`id`, `email`, `name`, `surname`, `phone`, `user_id`, `name_product`, `date_product`, `total_price_product`, `amount`, `orderId`, `status`, `products`, `promocode`, `created_at`, `updated_at`, `email_status`) VALUES
(459, 'user@mail.ru', 'Bombaa', 'vasyaaa12', '+375448698855', '13', 'Медицинский центр', '27.10.2023', '1300', '13000', '1339', '0', '[{\"id\": 1339, \"date\": \"27.10.2023\", \"role\": \"Мед.центр\", \"user_id\": 13, \"products\": \"{\\\"date\\\": \\\"27.10.2023\\\", \\\"title\\\": \\\"Медицинский центр\\\", \\\"people\\\": 1, \\\"product\\\": null, \\\"totalPrice\\\": 1300, \\\"productList\\\": [{\\\"id\\\": 2, \\\"qty\\\": 1, \\\"price\\\": \\\"1300\\\", \\\"product\\\": \\\"Трихоскопия\\\"}]}\", \"created_at\": \"2023-10-02 11:28:10\", \"updated_at\": \"2023-10-02 11:28:10\", \"total_price\": 1300, \"name_product\": \"Медицинский центр\", \"image_product\": \"https://tourmeddriver.com/public/storage/medical_images_card/EyiOJRNs6wUPi7sgQoMJVhGrrlJBri6NiemLHDDP.jpg\", \"organization_email\": \"klimashevskijvova@gmail.com\"}]', NULL, '2023-10-03 05:15:11', '2023-10-03 05:15:11', NULL),
(460, 'user@mail.ru', 'Bombaa', 'vasyaaa12', '+375448698855', '13', 'Медицинский центр', '27.10.2023', '1300', '13000', '1339', '0', '[{\"id\": 1339, \"date\": \"27.10.2023\", \"role\": \"Мед.центр\", \"user_id\": 13, \"products\": \"{\\\"date\\\": \\\"27.10.2023\\\", \\\"title\\\": \\\"Медицинский центр\\\", \\\"people\\\": 1, \\\"product\\\": null, \\\"totalPrice\\\": 1300, \\\"productList\\\": [{\\\"id\\\": 2, \\\"qty\\\": 1, \\\"price\\\": \\\"1300\\\", \\\"product\\\": \\\"Трихоскопия\\\"}]}\", \"created_at\": \"2023-10-02 11:28:10\", \"updated_at\": \"2023-10-02 11:28:10\", \"total_price\": 1300, \"name_product\": \"Медицинский центр\", \"image_product\": \"https://tourmeddriver.com/public/storage/medical_images_card/EyiOJRNs6wUPi7sgQoMJVhGrrlJBri6NiemLHDDP.jpg\", \"organization_email\": \"klimashevskijvova@gmail.com\"}]', NULL, '2023-10-03 05:19:44', '2023-10-03 05:19:44', NULL),
(461, 'user@mail.ru', 'Bombaa', 'vasyaaa12', '+375448698855', '13', 'Медицинский центр', '27.10.2023', '1300', '13000', '1339', '0', '[{\"id\": 1339, \"date\": \"27.10.2023\", \"role\": \"Мед.центр\", \"user_id\": 13, \"products\": \"{\\\"date\\\": \\\"27.10.2023\\\", \\\"title\\\": \\\"Медицинский центр\\\", \\\"people\\\": 1, \\\"product\\\": null, \\\"totalPrice\\\": 1300, \\\"productList\\\": [{\\\"id\\\": 2, \\\"qty\\\": 1, \\\"price\\\": \\\"1300\\\", \\\"product\\\": \\\"Трихоскопия\\\"}]}\", \"created_at\": \"2023-10-02 11:28:10\", \"updated_at\": \"2023-10-02 11:28:10\", \"total_price\": 1300, \"name_product\": \"Медицинский центр\", \"image_product\": \"https://tourmeddriver.com/public/storage/medical_images_card/EyiOJRNs6wUPi7sgQoMJVhGrrlJBri6NiemLHDDP.jpg\", \"organization_email\": \"klimashevskijvova@gmail.com\"}]', NULL, '2023-10-03 06:26:55', '2023-10-03 06:26:55', NULL),
(462, 'user@mail.ru', 'Bombaa', 'vasyaaa12', '+375448698855', '13', 'Медицинский центр', '27.10.2023', '1300', '13000', '1339', '0', '[{\"id\": 1339, \"date\": \"27.10.2023\", \"role\": \"Мед.центр\", \"user_id\": 13, \"products\": \"{\\\"date\\\": \\\"27.10.2023\\\", \\\"title\\\": \\\"Медицинский центр\\\", \\\"people\\\": 1, \\\"product\\\": null, \\\"totalPrice\\\": 1300, \\\"productList\\\": [{\\\"id\\\": 2, \\\"qty\\\": 1, \\\"price\\\": \\\"1300\\\", \\\"product\\\": \\\"Трихоскопия\\\"}]}\", \"created_at\": \"2023-10-02 11:28:10\", \"updated_at\": \"2023-10-02 11:28:10\", \"total_price\": 1300, \"name_product\": \"Медицинский центр\", \"image_product\": \"https://tourmeddriver.com/public/storage/medical_images_card/EyiOJRNs6wUPi7sgQoMJVhGrrlJBri6NiemLHDDP.jpg\", \"organization_email\": \"klimashevskijvova@gmail.com\"}]', NULL, '2023-10-03 06:27:23', '2023-10-03 06:27:23', NULL),
(463, 'user@mail.ru', 'Bombaa', 'vasyaaa12', '+375448698855', '13', 'Медицинский центр', '27.10.2023', '1300', '13000', '1339', '0', '[{\"id\": 1339, \"date\": \"27.10.2023\", \"role\": \"Мед.центр\", \"user_id\": 13, \"products\": \"{\\\"date\\\": \\\"27.10.2023\\\", \\\"title\\\": \\\"Медицинский центр\\\", \\\"people\\\": 1, \\\"product\\\": null, \\\"totalPrice\\\": 1300, \\\"productList\\\": [{\\\"id\\\": 2, \\\"qty\\\": 1, \\\"price\\\": \\\"1300\\\", \\\"product\\\": \\\"Трихоскопия\\\"}]}\", \"created_at\": \"2023-10-02 11:28:10\", \"updated_at\": \"2023-10-02 11:28:10\", \"total_price\": 1300, \"name_product\": \"Медицинский центр\", \"image_product\": \"https://tourmeddriver.com/public/storage/medical_images_card/EyiOJRNs6wUPi7sgQoMJVhGrrlJBri6NiemLHDDP.jpg\", \"organization_email\": \"klimashevskijvova@gmail.com\"}]', NULL, '2023-10-03 06:27:23', '2023-10-03 06:27:23', NULL),
(464, 'user@mail.ru', 'Bombaa', 'vasyaaa12', '+375448698855', '13', 'Медицинский центр', '27.10.2023', '1300', '13000', '1339', '0', '[{\"id\": 1339, \"date\": \"27.10.2023\", \"role\": \"Мед.центр\", \"user_id\": 13, \"products\": \"{\\\"date\\\": \\\"27.10.2023\\\", \\\"title\\\": \\\"Медицинский центр\\\", \\\"people\\\": 1, \\\"product\\\": null, \\\"totalPrice\\\": 1300, \\\"productList\\\": [{\\\"id\\\": 2, \\\"qty\\\": 1, \\\"price\\\": \\\"1300\\\", \\\"product\\\": \\\"Трихоскопия\\\"}]}\", \"created_at\": \"2023-10-02 11:28:10\", \"updated_at\": \"2023-10-02 11:28:10\", \"total_price\": 1300, \"name_product\": \"Медицинский центр\", \"image_product\": \"https://tourmeddriver.com/public/storage/medical_images_card/EyiOJRNs6wUPi7sgQoMJVhGrrlJBri6NiemLHDDP.jpg\", \"organization_email\": \"klimashevskijvova@gmail.com\"}]', NULL, '2023-10-04 07:53:04', '2023-10-04 07:53:04', NULL),
(465, 'user@mail.ru', 'Bombaa', 'vasyaaa12', '+375448698855', '13', 'Медицинский центр', '27.10.2023', '1300', '13000', '1339', '0', '[{\"id\": 1339, \"date\": \"27.10.2023\", \"role\": \"Мед.центр\", \"user_id\": 13, \"products\": \"{\\\"date\\\": \\\"27.10.2023\\\", \\\"title\\\": \\\"Медицинский центр\\\", \\\"people\\\": 1, \\\"product\\\": null, \\\"totalPrice\\\": 1300, \\\"productList\\\": [{\\\"id\\\": 2, \\\"qty\\\": 1, \\\"price\\\": \\\"1300\\\", \\\"product\\\": \\\"Трихоскопия\\\"}]}\", \"created_at\": \"2023-10-02 11:28:10\", \"updated_at\": \"2023-10-02 11:28:10\", \"total_price\": 1300, \"name_product\": \"Медицинский центр\", \"image_product\": \"https://tourmeddriver.com/public/storage/medical_images_card/EyiOJRNs6wUPi7sgQoMJVhGrrlJBri6NiemLHDDP.jpg\", \"organization_email\": \"klimashevskijvova@gmail.com\"}]', NULL, '2023-10-04 07:53:04', '2023-10-04 07:53:04', NULL),
(466, 'user@mail.ru', 'Bombaa', 'vasyaaa12', '+375448698855', '13', 'Медицинский центр', '27.10.2023', '1300', '13000', '1339', '0', '[{\"id\": 1339, \"date\": \"27.10.2023\", \"role\": \"Мед.центр\", \"user_id\": 13, \"products\": \"{\\\"date\\\": \\\"27.10.2023\\\", \\\"title\\\": \\\"Медицинский центр\\\", \\\"people\\\": 1, \\\"product\\\": null, \\\"totalPrice\\\": 1300, \\\"productList\\\": [{\\\"id\\\": 2, \\\"qty\\\": 1, \\\"price\\\": \\\"1300\\\", \\\"product\\\": \\\"Трихоскопия\\\"}]}\", \"created_at\": \"2023-10-02 11:28:10\", \"updated_at\": \"2023-10-02 11:28:10\", \"total_price\": 1300, \"name_product\": \"Медицинский центр\", \"image_product\": \"https://tourmeddriver.com/public/storage/medical_images_card/EyiOJRNs6wUPi7sgQoMJVhGrrlJBri6NiemLHDDP.jpg\", \"organization_email\": \"klimashevskijvova@gmail.com\"}]', NULL, '2023-10-04 07:53:34', '2023-10-04 07:53:34', NULL),
(467, 'user@mail.ru', 'Bombaa', 'vasyaaa12', '+375448698855', '13', 'Медицинский центр', '27.10.2023', '1300', '13000', '1339', '0', '[{\"id\": 1339, \"date\": \"27.10.2023\", \"role\": \"Мед.центр\", \"user_id\": 13, \"products\": \"{\\\"date\\\": \\\"27.10.2023\\\", \\\"title\\\": \\\"Медицинский центр\\\", \\\"people\\\": 1, \\\"product\\\": null, \\\"totalPrice\\\": 1300, \\\"productList\\\": [{\\\"id\\\": 2, \\\"qty\\\": 1, \\\"price\\\": \\\"1300\\\", \\\"product\\\": \\\"Трихоскопия\\\"}]}\", \"created_at\": \"2023-10-02 11:28:10\", \"updated_at\": \"2023-10-02 11:28:10\", \"total_price\": 1300, \"name_product\": \"Медицинский центр\", \"image_product\": \"https://tourmeddriver.com/public/storage/medical_images_card/EyiOJRNs6wUPi7sgQoMJVhGrrlJBri6NiemLHDDP.jpg\", \"organization_email\": \"klimashevskijvova@gmail.com\"}]', NULL, '2023-10-04 07:53:34', '2023-10-04 07:53:34', NULL),
(468, 'user@mail.ru', 'Bombaa', 'vasyaaa12', '+375448698855', '13', 'Медицинский центр', '27.10.2023', '1300', '13000', '1339', '0', '[{\"id\": 1339, \"date\": \"27.10.2023\", \"role\": \"Мед.центр\", \"user_id\": 13, \"products\": \"{\\\"date\\\": \\\"27.10.2023\\\", \\\"title\\\": \\\"Медицинский центр\\\", \\\"people\\\": 1, \\\"product\\\": null, \\\"totalPrice\\\": 1300, \\\"productList\\\": [{\\\"id\\\": 2, \\\"qty\\\": 1, \\\"price\\\": \\\"1300\\\", \\\"product\\\": \\\"Трихоскопия\\\"}]}\", \"created_at\": \"2023-10-02 11:28:10\", \"updated_at\": \"2023-10-02 11:28:10\", \"total_price\": 1300, \"name_product\": \"Медицинский центр\", \"image_product\": \"https://tourmeddriver.com/public/storage/medical_images_card/EyiOJRNs6wUPi7sgQoMJVhGrrlJBri6NiemLHDDP.jpg\", \"organization_email\": \"klimashevskijvova@gmail.com\"}]', NULL, '2023-10-04 07:54:18', '2023-10-04 07:54:18', NULL),
(469, 'user@mail.ru', 'Bombaa', 'vasyaaa12', '+375448698855', '13', 'Медицинский центр', '27.10.2023', '1300', '13000', '1339', '0', '[{\"id\": 1339, \"date\": \"27.10.2023\", \"role\": \"Мед.центр\", \"user_id\": 13, \"products\": \"{\\\"date\\\": \\\"27.10.2023\\\", \\\"title\\\": \\\"Медицинский центр\\\", \\\"people\\\": 1, \\\"product\\\": null, \\\"totalPrice\\\": 1300, \\\"productList\\\": [{\\\"id\\\": 2, \\\"qty\\\": 1, \\\"price\\\": \\\"1300\\\", \\\"product\\\": \\\"Трихоскопия\\\"}]}\", \"created_at\": \"2023-10-02 11:28:10\", \"updated_at\": \"2023-10-02 11:28:10\", \"total_price\": 1300, \"name_product\": \"Медицинский центр\", \"image_product\": \"https://tourmeddriver.com/public/storage/medical_images_card/EyiOJRNs6wUPi7sgQoMJVhGrrlJBri6NiemLHDDP.jpg\", \"organization_email\": \"klimashevskijvova@gmail.com\"}]', NULL, '2023-10-04 07:54:19', '2023-10-04 07:54:19', NULL),
(470, 'user@mail.ru', 'Bombaa', 'vasyaaa12', '+375448698855', '13', 'Медицинский центр', '27.10.2023', '1300', '13000', '1339', '0', '[{\"id\": 1339, \"date\": \"27.10.2023\", \"role\": \"Мед.центр\", \"user_id\": 13, \"products\": \"{\\\"date\\\": \\\"27.10.2023\\\", \\\"title\\\": \\\"Медицинский центр\\\", \\\"people\\\": 1, \\\"product\\\": null, \\\"totalPrice\\\": 1300, \\\"productList\\\": [{\\\"id\\\": 2, \\\"qty\\\": 1, \\\"price\\\": \\\"1300\\\", \\\"product\\\": \\\"Трихоскопия\\\"}]}\", \"created_at\": \"2023-10-02 11:28:10\", \"updated_at\": \"2023-10-02 11:28:10\", \"total_price\": 1300, \"name_product\": \"Медицинский центр\", \"image_product\": \"https://tourmeddriver.com/public/storage/medical_images_card/EyiOJRNs6wUPi7sgQoMJVhGrrlJBri6NiemLHDDP.jpg\", \"organization_email\": \"klimashevskijvova@gmail.com\"}]', NULL, '2023-10-04 07:59:23', '2023-10-04 07:59:23', NULL),
(471, 'user@mail.ru', 'Bombaa', 'vasyaaa12', '+375448698855', '13', 'Медицинский центр', '27.10.2023', '1300', '13000', '1339', '0', '[{\"id\": 1339, \"date\": \"27.10.2023\", \"role\": \"Мед.центр\", \"user_id\": 13, \"products\": \"{\\\"date\\\": \\\"27.10.2023\\\", \\\"title\\\": \\\"Медицинский центр\\\", \\\"people\\\": 1, \\\"product\\\": null, \\\"totalPrice\\\": 1300, \\\"productList\\\": [{\\\"id\\\": 2, \\\"qty\\\": 1, \\\"price\\\": \\\"1300\\\", \\\"product\\\": \\\"Трихоскопия\\\"}]}\", \"created_at\": \"2023-10-02 11:28:10\", \"updated_at\": \"2023-10-02 11:28:10\", \"total_price\": 1300, \"name_product\": \"Медицинский центр\", \"image_product\": \"https://tourmeddriver.com/public/storage/medical_images_card/EyiOJRNs6wUPi7sgQoMJVhGrrlJBri6NiemLHDDP.jpg\", \"organization_email\": \"klimashevskijvova@gmail.com\"}]', NULL, '2023-10-04 07:59:30', '2023-10-04 07:59:30', NULL),
(472, 'user@mail.ru', 'Bombaa', 'vasyaaa12', '+375448698855', '13', 'Медицинский центр', '27.10.2023', '1300', '13000', '1339', '0', '[{\"id\": 1339, \"date\": \"27.10.2023\", \"role\": \"Мед.центр\", \"user_id\": 13, \"products\": \"{\\\"date\\\": \\\"27.10.2023\\\", \\\"title\\\": \\\"Медицинский центр\\\", \\\"people\\\": 1, \\\"product\\\": null, \\\"totalPrice\\\": 1300, \\\"productList\\\": [{\\\"id\\\": 2, \\\"qty\\\": 1, \\\"price\\\": \\\"1300\\\", \\\"product\\\": \\\"Трихоскопия\\\"}]}\", \"created_at\": \"2023-10-02 11:28:10\", \"updated_at\": \"2023-10-02 11:28:10\", \"total_price\": 1300, \"name_product\": \"Медицинский центр\", \"image_product\": \"https://tourmeddriver.com/public/storage/medical_images_card/EyiOJRNs6wUPi7sgQoMJVhGrrlJBri6NiemLHDDP.jpg\", \"organization_email\": \"klimashevskijvova@gmail.com\"}]', NULL, '2023-10-04 07:59:31', '2023-10-04 07:59:31', NULL),
(473, 'user@mail.ru', 'Bombaa', 'vasyaaa12', '+375448698855', '13', 'Медицинский центр', '27.10.2023', '1300', '13000', '1339', '0', '[{\"id\": 1339, \"date\": \"27.10.2023\", \"role\": \"Мед.центр\", \"user_id\": 13, \"products\": \"{\\\"date\\\": \\\"27.10.2023\\\", \\\"title\\\": \\\"Медицинский центр\\\", \\\"people\\\": 1, \\\"product\\\": null, \\\"totalPrice\\\": 1300, \\\"productList\\\": [{\\\"id\\\": 2, \\\"qty\\\": 1, \\\"price\\\": \\\"1300\\\", \\\"product\\\": \\\"Трихоскопия\\\"}]}\", \"created_at\": \"2023-10-02 11:28:10\", \"updated_at\": \"2023-10-02 11:28:10\", \"total_price\": 1300, \"name_product\": \"Медицинский центр\", \"image_product\": \"https://tourmeddriver.com/public/storage/medical_images_card/EyiOJRNs6wUPi7sgQoMJVhGrrlJBri6NiemLHDDP.jpg\", \"organization_email\": \"klimashevskijvova@gmail.com\"}]', NULL, '2023-10-04 07:59:43', '2023-10-04 07:59:43', NULL),
(474, 'user@mail.ru', 'Bombaa', 'vasyaaa12', '+375448698855', '13', 'Медицинский центр', '27.10.2023', '1300', '13000', '1339', '0', '[{\"id\": 1339, \"date\": \"27.10.2023\", \"role\": \"Мед.центр\", \"user_id\": 13, \"products\": \"{\\\"date\\\": \\\"27.10.2023\\\", \\\"title\\\": \\\"Медицинский центр\\\", \\\"people\\\": 1, \\\"product\\\": null, \\\"totalPrice\\\": 1300, \\\"productList\\\": [{\\\"id\\\": 2, \\\"qty\\\": 1, \\\"price\\\": \\\"1300\\\", \\\"product\\\": \\\"Трихоскопия\\\"}]}\", \"created_at\": \"2023-10-02 11:28:10\", \"updated_at\": \"2023-10-02 11:28:10\", \"total_price\": 1300, \"name_product\": \"Медицинский центр\", \"image_product\": \"https://tourmeddriver.com/public/storage/medical_images_card/EyiOJRNs6wUPi7sgQoMJVhGrrlJBri6NiemLHDDP.jpg\", \"organization_email\": \"klimashevskijvova@gmail.com\"}]', NULL, '2023-10-04 07:59:46', '2023-10-04 07:59:46', NULL),
(475, 'user@mail.ru', 'Bombaa', 'vasyaaa12', '+375448698855', '13', 'Медицинский центр', '27.10.2023', '1300', '13000', '1339', '0', '[{\"id\": 1339, \"date\": \"27.10.2023\", \"role\": \"Мед.центр\", \"user_id\": 13, \"products\": \"{\\\"date\\\": \\\"27.10.2023\\\", \\\"title\\\": \\\"Медицинский центр\\\", \\\"people\\\": 1, \\\"product\\\": null, \\\"totalPrice\\\": 1300, \\\"productList\\\": [{\\\"id\\\": 2, \\\"qty\\\": 1, \\\"price\\\": \\\"1300\\\", \\\"product\\\": \\\"Трихоскопия\\\"}]}\", \"created_at\": \"2023-10-02 11:28:10\", \"updated_at\": \"2023-10-02 11:28:10\", \"total_price\": 1300, \"name_product\": \"Медицинский центр\", \"image_product\": \"https://tourmeddriver.com/public/storage/medical_images_card/EyiOJRNs6wUPi7sgQoMJVhGrrlJBri6NiemLHDDP.jpg\", \"organization_email\": \"klimashevskijvova@gmail.com\"}]', NULL, '2023-10-04 08:00:49', '2023-10-04 08:00:49', NULL),
(476, 'user@mail.ru', 'Bombaa', 'vasyaaa12', '+375448698855', '13', 'Медицинский центр', '27.10.2023', '1300', '13000', '1339', '0', '[{\"id\": 1339, \"date\": \"27.10.2023\", \"role\": \"Мед.центр\", \"user_id\": 13, \"products\": \"{\\\"date\\\": \\\"27.10.2023\\\", \\\"title\\\": \\\"Медицинский центр\\\", \\\"people\\\": 1, \\\"product\\\": null, \\\"totalPrice\\\": 1300, \\\"productList\\\": [{\\\"id\\\": 2, \\\"qty\\\": 1, \\\"price\\\": \\\"1300\\\", \\\"product\\\": \\\"Трихоскопия\\\"}]}\", \"created_at\": \"2023-10-02 11:28:10\", \"updated_at\": \"2023-10-02 11:28:10\", \"total_price\": 1300, \"name_product\": \"Медицинский центр\", \"image_product\": \"https://tourmeddriver.com/public/storage/medical_images_card/EyiOJRNs6wUPi7sgQoMJVhGrrlJBri6NiemLHDDP.jpg\", \"organization_email\": \"klimashevskijvova@gmail.com\"}]', NULL, '2023-10-04 08:01:02', '2023-10-04 08:01:02', NULL),
(477, 'user@mail.ru', 'Bombaa', 'vasyaaa12', '+375448698855', '13', 'Медицинский центр', '27.10.2023', '1300', '13000', '1339', '0', '[{\"id\": 1339, \"date\": \"27.10.2023\", \"role\": \"Мед.центр\", \"user_id\": 13, \"products\": \"{\\\"date\\\": \\\"27.10.2023\\\", \\\"title\\\": \\\"Медицинский центр\\\", \\\"people\\\": 1, \\\"product\\\": null, \\\"totalPrice\\\": 1300, \\\"productList\\\": [{\\\"id\\\": 2, \\\"qty\\\": 1, \\\"price\\\": \\\"1300\\\", \\\"product\\\": \\\"Трихоскопия\\\"}]}\", \"created_at\": \"2023-10-02 11:28:10\", \"updated_at\": \"2023-10-02 11:28:10\", \"total_price\": 1300, \"name_product\": \"Медицинский центр\", \"image_product\": \"https://tourmeddriver.com/public/storage/medical_images_card/EyiOJRNs6wUPi7sgQoMJVhGrrlJBri6NiemLHDDP.jpg\", \"organization_email\": \"klimashevskijvova@gmail.com\"}]', NULL, '2023-10-04 08:02:00', '2023-10-04 08:02:00', NULL),
(478, 'user@mail.ru', 'Bombaa', 'vasyaaa12', '+375448698855', '13', 'Медицинский центр', '27.10.2023', '1300', '13000', '1339', '0', '[{\"id\": 1339, \"date\": \"27.10.2023\", \"role\": \"Мед.центр\", \"user_id\": 13, \"products\": \"{\\\"date\\\": \\\"27.10.2023\\\", \\\"title\\\": \\\"Медицинский центр\\\", \\\"people\\\": 1, \\\"product\\\": null, \\\"totalPrice\\\": 1300, \\\"productList\\\": [{\\\"id\\\": 2, \\\"qty\\\": 1, \\\"price\\\": \\\"1300\\\", \\\"product\\\": \\\"Трихоскопия\\\"}]}\", \"created_at\": \"2023-10-02 11:28:10\", \"updated_at\": \"2023-10-02 11:28:10\", \"total_price\": 1300, \"name_product\": \"Медицинский центр\", \"image_product\": \"https://tourmeddriver.com/public/storage/medical_images_card/EyiOJRNs6wUPi7sgQoMJVhGrrlJBri6NiemLHDDP.jpg\", \"organization_email\": \"klimashevskijvova@gmail.com\"}]', NULL, '2023-10-04 08:02:03', '2023-10-04 08:02:03', NULL),
(479, 'user@mail.ru', 'Bombaa', 'vasyaaa12', '+375448698855', '13', 'Медицинский центр', '27.10.2023', '1300', '13000', '1339', '0', '[{\"id\": 1339, \"date\": \"27.10.2023\", \"role\": \"Мед.центр\", \"user_id\": 13, \"products\": \"{\\\"date\\\": \\\"27.10.2023\\\", \\\"title\\\": \\\"Медицинский центр\\\", \\\"people\\\": 1, \\\"product\\\": null, \\\"totalPrice\\\": 1300, \\\"productList\\\": [{\\\"id\\\": 2, \\\"qty\\\": 1, \\\"price\\\": \\\"1300\\\", \\\"product\\\": \\\"Трихоскопия\\\"}]}\", \"created_at\": \"2023-10-02 11:28:10\", \"updated_at\": \"2023-10-02 11:28:10\", \"total_price\": 1300, \"name_product\": \"Медицинский центр\", \"image_product\": \"https://tourmeddriver.com/public/storage/medical_images_card/EyiOJRNs6wUPi7sgQoMJVhGrrlJBri6NiemLHDDP.jpg\", \"organization_email\": \"klimashevskijvova@gmail.com\"}]', NULL, '2023-10-04 08:02:13', '2023-10-04 08:02:13', NULL),
(480, 'user@mail.ru', 'Bombaa', 'vasyaaa12', '+375448698855', '13', 'Медицинский центр', '27.10.2023', '1300', '13000', '1339', '0', '[{\"id\": 1339, \"date\": \"27.10.2023\", \"role\": \"Мед.центр\", \"user_id\": 13, \"products\": \"{\\\"date\\\": \\\"27.10.2023\\\", \\\"title\\\": \\\"Медицинский центр\\\", \\\"people\\\": 1, \\\"product\\\": null, \\\"totalPrice\\\": 1300, \\\"productList\\\": [{\\\"id\\\": 2, \\\"qty\\\": 1, \\\"price\\\": \\\"1300\\\", \\\"product\\\": \\\"Трихоскопия\\\"}]}\", \"created_at\": \"2023-10-02 11:28:10\", \"updated_at\": \"2023-10-02 11:28:10\", \"total_price\": 1300, \"name_product\": \"Медицинский центр\", \"image_product\": \"https://tourmeddriver.com/public/storage/medical_images_card/EyiOJRNs6wUPi7sgQoMJVhGrrlJBri6NiemLHDDP.jpg\", \"organization_email\": \"klimashevskijvova@gmail.com\"}]', NULL, '2023-10-04 08:02:18', '2023-10-04 08:02:18', NULL),
(481, 'user@mail.ru', 'Bombaa', 'vasyaaa12', '+375448698855', '13', 'Медицинский центр', '27.10.2023', '1300', '13000', '1339', '0', '[{\"id\": 1339, \"date\": \"27.10.2023\", \"role\": \"Мед.центр\", \"user_id\": 13, \"products\": \"{\\\"date\\\": \\\"27.10.2023\\\", \\\"title\\\": \\\"Медицинский центр\\\", \\\"people\\\": 1, \\\"product\\\": null, \\\"totalPrice\\\": 1300, \\\"productList\\\": [{\\\"id\\\": 2, \\\"qty\\\": 1, \\\"price\\\": \\\"1300\\\", \\\"product\\\": \\\"Трихоскопия\\\"}]}\", \"created_at\": \"2023-10-02 11:28:10\", \"updated_at\": \"2023-10-02 11:28:10\", \"total_price\": 1300, \"name_product\": \"Медицинский центр\", \"image_product\": \"https://tourmeddriver.com/public/storage/medical_images_card/EyiOJRNs6wUPi7sgQoMJVhGrrlJBri6NiemLHDDP.jpg\", \"organization_email\": \"klimashevskijvova@gmail.com\"}]', NULL, '2023-10-04 08:02:39', '2023-10-04 08:02:39', NULL),
(482, 'user@mail.ru', 'Bombaa', 'vasyaaa12', '+375448698855', '13', 'Медицинский центр', '27.10.2023', '1300', '13000', '1339', '0', '[{\"id\": 1339, \"date\": \"27.10.2023\", \"role\": \"Мед.центр\", \"user_id\": 13, \"products\": \"{\\\"date\\\": \\\"27.10.2023\\\", \\\"title\\\": \\\"Медицинский центр\\\", \\\"people\\\": 1, \\\"product\\\": null, \\\"totalPrice\\\": 1300, \\\"productList\\\": [{\\\"id\\\": 2, \\\"qty\\\": 1, \\\"price\\\": \\\"1300\\\", \\\"product\\\": \\\"Трихоскопия\\\"}]}\", \"created_at\": \"2023-10-02 11:28:10\", \"updated_at\": \"2023-10-02 11:28:10\", \"total_price\": 1300, \"name_product\": \"Медицинский центр\", \"image_product\": \"https://tourmeddriver.com/public/storage/medical_images_card/EyiOJRNs6wUPi7sgQoMJVhGrrlJBri6NiemLHDDP.jpg\", \"organization_email\": \"klimashevskijvova@gmail.com\"}]', NULL, '2023-10-04 08:02:49', '2023-10-04 08:02:49', NULL),
(483, 'user@mail.ru', 'Bombaa', 'vasyaaa12', '+375448698855', '13', 'Медицинский центр', '27.10.2023', '1300', '13000', '1339', '0', '[{\"id\": 1339, \"date\": \"27.10.2023\", \"role\": \"Мед.центр\", \"user_id\": 13, \"products\": \"{\\\"date\\\": \\\"27.10.2023\\\", \\\"title\\\": \\\"Медицинский центр\\\", \\\"people\\\": 1, \\\"product\\\": null, \\\"totalPrice\\\": 1300, \\\"productList\\\": [{\\\"id\\\": 2, \\\"qty\\\": 1, \\\"price\\\": \\\"1300\\\", \\\"product\\\": \\\"Трихоскопия\\\"}]}\", \"created_at\": \"2023-10-02 11:28:10\", \"updated_at\": \"2023-10-02 11:28:10\", \"total_price\": 1300, \"name_product\": \"Медицинский центр\", \"image_product\": \"https://tourmeddriver.com/public/storage/medical_images_card/EyiOJRNs6wUPi7sgQoMJVhGrrlJBri6NiemLHDDP.jpg\", \"organization_email\": \"klimashevskijvova@gmail.com\"}]', NULL, '2023-10-04 08:02:54', '2023-10-04 08:02:54', NULL),
(484, 'user@mail.ru', 'Bombaa', 'vasyaaa12', '+375448698855', '13', 'Медицинский центр', '27.10.2023', '1300', '13000', '1339', '0', '[{\"id\": 1339, \"date\": \"27.10.2023\", \"role\": \"Мед.центр\", \"user_id\": 13, \"products\": \"{\\\"date\\\": \\\"27.10.2023\\\", \\\"title\\\": \\\"Медицинский центр\\\", \\\"people\\\": 1, \\\"product\\\": null, \\\"totalPrice\\\": 1300, \\\"productList\\\": [{\\\"id\\\": 2, \\\"qty\\\": 1, \\\"price\\\": \\\"1300\\\", \\\"product\\\": \\\"Трихоскопия\\\"}]}\", \"created_at\": \"2023-10-02 11:28:10\", \"updated_at\": \"2023-10-02 11:28:10\", \"total_price\": 1300, \"name_product\": \"Медицинский центр\", \"image_product\": \"https://tourmeddriver.com/public/storage/medical_images_card/EyiOJRNs6wUPi7sgQoMJVhGrrlJBri6NiemLHDDP.jpg\", \"organization_email\": \"klimashevskijvova@gmail.com\"}]', NULL, '2023-10-04 08:03:01', '2023-10-04 08:03:01', NULL),
(485, 'user@mail.ru', 'Bombaa', 'vasyaaa12', '+375448698855', '13', 'Медицинский центр', '27.10.2023', '1300', '13000', '1339', '0', '[{\"id\": 1339, \"date\": \"27.10.2023\", \"role\": \"Мед.центр\", \"user_id\": 13, \"products\": \"{\\\"date\\\": \\\"27.10.2023\\\", \\\"title\\\": \\\"Медицинский центр\\\", \\\"people\\\": 1, \\\"product\\\": null, \\\"totalPrice\\\": 1300, \\\"productList\\\": [{\\\"id\\\": 2, \\\"qty\\\": 1, \\\"price\\\": \\\"1300\\\", \\\"product\\\": \\\"Трихоскопия\\\"}]}\", \"created_at\": \"2023-10-02 11:28:10\", \"updated_at\": \"2023-10-02 11:28:10\", \"total_price\": 1300, \"name_product\": \"Медицинский центр\", \"image_product\": \"https://tourmeddriver.com/public/storage/medical_images_card/EyiOJRNs6wUPi7sgQoMJVhGrrlJBri6NiemLHDDP.jpg\", \"organization_email\": \"klimashevskijvova@gmail.com\"}]', NULL, '2023-10-04 08:03:04', '2023-10-04 08:03:04', NULL),
(486, 'user@mail.ru', 'Bombaa', 'vasyaaa12', '+375448698855', '13', 'Медицинский центр', '27.10.2023', '1300', '13000', '1339', '0', '[{\"id\": 1339, \"date\": \"27.10.2023\", \"role\": \"Мед.центр\", \"user_id\": 13, \"products\": \"{\\\"date\\\": \\\"27.10.2023\\\", \\\"title\\\": \\\"Медицинский центр\\\", \\\"people\\\": 1, \\\"product\\\": null, \\\"totalPrice\\\": 1300, \\\"productList\\\": [{\\\"id\\\": 2, \\\"qty\\\": 1, \\\"price\\\": \\\"1300\\\", \\\"product\\\": \\\"Трихоскопия\\\"}]}\", \"created_at\": \"2023-10-02 11:28:10\", \"updated_at\": \"2023-10-02 11:28:10\", \"total_price\": 1300, \"name_product\": \"Медицинский центр\", \"image_product\": \"https://tourmeddriver.com/public/storage/medical_images_card/EyiOJRNs6wUPi7sgQoMJVhGrrlJBri6NiemLHDDP.jpg\", \"organization_email\": \"klimashevskijvova@gmail.com\"}]', NULL, '2023-10-04 08:03:06', '2023-10-04 08:03:06', NULL),
(487, 'user@mail.ru', 'Bombaa', 'vasyaaa12', '+375448698855', '13', 'Медицинский центр', '27.10.2023', '1300', '13000', '1339', '0', '[{\"id\": 1339, \"date\": \"27.10.2023\", \"role\": \"Мед.центр\", \"user_id\": 13, \"products\": \"{\\\"date\\\": \\\"27.10.2023\\\", \\\"title\\\": \\\"Медицинский центр\\\", \\\"people\\\": 1, \\\"product\\\": null, \\\"totalPrice\\\": 1300, \\\"productList\\\": [{\\\"id\\\": 2, \\\"qty\\\": 1, \\\"price\\\": \\\"1300\\\", \\\"product\\\": \\\"Трихоскопия\\\"}]}\", \"created_at\": \"2023-10-02 11:28:10\", \"updated_at\": \"2023-10-02 11:28:10\", \"total_price\": 1300, \"name_product\": \"Медицинский центр\", \"image_product\": \"https://tourmeddriver.com/public/storage/medical_images_card/EyiOJRNs6wUPi7sgQoMJVhGrrlJBri6NiemLHDDP.jpg\", \"organization_email\": \"klimashevskijvova@gmail.com\"}]', NULL, '2023-10-04 08:06:15', '2023-10-04 08:06:15', NULL),
(488, 'user@mail.ru', 'Bombaa', 'vasyaaa12', '+375448698855', '13', 'Медицинский центр', '27.10.2023', '1300', '13000', '1339', '0', '[{\"id\": 1339, \"date\": \"27.10.2023\", \"role\": \"Мед.центр\", \"user_id\": 13, \"products\": \"{\\\"date\\\": \\\"27.10.2023\\\", \\\"title\\\": \\\"Медицинский центр\\\", \\\"people\\\": 1, \\\"product\\\": null, \\\"totalPrice\\\": 1300, \\\"productList\\\": [{\\\"id\\\": 2, \\\"qty\\\": 1, \\\"price\\\": \\\"1300\\\", \\\"product\\\": \\\"Трихоскопия\\\"}]}\", \"created_at\": \"2023-10-02 11:28:10\", \"updated_at\": \"2023-10-02 11:28:10\", \"total_price\": 1300, \"name_product\": \"Медицинский центр\", \"image_product\": \"https://tourmeddriver.com/public/storage/medical_images_card/EyiOJRNs6wUPi7sgQoMJVhGrrlJBri6NiemLHDDP.jpg\", \"organization_email\": \"klimashevskijvova@gmail.com\"}]', NULL, '2023-10-04 08:12:09', '2023-10-04 08:12:09', NULL),
(489, 'user@mail.ru', 'Bombaa', 'vasyaaa12', '+375448698855', '13', 'Медицинский центр', '27.10.2023', '1300', '13000', '1339', '0', '[{\"id\": 1339, \"date\": \"27.10.2023\", \"role\": \"Мед.центр\", \"user_id\": 13, \"products\": \"{\\\"date\\\": \\\"27.10.2023\\\", \\\"title\\\": \\\"Медицинский центр\\\", \\\"people\\\": 1, \\\"product\\\": null, \\\"totalPrice\\\": 1300, \\\"productList\\\": [{\\\"id\\\": 2, \\\"qty\\\": 1, \\\"price\\\": \\\"1300\\\", \\\"product\\\": \\\"Трихоскопия\\\"}]}\", \"created_at\": \"2023-10-02 11:28:10\", \"updated_at\": \"2023-10-02 11:28:10\", \"total_price\": 1300, \"name_product\": \"Медицинский центр\", \"image_product\": \"https://tourmeddriver.com/public/storage/medical_images_card/EyiOJRNs6wUPi7sgQoMJVhGrrlJBri6NiemLHDDP.jpg\", \"organization_email\": \"klimashevskijvova@gmail.com\"}]', NULL, '2023-10-04 08:14:12', '2023-10-04 08:14:12', NULL),
(490, 'user@mail.ru', 'Bombaa', 'vasyaaa12', '+375448698855', '13', 'Медицинский центр', '27.10.2023', '1300', '13000', '1339', '0', '[{\"id\": 1339, \"date\": \"27.10.2023\", \"role\": \"Мед.центр\", \"user_id\": 13, \"products\": \"{\\\"date\\\": \\\"27.10.2023\\\", \\\"title\\\": \\\"Медицинский центр\\\", \\\"people\\\": 1, \\\"product\\\": null, \\\"totalPrice\\\": 1300, \\\"productList\\\": [{\\\"id\\\": 2, \\\"qty\\\": 1, \\\"price\\\": \\\"1300\\\", \\\"product\\\": \\\"Трихоскопия\\\"}]}\", \"created_at\": \"2023-10-02 11:28:10\", \"updated_at\": \"2023-10-02 11:28:10\", \"total_price\": 1300, \"name_product\": \"Медицинский центр\", \"image_product\": \"https://tourmeddriver.com/public/storage/medical_images_card/EyiOJRNs6wUPi7sgQoMJVhGrrlJBri6NiemLHDDP.jpg\", \"organization_email\": \"klimashevskijvova@gmail.com\"}]', NULL, '2023-10-04 08:14:21', '2023-10-04 08:14:21', NULL),
(491, 'user@mail.ru', 'Bombaa', 'vasyaaa12', '+375448698855', '13', 'Медицинский центр', '27.10.2023', '1300', '13000', '1339', '0', '[{\"id\": 1339, \"date\": \"27.10.2023\", \"role\": \"Мед.центр\", \"user_id\": 13, \"products\": \"{\\\"date\\\": \\\"27.10.2023\\\", \\\"title\\\": \\\"Медицинский центр\\\", \\\"people\\\": 1, \\\"product\\\": null, \\\"totalPrice\\\": 1300, \\\"productList\\\": [{\\\"id\\\": 2, \\\"qty\\\": 1, \\\"price\\\": \\\"1300\\\", \\\"product\\\": \\\"Трихоскопия\\\"}]}\", \"created_at\": \"2023-10-02 11:28:10\", \"updated_at\": \"2023-10-02 11:28:10\", \"total_price\": 1300, \"name_product\": \"Медицинский центр\", \"image_product\": \"https://tourmeddriver.com/public/storage/medical_images_card/EyiOJRNs6wUPi7sgQoMJVhGrrlJBri6NiemLHDDP.jpg\", \"organization_email\": \"klimashevskijvova@gmail.com\"}]', NULL, '2023-10-04 08:14:31', '2023-10-04 08:14:31', NULL),
(492, 'user@mail.ru', 'Bombaa', 'vasyaaa12', '+375448698855', '13', 'Медицинский центр', '27.10.2023', '1300', '13000', '1339', '0', '[{\"id\": 1339, \"date\": \"27.10.2023\", \"role\": \"Мед.центр\", \"user_id\": 13, \"products\": \"{\\\"date\\\": \\\"27.10.2023\\\", \\\"title\\\": \\\"Медицинский центр\\\", \\\"people\\\": 1, \\\"product\\\": null, \\\"totalPrice\\\": 1300, \\\"productList\\\": [{\\\"id\\\": 2, \\\"qty\\\": 1, \\\"price\\\": \\\"1300\\\", \\\"product\\\": \\\"Трихоскопия\\\"}]}\", \"created_at\": \"2023-10-02 11:28:10\", \"updated_at\": \"2023-10-02 11:28:10\", \"total_price\": 1300, \"name_product\": \"Медицинский центр\", \"image_product\": \"https://tourmeddriver.com/public/storage/medical_images_card/EyiOJRNs6wUPi7sgQoMJVhGrrlJBri6NiemLHDDP.jpg\", \"organization_email\": \"klimashevskijvova@gmail.com\"}]', NULL, '2023-10-04 08:14:55', '2023-10-04 08:14:55', NULL),
(493, 'user@mail.ru', 'Bombaa', 'vasyaaa12', '+375448698855', '13', 'Медицинский центр', '27.10.2023', '1300', '13000', '1339', '0', '[{\"id\": 1339, \"date\": \"27.10.2023\", \"role\": \"Мед.центр\", \"user_id\": 13, \"products\": \"{\\\"date\\\": \\\"27.10.2023\\\", \\\"title\\\": \\\"Медицинский центр\\\", \\\"people\\\": 1, \\\"product\\\": null, \\\"totalPrice\\\": 1300, \\\"productList\\\": [{\\\"id\\\": 2, \\\"qty\\\": 1, \\\"price\\\": \\\"1300\\\", \\\"product\\\": \\\"Трихоскопия\\\"}]}\", \"created_at\": \"2023-10-02 11:28:10\", \"updated_at\": \"2023-10-02 11:28:10\", \"total_price\": 1300, \"name_product\": \"Медицинский центр\", \"image_product\": \"https://tourmeddriver.com/public/storage/medical_images_card/EyiOJRNs6wUPi7sgQoMJVhGrrlJBri6NiemLHDDP.jpg\", \"organization_email\": \"klimashevskijvova@gmail.com\"}]', NULL, '2023-10-04 08:22:12', '2023-10-04 08:22:12', NULL),
(494, 'user@mail.ru', 'Bombaa', 'vasyaaa12', '+375448698855', '13', 'Медицинский центр', '27.10.2023', '1300', '13000', '1339', '0', '[{\"id\": 1339, \"date\": \"27.10.2023\", \"role\": \"Мед.центр\", \"user_id\": 13, \"products\": \"{\\\"date\\\": \\\"27.10.2023\\\", \\\"title\\\": \\\"Медицинский центр\\\", \\\"people\\\": 1, \\\"product\\\": null, \\\"totalPrice\\\": 1300, \\\"productList\\\": [{\\\"id\\\": 2, \\\"qty\\\": 1, \\\"price\\\": \\\"1300\\\", \\\"product\\\": \\\"Трихоскопия\\\"}]}\", \"created_at\": \"2023-10-02 11:28:10\", \"updated_at\": \"2023-10-02 11:28:10\", \"total_price\": 1300, \"name_product\": \"Медицинский центр\", \"image_product\": \"https://tourmeddriver.com/public/storage/medical_images_card/EyiOJRNs6wUPi7sgQoMJVhGrrlJBri6NiemLHDDP.jpg\", \"organization_email\": \"klimashevskijvova@gmail.com\"}]', NULL, '2023-10-04 08:22:12', '2023-10-04 08:22:12', NULL),
(495, 'user@mail.ru', 'Bombaa', 'vasyaaa12', '+375448698855', '13', 'Медицинский центр', '27.10.2023', '1300', '13000', '1339', '0', '[{\"id\": 1339, \"date\": \"27.10.2023\", \"role\": \"Мед.центр\", \"user_id\": 13, \"products\": \"{\\\"date\\\": \\\"27.10.2023\\\", \\\"title\\\": \\\"Медицинский центр\\\", \\\"people\\\": 1, \\\"product\\\": null, \\\"totalPrice\\\": 1300, \\\"productList\\\": [{\\\"id\\\": 2, \\\"qty\\\": 1, \\\"price\\\": \\\"1300\\\", \\\"product\\\": \\\"Трихоскопия\\\"}]}\", \"created_at\": \"2023-10-02 11:28:10\", \"updated_at\": \"2023-10-02 11:28:10\", \"total_price\": 1300, \"name_product\": \"Медицинский центр\", \"image_product\": \"https://tourmeddriver.com/public/storage/medical_images_card/EyiOJRNs6wUPi7sgQoMJVhGrrlJBri6NiemLHDDP.jpg\", \"organization_email\": \"klimashevskijvova@gmail.com\"}]', NULL, '2023-10-04 09:23:48', '2023-10-04 09:23:48', NULL),
(496, 'user@mail.ru', 'Bombaa', 'vasyaaa12', '+375448698855', '13', 'Медицинский центр', '27.10.2023', '1300', '13000', '1339', '0', '[{\"id\": 1339, \"date\": \"27.10.2023\", \"role\": \"Мед.центр\", \"user_id\": 13, \"products\": \"{\\\"date\\\": \\\"27.10.2023\\\", \\\"title\\\": \\\"Медицинский центр\\\", \\\"people\\\": 1, \\\"product\\\": null, \\\"totalPrice\\\": 1300, \\\"productList\\\": [{\\\"id\\\": 2, \\\"qty\\\": 1, \\\"price\\\": \\\"1300\\\", \\\"product\\\": \\\"Трихоскопия\\\"}]}\", \"created_at\": \"2023-10-02 11:28:10\", \"updated_at\": \"2023-10-02 11:28:10\", \"total_price\": 1300, \"name_product\": \"Медицинский центр\", \"image_product\": \"https://tourmeddriver.com/public/storage/medical_images_card/EyiOJRNs6wUPi7sgQoMJVhGrrlJBri6NiemLHDDP.jpg\", \"organization_email\": \"klimashevskijvova@gmail.com\"}]', NULL, '2023-10-04 09:23:48', '2023-10-04 09:23:48', NULL),
(497, 'user@mail.ru', 'Bombaa', 'vasyaaa12', '+375448698855', '13', 'Медицинский центр', '27.10.2023', '1300', '13000', '1339', '0', '[{\"id\": 1339, \"date\": \"27.10.2023\", \"role\": \"Мед.центр\", \"user_id\": 13, \"products\": \"{\\\"date\\\": \\\"27.10.2023\\\", \\\"title\\\": \\\"Медицинский центр\\\", \\\"people\\\": 1, \\\"product\\\": null, \\\"totalPrice\\\": 1300, \\\"productList\\\": [{\\\"id\\\": 2, \\\"qty\\\": 1, \\\"price\\\": \\\"1300\\\", \\\"product\\\": \\\"Трихоскопия\\\"}]}\", \"created_at\": \"2023-10-02 11:28:10\", \"updated_at\": \"2023-10-02 11:28:10\", \"total_price\": 1300, \"name_product\": \"Медицинский центр\", \"image_product\": \"https://tourmeddriver.com/public/storage/medical_images_card/EyiOJRNs6wUPi7sgQoMJVhGrrlJBri6NiemLHDDP.jpg\", \"organization_email\": \"klimashevskijvova@gmail.com\"}]', NULL, '2023-10-04 09:23:55', '2023-10-04 09:23:55', NULL),
(498, 'user@mail.ru', 'Bombaa', 'vasyaaa12', '+375448698855', '13', 'Медицинский центр', '27.10.2023', '1300', '13000', '1339', '0', '[{\"id\": 1339, \"date\": \"27.10.2023\", \"role\": \"Мед.центр\", \"user_id\": 13, \"products\": \"{\\\"date\\\": \\\"27.10.2023\\\", \\\"title\\\": \\\"Медицинский центр\\\", \\\"people\\\": 1, \\\"product\\\": null, \\\"totalPrice\\\": 1300, \\\"productList\\\": [{\\\"id\\\": 2, \\\"qty\\\": 1, \\\"price\\\": \\\"1300\\\", \\\"product\\\": \\\"Трихоскопия\\\"}]}\", \"created_at\": \"2023-10-02 11:28:10\", \"updated_at\": \"2023-10-02 11:28:10\", \"total_price\": 1300, \"name_product\": \"Медицинский центр\", \"image_product\": \"https://tourmeddriver.com/public/storage/medical_images_card/EyiOJRNs6wUPi7sgQoMJVhGrrlJBri6NiemLHDDP.jpg\", \"organization_email\": \"klimashevskijvova@gmail.com\"}]', NULL, '2023-10-04 09:25:37', '2023-10-04 09:25:37', NULL),
(499, 'user@mail.ru', 'Bombaa', 'vasyaaa12', '+375448698855', '13', 'Медицинский центр', '27.10.2023', '1300', '13000', '1339', '0', '[{\"id\": 1339, \"date\": \"27.10.2023\", \"role\": \"Мед.центр\", \"user_id\": 13, \"products\": \"{\\\"date\\\": \\\"27.10.2023\\\", \\\"title\\\": \\\"Медицинский центр\\\", \\\"people\\\": 1, \\\"product\\\": null, \\\"totalPrice\\\": 1300, \\\"productList\\\": [{\\\"id\\\": 2, \\\"qty\\\": 1, \\\"price\\\": \\\"1300\\\", \\\"product\\\": \\\"Трихоскопия\\\"}]}\", \"created_at\": \"2023-10-02 11:28:10\", \"updated_at\": \"2023-10-02 11:28:10\", \"total_price\": 1300, \"name_product\": \"Медицинский центр\", \"image_product\": \"https://tourmeddriver.com/public/storage/medical_images_card/EyiOJRNs6wUPi7sgQoMJVhGrrlJBri6NiemLHDDP.jpg\", \"organization_email\": \"klimashevskijvova@gmail.com\"}]', NULL, '2023-10-04 09:26:55', '2023-10-04 09:26:55', NULL),
(500, 'user@mail.ru', 'Bombaa', 'vasyaaa12', '+375448698855', '13', 'Медицинский центр', '27.10.2023', '1300', '13000', '1339', '0', '[{\"id\": 1339, \"date\": \"27.10.2023\", \"role\": \"Мед.центр\", \"user_id\": 13, \"products\": \"{\\\"date\\\": \\\"27.10.2023\\\", \\\"title\\\": \\\"Медицинский центр\\\", \\\"people\\\": 1, \\\"product\\\": null, \\\"totalPrice\\\": 1300, \\\"productList\\\": [{\\\"id\\\": 2, \\\"qty\\\": 1, \\\"price\\\": \\\"1300\\\", \\\"product\\\": \\\"Трихоскопия\\\"}]}\", \"created_at\": \"2023-10-02 11:28:10\", \"updated_at\": \"2023-10-02 11:28:10\", \"total_price\": 1300, \"name_product\": \"Медицинский центр\", \"image_product\": \"https://tourmeddriver.com/public/storage/medical_images_card/EyiOJRNs6wUPi7sgQoMJVhGrrlJBri6NiemLHDDP.jpg\", \"organization_email\": \"klimashevskijvova@gmail.com\"}]', NULL, '2023-10-04 09:26:55', '2023-10-04 09:26:55', NULL),
(501, 'user@mail.ru', 'Bombaa', 'vasyaaa12', '+375448698855', '13', 'Медицинский центр', '27.10.2023', '1300', '13000', '1339', '0', '[{\"id\": 1339, \"date\": \"27.10.2023\", \"role\": \"Мед.центр\", \"user_id\": 13, \"products\": \"{\\\"date\\\": \\\"27.10.2023\\\", \\\"title\\\": \\\"Медицинский центр\\\", \\\"people\\\": 1, \\\"product\\\": null, \\\"totalPrice\\\": 1300, \\\"productList\\\": [{\\\"id\\\": 2, \\\"qty\\\": 1, \\\"price\\\": \\\"1300\\\", \\\"product\\\": \\\"Трихоскопия\\\"}]}\", \"created_at\": \"2023-10-02 11:28:10\", \"updated_at\": \"2023-10-02 11:28:10\", \"total_price\": 1300, \"name_product\": \"Медицинский центр\", \"image_product\": \"https://tourmeddriver.com/public/storage/medical_images_card/EyiOJRNs6wUPi7sgQoMJVhGrrlJBri6NiemLHDDP.jpg\", \"organization_email\": \"klimashevskijvova@gmail.com\"}]', NULL, '2023-10-04 09:27:07', '2023-10-04 09:27:07', NULL),
(502, 'user@mail.ru', 'Bombaa', 'vasyaaa12', '+375448698855', '13', 'Медицинский центр', '27.10.2023', '1300', '13000', '1339', '0', '[{\"id\": 1339, \"date\": \"27.10.2023\", \"role\": \"Мед.центр\", \"user_id\": 13, \"products\": \"{\\\"date\\\": \\\"27.10.2023\\\", \\\"title\\\": \\\"Медицинский центр\\\", \\\"people\\\": 1, \\\"product\\\": null, \\\"totalPrice\\\": 1300, \\\"productList\\\": [{\\\"id\\\": 2, \\\"qty\\\": 1, \\\"price\\\": \\\"1300\\\", \\\"product\\\": \\\"Трихоскопия\\\"}]}\", \"created_at\": \"2023-10-02 11:28:10\", \"updated_at\": \"2023-10-02 11:28:10\", \"total_price\": 1300, \"name_product\": \"Медицинский центр\", \"image_product\": \"https://tourmeddriver.com/public/storage/medical_images_card/EyiOJRNs6wUPi7sgQoMJVhGrrlJBri6NiemLHDDP.jpg\", \"organization_email\": \"klimashevskijvova@gmail.com\"}]', NULL, '2023-10-04 09:27:07', '2023-10-04 09:27:07', NULL),
(503, 'user@mail.ru', 'Bombaa', 'vasyaaa12', '+375448698855', '13', 'Медицинский центр', '27.10.2023', '1300', '13000', '1339', '0', '[{\"id\": 1339, \"date\": \"27.10.2023\", \"role\": \"Мед.центр\", \"user_id\": 13, \"products\": \"{\\\"date\\\": \\\"27.10.2023\\\", \\\"title\\\": \\\"Медицинский центр\\\", \\\"people\\\": 1, \\\"product\\\": null, \\\"totalPrice\\\": 1300, \\\"productList\\\": [{\\\"id\\\": 2, \\\"qty\\\": 1, \\\"price\\\": \\\"1300\\\", \\\"product\\\": \\\"Трихоскопия\\\"}]}\", \"created_at\": \"2023-10-02 11:28:10\", \"updated_at\": \"2023-10-02 11:28:10\", \"total_price\": 1300, \"name_product\": \"Медицинский центр\", \"image_product\": \"https://tourmeddriver.com/public/storage/medical_images_card/EyiOJRNs6wUPi7sgQoMJVhGrrlJBri6NiemLHDDP.jpg\", \"organization_email\": \"klimashevskijvova@gmail.com\"}]', NULL, '2023-10-04 09:27:43', '2023-10-04 09:27:43', NULL),
(504, 'user@mail.ru', 'Bombaa', 'vasyaaa12', '+375448698855', '13', 'Медицинский центр', '27.10.2023', '1300', '13000', '1339', '0', '[{\"id\": 1339, \"date\": \"27.10.2023\", \"role\": \"Мед.центр\", \"user_id\": 13, \"products\": \"{\\\"date\\\": \\\"27.10.2023\\\", \\\"title\\\": \\\"Медицинский центр\\\", \\\"people\\\": 1, \\\"product\\\": null, \\\"totalPrice\\\": 1300, \\\"productList\\\": [{\\\"id\\\": 2, \\\"qty\\\": 1, \\\"price\\\": \\\"1300\\\", \\\"product\\\": \\\"Трихоскопия\\\"}]}\", \"created_at\": \"2023-10-02 11:28:10\", \"updated_at\": \"2023-10-02 11:28:10\", \"total_price\": 1300, \"name_product\": \"Медицинский центр\", \"image_product\": \"https://tourmeddriver.com/public/storage/medical_images_card/EyiOJRNs6wUPi7sgQoMJVhGrrlJBri6NiemLHDDP.jpg\", \"organization_email\": \"klimashevskijvova@gmail.com\"}]', NULL, '2023-10-04 09:28:56', '2023-10-04 09:28:56', NULL),
(505, 'user@mail.ru', 'Bombaa', 'vasyaaa12', '+375448698855', '13', 'Медицинский центр', '27.10.2023', '1300', '13000', '1339', '0', '[{\"id\": 1339, \"date\": \"27.10.2023\", \"role\": \"Мед.центр\", \"user_id\": 13, \"products\": \"{\\\"date\\\": \\\"27.10.2023\\\", \\\"title\\\": \\\"Медицинский центр\\\", \\\"people\\\": 1, \\\"product\\\": null, \\\"totalPrice\\\": 1300, \\\"productList\\\": [{\\\"id\\\": 2, \\\"qty\\\": 1, \\\"price\\\": \\\"1300\\\", \\\"product\\\": \\\"Трихоскопия\\\"}]}\", \"created_at\": \"2023-10-02 11:28:10\", \"updated_at\": \"2023-10-02 11:28:10\", \"total_price\": 1300, \"name_product\": \"Медицинский центр\", \"image_product\": \"https://tourmeddriver.com/public/storage/medical_images_card/EyiOJRNs6wUPi7sgQoMJVhGrrlJBri6NiemLHDDP.jpg\", \"organization_email\": \"klimashevskijvova@gmail.com\"}]', NULL, '2023-10-04 09:28:56', '2023-10-04 09:28:56', NULL),
(506, 'user@mail.ru', 'Bombaa', 'vasyaaa12', '+375448698855', '13', 'Кафе «Баку»', '19.10.2023', '3200', '32000', '1340', '0', '[{\"id\": 1340, \"date\": \"19.10.2023\", \"role\": \"cafe\", \"user_id\": 13, \"products\": \"{\\\"date\\\": \\\"19.10.2023\\\", \\\"title\\\": \\\"Кафе «Баку»\\\", \\\"people\\\": 2, \\\"product\\\": null, \\\"totalPrice\\\": 3200, \\\"productList\\\": [{\\\"id\\\": 18, \\\"qty\\\": 2, \\\"price\\\": \\\"300\\\", \\\"product\\\": \\\"Стейк из семги\\\"}, {\\\"id\\\": 19, \\\"qty\\\": 2, \\\"price\\\": \\\"1300\\\", \\\"product\\\": \\\"Стейк «Ковбой»\\\"}]}\", \"created_at\": \"2023-10-04 12:33:24\", \"updated_at\": \"2023-10-04 12:33:24\", \"total_price\": 3200, \"name_product\": \"Кафе «Баку»\", \"image_product\": \"https://tourmeddriver.com/public/storage/cafe_images_card/Bf620TfVhX7NAblSAGdbFh48myWnPlVF9NTLumoT.jpg\", \"organization_email\": \"cafe@mail.ru\"}]', NULL, '2023-10-04 09:33:36', '2023-10-04 09:33:36', NULL),
(507, 'user@mail.ru', 'Bombaa', 'vasyaaa12', '+375448698855', '13', 'Кафе «Баку»', '19.10.2023', '3200', '32000', '1340', '0', '[{\"id\": 1340, \"date\": \"19.10.2023\", \"role\": \"cafe\", \"user_id\": 13, \"products\": \"{\\\"date\\\": \\\"19.10.2023\\\", \\\"title\\\": \\\"Кафе «Баку»\\\", \\\"people\\\": 2, \\\"product\\\": null, \\\"totalPrice\\\": 3200, \\\"productList\\\": [{\\\"id\\\": 18, \\\"qty\\\": 2, \\\"price\\\": \\\"300\\\", \\\"product\\\": \\\"Стейк из семги\\\"}, {\\\"id\\\": 19, \\\"qty\\\": 2, \\\"price\\\": \\\"1300\\\", \\\"product\\\": \\\"Стейк «Ковбой»\\\"}]}\", \"created_at\": \"2023-10-04 12:33:24\", \"updated_at\": \"2023-10-04 12:33:24\", \"total_price\": 3200, \"name_product\": \"Кафе «Баку»\", \"image_product\": \"https://tourmeddriver.com/public/storage/cafe_images_card/Bf620TfVhX7NAblSAGdbFh48myWnPlVF9NTLumoT.jpg\", \"organization_email\": \"cafe@mail.ru\"}]', NULL, '2023-10-04 09:33:36', '2023-10-04 09:33:36', NULL),
(508, 'user@mail.ru', 'Bombaa', 'vasyaaa12', '+375448698855', '13', 'Кафе «Баку»', '19.10.2023', '900', '9000', '1341', '0', '[{\"id\": 1341, \"date\": \"19.10.2023\", \"role\": \"cafe\", \"user_id\": 13, \"products\": \"{\\\"date\\\": \\\"19.10.2023\\\", \\\"title\\\": \\\"Кафе «Баку»\\\", \\\"people\\\": 1, \\\"product\\\": null, \\\"totalPrice\\\": 900, \\\"productList\\\": [{\\\"id\\\": 18, \\\"qty\\\": 3, \\\"price\\\": \\\"300\\\", \\\"product\\\": \\\"Стейк из семги\\\"}]}\", \"created_at\": \"2023-10-04 12:33:49\", \"updated_at\": \"2023-10-04 12:33:49\", \"total_price\": 900, \"name_product\": \"Кафе «Баку»\", \"image_product\": \"https://tourmeddriver.com/public/storage/cafe_images_card/Bf620TfVhX7NAblSAGdbFh48myWnPlVF9NTLumoT.jpg\", \"organization_email\": \"cafe@mail.ru\"}]', NULL, '2023-10-04 09:33:50', '2023-10-04 09:33:50', NULL),
(509, 'user@mail.ru', 'Bombaa', 'vasyaaa12', '+375448698855', '13', 'Двухместный люкс', '-', '11600', '116000', '1342', '0', '[{\"id\": 1342, \"date\": \"-\", \"role\": \"hostel\", \"user_id\": 13, \"products\": \"{\\\"id\\\": 1, \\\"date\\\": [\\\"19.10.2023\\\", \\\"22.10.2023\\\"], \\\"berth\\\": \\\"2\\\", \\\"price\\\": 2900, \\\"title\\\": \\\"Двухместный люкс\\\", \\\"category\\\": \\\"Двухместные люкс\\\"}\", \"created_at\": \"2023-10-04 12:47:49\", \"updated_at\": \"2023-10-04 12:47:49\", \"total_price\": 11600, \"name_product\": \"Двухместный люкс\", \"image_product\": \"https://tourmeddriver.com/public/storage/hostel_images/dRUjum0WNdAh2qMC0Gyh2RfeoASNiNhsSVhBRjzO.jpg\", \"organization_email\": \"hostel@mail.ru\"}]', NULL, '2023-10-04 09:47:50', '2023-10-04 09:47:50', NULL),
(510, 'user@mail.ru', 'Bombaa', 'vasyaaa12', '+375448698855', '13', 'Двухместный люкс', '-', '11600', '116000', '1342', '0', '[{\"id\": 1342, \"date\": \"-\", \"role\": \"hostel\", \"user_id\": 13, \"products\": \"{\\\"id\\\": 1, \\\"date\\\": [\\\"19.10.2023\\\", \\\"22.10.2023\\\"], \\\"berth\\\": \\\"2\\\", \\\"price\\\": 2900, \\\"title\\\": \\\"Двухместный люкс\\\", \\\"category\\\": \\\"Двухместные люкс\\\"}\", \"created_at\": \"2023-10-04 12:47:49\", \"updated_at\": \"2023-10-04 12:47:49\", \"total_price\": 11600, \"name_product\": \"Двухместный люкс\", \"image_product\": \"https://tourmeddriver.com/public/storage/hostel_images/dRUjum0WNdAh2qMC0Gyh2RfeoASNiNhsSVhBRjzO.jpg\", \"organization_email\": \"hostel@mail.ru\"}]', NULL, '2023-10-04 09:49:04', '2023-10-04 09:49:04', NULL),
(511, 'user@mail.ru', 'Bombaa', 'vasyaaa12', '+375448698855', '13', 'Двухместный люкс', '-', '11600', '116000', '1342', '0', '[{\"id\": 1342, \"date\": \"-\", \"role\": \"hostel\", \"user_id\": 13, \"products\": \"{\\\"id\\\": 1, \\\"date\\\": [\\\"19.10.2023\\\", \\\"22.10.2023\\\"], \\\"berth\\\": \\\"2\\\", \\\"price\\\": 2900, \\\"title\\\": \\\"Двухместный люкс\\\", \\\"category\\\": \\\"Двухместные люкс\\\"}\", \"created_at\": \"2023-10-04 12:47:49\", \"updated_at\": \"2023-10-04 12:47:49\", \"total_price\": 11600, \"name_product\": \"Двухместный люкс\", \"image_product\": \"https://tourmeddriver.com/public/storage/hostel_images/dRUjum0WNdAh2qMC0Gyh2RfeoASNiNhsSVhBRjzO.jpg\", \"organization_email\": \"hostel@mail.ru\"}]', NULL, '2023-10-04 09:49:04', '2023-10-04 09:49:04', NULL),
(512, 'user@mail.ru', 'Bombaa', 'vasyaaa12', '+375448698855', '13', 'Двухместный люкс', '-', '11600', '116000', '1342', '0', '[{\"id\": 1342, \"date\": \"-\", \"role\": \"hostel\", \"user_id\": 13, \"products\": \"{\\\"id\\\": 1, \\\"date\\\": [\\\"19.10.2023\\\", \\\"22.10.2023\\\"], \\\"berth\\\": \\\"2\\\", \\\"price\\\": 2900, \\\"title\\\": \\\"Двухместный люкс\\\", \\\"category\\\": \\\"Двухместные люкс\\\"}\", \"created_at\": \"2023-10-04 12:47:49\", \"updated_at\": \"2023-10-04 12:47:49\", \"total_price\": 11600, \"name_product\": \"Двухместный люкс\", \"image_product\": \"https://tourmeddriver.com/public/storage/hostel_images/dRUjum0WNdAh2qMC0Gyh2RfeoASNiNhsSVhBRjzO.jpg\", \"organization_email\": \"hostel@mail.ru\"}]', NULL, '2023-10-04 09:56:53', '2023-10-04 09:56:53', NULL),
(513, 'user@mail.ru', 'Bombaa', 'vasyaaa12', '+375448698855', '13', 'Двухместный люкс', '-', '11600', '116000', '1342', '0', '[{\"id\": 1342, \"date\": \"-\", \"role\": \"hostel\", \"user_id\": 13, \"products\": \"{\\\"id\\\": 1, \\\"date\\\": [\\\"19.10.2023\\\", \\\"22.10.2023\\\"], \\\"berth\\\": \\\"2\\\", \\\"price\\\": 2900, \\\"title\\\": \\\"Двухместный люкс\\\", \\\"category\\\": \\\"Двухместные люкс\\\"}\", \"created_at\": \"2023-10-04 12:47:49\", \"updated_at\": \"2023-10-04 12:47:49\", \"total_price\": 11600, \"name_product\": \"Двухместный люкс\", \"image_product\": \"https://tourmeddriver.com/public/storage/hostel_images/dRUjum0WNdAh2qMC0Gyh2RfeoASNiNhsSVhBRjzO.jpg\", \"organization_email\": \"hostel@mail.ru\"}]', NULL, '2023-10-04 09:56:54', '2023-10-04 09:56:54', NULL);
INSERT INTO `payments` (`id`, `email`, `name`, `surname`, `phone`, `user_id`, `name_product`, `date_product`, `total_price_product`, `amount`, `orderId`, `status`, `products`, `promocode`, `created_at`, `updated_at`, `email_status`) VALUES
(514, 'user@mail.ru', 'Bombaa', 'vasyaaa12', '+375448698855', '13', 'Двухместный', '-', '14150', '257500', '1343', '0', '[{\"id\": 1342, \"date\": \"-\", \"role\": \"hostel\", \"user_id\": 13, \"products\": \"{\\\"id\\\": 1, \\\"date\\\": [\\\"19.10.2023\\\", \\\"22.10.2023\\\"], \\\"berth\\\": \\\"2\\\", \\\"price\\\": 2900, \\\"title\\\": \\\"Двухместный люкс\\\", \\\"category\\\": \\\"Двухместные люкс\\\"}\", \"created_at\": \"2023-10-04 12:47:49\", \"updated_at\": \"2023-10-04 12:47:49\", \"total_price\": 11600, \"name_product\": \"Двухместный люкс\", \"image_product\": \"https://tourmeddriver.com/public/storage/hostel_images/dRUjum0WNdAh2qMC0Gyh2RfeoASNiNhsSVhBRjzO.jpg\", \"organization_email\": \"hostel@mail.ru\"}, {\"id\": 1343, \"date\": \"-\", \"role\": \"sanatorium\", \"user_id\": 13, \"products\": \"{\\\"id\\\": 2, \\\"date\\\": [\\\"17.10.2023\\\", \\\"21.10.2023\\\"], \\\"berth\\\": \\\"2\\\", \\\"title\\\": \\\"Двухместный\\\", \\\"product\\\": null, \\\"category\\\": \\\"Двухместный\\\", \\\"totalPrice\\\": 6550, \\\"productList\\\": [{\\\"id\\\": 0, \\\"qty\\\": 0, \\\"price\\\": 1900, \\\"product\\\": \\\"Двухместный\\\"}, {\\\"id\\\": 1, \\\"qty\\\": 3, \\\"price\\\": \\\"300\\\", \\\"product\\\": \\\"Ванна жемчужная\\\"}, {\\\"id\\\": 2, \\\"qty\\\": 3, \\\"price\\\": \\\"1000\\\", \\\"product\\\": \\\"Ванна хвойная\\\"}, {\\\"id\\\": 3, \\\"qty\\\": 3, \\\"price\\\": \\\"250\\\", \\\"product\\\": \\\"Ванна шоколадная\\\"}]}\", \"created_at\": \"2023-10-04 12:57:23\", \"updated_at\": \"2023-10-04 12:57:23\", \"total_price\": 14150, \"name_product\": \"Двухместный\", \"image_product\": \"https://tourmeddriver.com/public/storage/sanatorium_images/asa3jyT7c6lah1RgnN9mje9vJoaM3zB5V94zPn20.jpg\", \"organization_email\": \"san@mail.ru\"}]', NULL, '2023-10-04 09:57:25', '2023-10-04 09:57:25', NULL),
(515, 'user@mail.ru', 'Bombaa', 'vasyaaa12', '+375448698855', '13', 'Двухместный', '-', '14150', '257500', '1343', '0', '[{\"id\": 1342, \"date\": \"-\", \"role\": \"hostel\", \"user_id\": 13, \"products\": \"{\\\"id\\\": 1, \\\"date\\\": [\\\"19.10.2023\\\", \\\"22.10.2023\\\"], \\\"berth\\\": \\\"2\\\", \\\"price\\\": 2900, \\\"title\\\": \\\"Двухместный люкс\\\", \\\"category\\\": \\\"Двухместные люкс\\\"}\", \"created_at\": \"2023-10-04 12:47:49\", \"updated_at\": \"2023-10-04 12:47:49\", \"total_price\": 11600, \"name_product\": \"Двухместный люкс\", \"image_product\": \"https://tourmeddriver.com/public/storage/hostel_images/dRUjum0WNdAh2qMC0Gyh2RfeoASNiNhsSVhBRjzO.jpg\", \"organization_email\": \"hostel@mail.ru\"}, {\"id\": 1343, \"date\": \"-\", \"role\": \"sanatorium\", \"user_id\": 13, \"products\": \"{\\\"id\\\": 2, \\\"date\\\": [\\\"17.10.2023\\\", \\\"21.10.2023\\\"], \\\"berth\\\": \\\"2\\\", \\\"title\\\": \\\"Двухместный\\\", \\\"product\\\": null, \\\"category\\\": \\\"Двухместный\\\", \\\"totalPrice\\\": 6550, \\\"productList\\\": [{\\\"id\\\": 0, \\\"qty\\\": 0, \\\"price\\\": 1900, \\\"product\\\": \\\"Двухместный\\\"}, {\\\"id\\\": 1, \\\"qty\\\": 3, \\\"price\\\": \\\"300\\\", \\\"product\\\": \\\"Ванна жемчужная\\\"}, {\\\"id\\\": 2, \\\"qty\\\": 3, \\\"price\\\": \\\"1000\\\", \\\"product\\\": \\\"Ванна хвойная\\\"}, {\\\"id\\\": 3, \\\"qty\\\": 3, \\\"price\\\": \\\"250\\\", \\\"product\\\": \\\"Ванна шоколадная\\\"}]}\", \"created_at\": \"2023-10-04 12:57:23\", \"updated_at\": \"2023-10-04 12:57:23\", \"total_price\": 14150, \"name_product\": \"Двухместный\", \"image_product\": \"https://tourmeddriver.com/public/storage/sanatorium_images/asa3jyT7c6lah1RgnN9mje9vJoaM3zB5V94zPn20.jpg\", \"organization_email\": \"san@mail.ru\"}]', NULL, '2023-10-04 09:57:25', '2023-10-04 09:57:25', NULL),
(516, 'user@mail.ru', 'Bombaa', 'vasyaaa12', '+375448698855', '13', 'Двухместный', '-', '14150', '141500', '1343', '0', '[{\"id\": 1343, \"date\": \"-\", \"role\": \"sanatorium\", \"user_id\": 13, \"products\": \"{\\\"id\\\": 2, \\\"date\\\": [\\\"17.10.2023\\\", \\\"21.10.2023\\\"], \\\"berth\\\": \\\"2\\\", \\\"title\\\": \\\"Двухместный\\\", \\\"product\\\": null, \\\"category\\\": \\\"Двухместный\\\", \\\"totalPrice\\\": 6550, \\\"productList\\\": [{\\\"id\\\": 0, \\\"qty\\\": 0, \\\"price\\\": 1900, \\\"product\\\": \\\"Двухместный\\\"}, {\\\"id\\\": 1, \\\"qty\\\": 3, \\\"price\\\": \\\"300\\\", \\\"product\\\": \\\"Ванна жемчужная\\\"}, {\\\"id\\\": 2, \\\"qty\\\": 3, \\\"price\\\": \\\"1000\\\", \\\"product\\\": \\\"Ванна хвойная\\\"}, {\\\"id\\\": 3, \\\"qty\\\": 3, \\\"price\\\": \\\"250\\\", \\\"product\\\": \\\"Ванна шоколадная\\\"}]}\", \"created_at\": \"2023-10-04 12:57:23\", \"updated_at\": \"2023-10-04 12:57:23\", \"total_price\": 14150, \"name_product\": \"Двухместный\", \"image_product\": \"https://tourmeddriver.com/public/storage/sanatorium_images/asa3jyT7c6lah1RgnN9mje9vJoaM3zB5V94zPn20.jpg\", \"organization_email\": \"san@mail.ru\"}]', NULL, '2023-10-04 09:57:30', '2023-10-04 09:57:30', NULL),
(517, 'user@mail.ru', 'Bombaa', 'vasyaaa12', '+375448698855', '13', 'Двухместный', '-', '14150', '141500', '1343', '0', '[{\"id\": 1343, \"date\": \"-\", \"role\": \"sanatorium\", \"user_id\": 13, \"products\": \"{\\\"id\\\": 2, \\\"date\\\": [\\\"17.10.2023\\\", \\\"21.10.2023\\\"], \\\"berth\\\": \\\"2\\\", \\\"title\\\": \\\"Двухместный\\\", \\\"product\\\": null, \\\"category\\\": \\\"Двухместный\\\", \\\"totalPrice\\\": 6550, \\\"productList\\\": [{\\\"id\\\": 0, \\\"qty\\\": 0, \\\"price\\\": 1900, \\\"product\\\": \\\"Двухместный\\\"}, {\\\"id\\\": 1, \\\"qty\\\": 3, \\\"price\\\": \\\"300\\\", \\\"product\\\": \\\"Ванна жемчужная\\\"}, {\\\"id\\\": 2, \\\"qty\\\": 3, \\\"price\\\": \\\"1000\\\", \\\"product\\\": \\\"Ванна хвойная\\\"}, {\\\"id\\\": 3, \\\"qty\\\": 3, \\\"price\\\": \\\"250\\\", \\\"product\\\": \\\"Ванна шоколадная\\\"}]}\", \"created_at\": \"2023-10-04 12:57:23\", \"updated_at\": \"2023-10-04 12:57:23\", \"total_price\": 14150, \"name_product\": \"Двухместный\", \"image_product\": \"https://tourmeddriver.com/public/storage/sanatorium_images/asa3jyT7c6lah1RgnN9mje9vJoaM3zB5V94zPn20.jpg\", \"organization_email\": \"san@mail.ru\"}]', NULL, '2023-10-04 10:04:55', '2023-10-04 10:04:55', NULL),
(518, 'user@mail.ru', 'Bombaa', 'vasyaaa12', '+375448698855', '13', 'Двухместный', '-', '14150', '141500', '1343', '0', '[{\"id\": 1343, \"date\": \"-\", \"role\": \"sanatorium\", \"user_id\": 13, \"products\": \"{\\\"id\\\": 2, \\\"date\\\": [\\\"17.10.2023\\\", \\\"21.10.2023\\\"], \\\"berth\\\": \\\"2\\\", \\\"title\\\": \\\"Двухместный\\\", \\\"product\\\": null, \\\"category\\\": \\\"Двухместный\\\", \\\"totalPrice\\\": 6550, \\\"productList\\\": [{\\\"id\\\": 0, \\\"qty\\\": 0, \\\"price\\\": 1900, \\\"product\\\": \\\"Двухместный\\\"}, {\\\"id\\\": 1, \\\"qty\\\": 3, \\\"price\\\": \\\"300\\\", \\\"product\\\": \\\"Ванна жемчужная\\\"}, {\\\"id\\\": 2, \\\"qty\\\": 3, \\\"price\\\": \\\"1000\\\", \\\"product\\\": \\\"Ванна хвойная\\\"}, {\\\"id\\\": 3, \\\"qty\\\": 3, \\\"price\\\": \\\"250\\\", \\\"product\\\": \\\"Ванна шоколадная\\\"}]}\", \"created_at\": \"2023-10-04 12:57:23\", \"updated_at\": \"2023-10-04 12:57:23\", \"total_price\": 14150, \"name_product\": \"Двухместный\", \"image_product\": \"https://tourmeddriver.com/public/storage/sanatorium_images/asa3jyT7c6lah1RgnN9mje9vJoaM3zB5V94zPn20.jpg\", \"organization_email\": \"san@mail.ru\"}]', NULL, '2023-10-04 10:04:55', '2023-10-04 10:04:55', NULL),
(519, 'user@mail.ru', 'Bombaa', 'vasyaaa12', '+375448698855', '13', 'Медицинский центр', '20.10.2023', '7800', '78000', '1344', '0', '[{\"id\": 1344, \"date\": \"20.10.2023\", \"role\": \"Мед.центр\", \"user_id\": 13, \"products\": \"{\\\"date\\\": \\\"20.10.2023\\\", \\\"title\\\": \\\"Медицинский центр\\\", \\\"people\\\": 1, \\\"product\\\": null, \\\"totalPrice\\\": 7800, \\\"productList\\\": [{\\\"id\\\": 2, \\\"qty\\\": 6, \\\"price\\\": \\\"1300\\\", \\\"product\\\": \\\"Трихоскопия\\\"}]}\", \"created_at\": \"2023-10-04 13:06:26\", \"updated_at\": \"2023-10-04 13:06:26\", \"total_price\": 7800, \"name_product\": \"Медицинский центр\", \"image_product\": \"https://tourmeddriver.com/public/storage/medical_images_card/EyiOJRNs6wUPi7sgQoMJVhGrrlJBri6NiemLHDDP.jpg\", \"organization_email\": \"klimashevskijvova@gmail.com\"}]', NULL, '2023-10-04 10:06:27', '2023-10-04 10:06:27', NULL),
(520, 'user@mail.ru', 'Bombaa', 'vasyaaa12', '+375448698855', '13', 'Медицинский центр', '13.10.2023', '1900', '19000', '1345', '0', '[{\"id\": 1345, \"date\": \"13.10.2023\", \"role\": \"Мед.центр\", \"user_id\": 13, \"products\": \"{\\\"date\\\": \\\"13.10.2023\\\", \\\"title\\\": \\\"Медицинский центр\\\", \\\"people\\\": 1, \\\"product\\\": null, \\\"totalPrice\\\": 1900, \\\"productList\\\": [{\\\"id\\\": 1, \\\"qty\\\": 2, \\\"price\\\": \\\"300\\\", \\\"product\\\": \\\"Консультация дермалогога\\\"}, {\\\"id\\\": 2, \\\"qty\\\": 1, \\\"price\\\": \\\"1300\\\", \\\"product\\\": \\\"Трихоскопия\\\"}]}\", \"created_at\": \"2023-10-04 13:12:52\", \"updated_at\": \"2023-10-04 13:12:52\", \"total_price\": 1900, \"name_product\": \"Медицинский центр\", \"image_product\": \"https://tourmeddriver.com/public/storage/medical_images_card/EyiOJRNs6wUPi7sgQoMJVhGrrlJBri6NiemLHDDP.jpg\", \"organization_email\": \"klimashevskijvova@gmail.com\"}]', NULL, '2023-10-04 10:12:52', '2023-10-04 10:12:52', NULL),
(521, 'user@mail.ru', 'Bombaa', 'vasyaaa12', '+375448698855', '13', 'Медицинский центр', '18.10.2023', '29500', '295000', '1346', '0', '[{\"id\": 1346, \"date\": \"18.10.2023\", \"role\": \"Мед.центр\", \"user_id\": 13, \"products\": \"{\\\"date\\\": \\\"18.10.2023\\\", \\\"title\\\": \\\"Медицинский центр\\\", \\\"people\\\": 2, \\\"product\\\": null, \\\"totalPrice\\\": 29500, \\\"productList\\\": [{\\\"id\\\": 1, \\\"qty\\\": 4, \\\"price\\\": \\\"300\\\", \\\"product\\\": \\\"Консультация дермалогога\\\"}, {\\\"id\\\": 2, \\\"qty\\\": 6, \\\"price\\\": \\\"1300\\\", \\\"product\\\": \\\"Трихоскопия\\\"}, {\\\"id\\\": 3, \\\"qty\\\": 7, \\\"price\\\": \\\"1400\\\", \\\"product\\\": \\\"Цифровая дерматоскопия\\\"}]}\", \"created_at\": \"2023-10-04 13:24:07\", \"updated_at\": \"2023-10-04 13:24:07\", \"total_price\": 29500, \"name_product\": \"Медицинский центр\", \"image_product\": \"https://tourmeddriver.com/public/storage/medical_images_card/EyiOJRNs6wUPi7sgQoMJVhGrrlJBri6NiemLHDDP.jpg\", \"organization_email\": \"klimashevskijvova@gmail.com\"}]', NULL, '2023-10-04 10:24:08', '2023-10-04 10:24:08', NULL),
(522, 'user@mail.ru', 'Bombaa', 'vasyaaa12', '+375448698855', '13', 'Медицинский центр', '13.10.2023', '1300', '13000', '1347', '0', '[{\"id\": 1347, \"date\": \"13.10.2023\", \"role\": \"Мед.центр\", \"user_id\": 13, \"products\": \"{\\\"date\\\": \\\"13.10.2023\\\", \\\"title\\\": \\\"Медицинский центр\\\", \\\"people\\\": 1, \\\"product\\\": null, \\\"totalPrice\\\": 1300, \\\"productList\\\": [{\\\"id\\\": 2, \\\"qty\\\": 1, \\\"price\\\": \\\"1300\\\", \\\"product\\\": \\\"Трихоскопия\\\"}]}\", \"created_at\": \"2023-10-04 13:29:29\", \"updated_at\": \"2023-10-04 13:29:29\", \"total_price\": 1300, \"name_product\": \"Медицинский центр\", \"image_product\": \"https://tourmeddriver.com/public/storage/medical_images_card/EyiOJRNs6wUPi7sgQoMJVhGrrlJBri6NiemLHDDP.jpg\", \"organization_email\": \"klimashevskijvova@gmail.com\"}]', NULL, '2023-10-04 10:29:46', '2023-10-04 10:29:46', NULL),
(523, 'user@mail.ru', 'Bombaa', 'vasyaaa12', '+375448698855', '13', 'Медицинский центр', '13.10.2023', '1300', '13000', '1347', '0', '[{\"id\": 1347, \"date\": \"13.10.2023\", \"role\": \"Мед.центр\", \"user_id\": 13, \"products\": \"{\\\"date\\\": \\\"13.10.2023\\\", \\\"title\\\": \\\"Медицинский центр\\\", \\\"people\\\": 1, \\\"product\\\": null, \\\"totalPrice\\\": 1300, \\\"productList\\\": [{\\\"id\\\": 2, \\\"qty\\\": 1, \\\"price\\\": \\\"1300\\\", \\\"product\\\": \\\"Трихоскопия\\\"}]}\", \"created_at\": \"2023-10-04 13:29:29\", \"updated_at\": \"2023-10-04 13:29:29\", \"total_price\": 1300, \"name_product\": \"Медицинский центр\", \"image_product\": \"https://tourmeddriver.com/public/storage/medical_images_card/EyiOJRNs6wUPi7sgQoMJVhGrrlJBri6NiemLHDDP.jpg\", \"organization_email\": \"klimashevskijvova@gmail.com\"}]', NULL, '2023-10-04 10:29:46', '2023-10-04 10:29:46', NULL),
(524, 'user@mail.ru', 'Bombaa', 'vasyaaa12', '+375448698855', '13', 'Медицинский центр', '12.10.2023', '300', '6000', '1349', '0', '[{\"id\": 1348, \"date\": \"14.10.2023\", \"role\": \"Мед.центр\", \"user_id\": 13, \"products\": \"{\\\"date\\\": \\\"14.10.2023\\\", \\\"title\\\": \\\"Медицинский центр\\\", \\\"people\\\": 1, \\\"product\\\": null, \\\"totalPrice\\\": 300, \\\"productList\\\": [{\\\"id\\\": 1, \\\"qty\\\": 1, \\\"price\\\": \\\"300\\\", \\\"product\\\": \\\"Консультация дермалогога\\\"}]}\", \"created_at\": \"2023-10-04 13:30:01\", \"updated_at\": \"2023-10-04 13:30:01\", \"total_price\": 300, \"name_product\": \"Медицинский центр\", \"image_product\": \"https://tourmeddriver.com/public/storage/medical_images_card/EyiOJRNs6wUPi7sgQoMJVhGrrlJBri6NiemLHDDP.jpg\", \"organization_email\": \"klimashevskijvova@gmail.com\"}, {\"id\": 1349, \"date\": \"12.10.2023\", \"role\": \"Мед.центр\", \"user_id\": 13, \"products\": \"{\\\"date\\\": \\\"12.10.2023\\\", \\\"title\\\": \\\"Медицинский центр\\\", \\\"people\\\": 1, \\\"product\\\": null, \\\"totalPrice\\\": 300, \\\"productList\\\": [{\\\"id\\\": 1, \\\"qty\\\": 1, \\\"price\\\": \\\"300\\\", \\\"product\\\": \\\"Консультация дермалогога\\\"}]}\", \"created_at\": \"2023-10-04 13:30:09\", \"updated_at\": \"2023-10-04 13:30:09\", \"total_price\": 300, \"name_product\": \"Медицинский центр\", \"image_product\": \"https://tourmeddriver.com/public/storage/medical_images_card/EyiOJRNs6wUPi7sgQoMJVhGrrlJBri6NiemLHDDP.jpg\", \"organization_email\": \"klimashevskijvova@gmail.com\"}]', NULL, '2023-10-04 10:30:09', '2023-10-04 10:30:09', 'фыв'),
(525, 'user@mail.ru', 'Bombaa', 'vasyaaa12', '+375448698855', '13', 'Салон красоты', '08 10 2023 16:41', '3800', '38000', '1350', '0', '[{\"id\": 1350, \"date\": \"08 10 2023 16:41\", \"role\": \"spa\", \"user_id\": 13, \"products\": \"{\\\"date\\\": \\\"08 10 2023 16:41\\\", \\\"people\\\": 1, \\\"product\\\": null, \\\"totalPrice\\\": 3800, \\\"productList\\\": [{\\\"id\\\": 1, \\\"qty\\\": 1, \\\"price\\\": \\\"1300\\\", \\\"product\\\": \\\"Холистик SPA-уход\\\"}, {\\\"id\\\": 2, \\\"qty\\\": 1, \\\"price\\\": \\\"1300\\\", \\\"product\\\": \\\"Фитнес SPA-уход\\\"}, {\\\"id\\\": 3, \\\"qty\\\": 1, \\\"price\\\": \\\"1200\\\", \\\"product\\\": \\\"Арома SPA-уход\\\"}]}\", \"created_at\": \"2023-10-04 13:41:42\", \"updated_at\": \"2023-10-04 13:41:42\", \"total_price\": 3800, \"name_product\": \"Салон красоты\", \"image_product\": \"https://tourmeddriver.com/storage/spa_images_card/7GsR2QNuInI8oMHqp9kiP6Fh5cCwYoNAqNCM7Ao8.jpg\", \"organization_email\": \"vladuk92@mail.ru\"}]', NULL, '2023-10-04 10:41:49', '2023-10-04 10:41:49', NULL),
(526, 'user@mail.ru', 'Bombaa', 'vasyaaa12', '+375448698855', '13', 'Салон красоты', '08 10 2023 16:41', '3800', '38000', '1350', '0', '[{\"id\": 1350, \"date\": \"08 10 2023 16:41\", \"role\": \"spa\", \"user_id\": 13, \"products\": \"{\\\"date\\\": \\\"08 10 2023 16:41\\\", \\\"people\\\": 1, \\\"product\\\": null, \\\"totalPrice\\\": 3800, \\\"productList\\\": [{\\\"id\\\": 1, \\\"qty\\\": 1, \\\"price\\\": \\\"1300\\\", \\\"product\\\": \\\"Холистик SPA-уход\\\"}, {\\\"id\\\": 2, \\\"qty\\\": 1, \\\"price\\\": \\\"1300\\\", \\\"product\\\": \\\"Фитнес SPA-уход\\\"}, {\\\"id\\\": 3, \\\"qty\\\": 1, \\\"price\\\": \\\"1200\\\", \\\"product\\\": \\\"Арома SPA-уход\\\"}]}\", \"created_at\": \"2023-10-04 13:41:42\", \"updated_at\": \"2023-10-04 13:41:42\", \"total_price\": 3800, \"name_product\": \"Салон красоты\", \"image_product\": \"https://tourmeddriver.com/storage/spa_images_card/7GsR2QNuInI8oMHqp9kiP6Fh5cCwYoNAqNCM7Ao8.jpg\", \"organization_email\": \"vladuk92@mail.ru\"}]', NULL, '2023-10-04 10:42:22', '2023-10-04 10:42:22', NULL),
(527, 'vladuk92@mail.ru', 'vova', 'Lddd', '+375173478834', '16', 'Спорт-база “Сила”', '-', '6620', '66200', '1351', '0', '[{\"id\": 1351, \"date\": \"-\", \"role\": \"sport\", \"user_id\": 16, \"products\": \"{\\\"id\\\": 1, \\\"date\\\": [\\\"12 10 2023\\\", \\\"14 10 2023\\\"], \\\"berth\\\": \\\"1\\\", \\\"title\\\": \\\"Стандарт\\\", \\\"product\\\": null, \\\"category\\\": \\\"Стандарт\\\", \\\"totalPrice\\\": 6020, \\\"productList\\\": [{\\\"id\\\": 1, \\\"qty\\\": 1, \\\"price\\\": \\\"4100\\\", \\\"product\\\": \\\"Теннисный корт\\\"}, {\\\"id\\\": 2, \\\"qty\\\": 1, \\\"price\\\": \\\"300\\\", \\\"product\\\": \\\"Ракетка\\\"}, {\\\"id\\\": 3, \\\"qty\\\": 1, \\\"price\\\": \\\"1200\\\", \\\"product\\\": \\\"Бассейн\\\"}, {\\\"id\\\": 4, \\\"qty\\\": 1, \\\"price\\\": \\\"120\\\", \\\"product\\\": \\\"Очки для плавания\\\"}]}\", \"created_at\": \"2023-10-04 13:45:15\", \"updated_at\": \"2023-10-04 13:45:15\", \"total_price\": 6620, \"name_product\": \"Спорт-база “Сила”\", \"image_product\": \"https://tourmeddriver.com/storage/sport_images_card/sD7aWmfj97N6NBdW4p1NmcNC3RtJF7WaMa8QG7VX.jpg\", \"organization_email\": \"sport@mail.ru\"}]', NULL, '2023-10-04 10:45:20', '2023-10-04 10:45:20', NULL),
(528, 'vladuk92@mail.ru', 'vova', 'Lddd', '+375173478834', '16', 'Pheasants', '-', '11600', '116000', '1352', '0', '[{\"id\": 1352, \"date\": \"-\", \"role\": \"hostel\", \"user_id\": 16, \"products\": \"{\\\"id\\\": 1, \\\"date\\\": [\\\"12 10 2023\\\", \\\"15 10 2023\\\"], \\\"berth\\\": \\\"2\\\", \\\"price\\\": 11600, \\\"title\\\": \\\"Двухместный люкс\\\", \\\"category\\\": \\\"Двухместные люкс\\\"}\", \"created_at\": \"2023-10-04 13:50:30\", \"updated_at\": \"2023-10-04 13:50:30\", \"total_price\": 11600, \"name_product\": \"Pheasants\", \"image_product\": \"https://tourmeddriver.com/storage/hostel_images_card/4xpsDC6PwXRoFZcZszLNGaxKYeW31Tp4NcA6RLev.jpg\", \"organization_email\": \"hostel@mail.ru\"}]', NULL, '2023-10-04 10:50:34', '2023-10-04 10:50:34', NULL),
(529, 'vladuk92@mail.ru', 'vova', 'Lddd', '+375173478834', '16', 'Море Барабульки', '05 10 2023 16:55', '2330', '23300', '1353', '0', '[{\"id\": 1353, \"date\": \"05 10 2023 16:55\", \"role\": \"cafe\", \"user_id\": 16, \"products\": \"{\\\"date\\\": \\\"05 10 2023 16:55\\\", \\\"people\\\": 1, \\\"product\\\": null, \\\"totalPrice\\\": 2330, \\\"productList\\\": [{\\\"id\\\": 39, \\\"qty\\\": 1, \\\"price\\\": \\\"950\\\", \\\"product\\\": \\\"Дорадо на гриле\\\"}, {\\\"id\\\": 40, \\\"qty\\\": 1, \\\"price\\\": \\\"990\\\", \\\"product\\\": \\\"Камбала-калкан\\\"}, {\\\"id\\\": 41, \\\"qty\\\": 1, \\\"price\\\": \\\"390\\\", \\\"product\\\": \\\"Ставрида\\\"}]}\", \"created_at\": \"2023-10-04 13:55:09\", \"updated_at\": \"2023-10-04 13:55:09\", \"total_price\": 2330, \"name_product\": \"Море Барабульки\", \"image_product\": \"https://tourmeddriver.com/storage/cafe_images_card/XLhBDSF94w1IMO2Eqhv7yxIdnEzYIWR1Bml389Vk.jpg\", \"organization_email\": \"barabulka.fish@bk.ru\"}]', NULL, '2023-10-04 10:55:16', '2023-10-04 10:55:16', NULL),
(530, 'vladuk92@mail.ru', 'vova', 'Lddd', '+375173478834', '16', 'Салон красоты', '06 10 2023 17:06', '3800', '38000', '1354', '0', '[{\"id\": 1354, \"date\": \"06 10 2023 17:06\", \"role\": \"spa\", \"user_id\": 16, \"products\": \"{\\\"date\\\": \\\"06 10 2023 17:06\\\", \\\"people\\\": 1, \\\"product\\\": null, \\\"totalPrice\\\": 3800, \\\"productList\\\": [{\\\"id\\\": 1, \\\"qty\\\": 1, \\\"price\\\": \\\"1300\\\", \\\"product\\\": \\\"Холистик SPA-уход\\\"}, {\\\"id\\\": 2, \\\"qty\\\": 1, \\\"price\\\": \\\"1300\\\", \\\"product\\\": \\\"Фитнес SPA-уход\\\"}, {\\\"id\\\": 3, \\\"qty\\\": 1, \\\"price\\\": \\\"1200\\\", \\\"product\\\": \\\"Арома SPA-уход\\\"}]}\", \"created_at\": \"2023-10-04 14:06:15\", \"updated_at\": \"2023-10-04 14:06:15\", \"total_price\": 3800, \"name_product\": \"Салон красоты\", \"image_product\": \"https://tourmeddriver.com/storage/spa_images_card/7GsR2QNuInI8oMHqp9kiP6Fh5cCwYoNAqNCM7Ao8.jpg\", \"organization_email\": \"vladuk92@mail.ru\"}]', NULL, '2023-10-04 11:06:20', '2023-10-04 11:06:20', NULL),
(531, 'vladuk92@mail.ru', 'vova', 'Lddd', '+375173478834', '16', 'Клиника \"Семерида\"', '05 10 2023 17:10', '7500', '75000', '1355', '0', '[{\"id\": 1355, \"date\": \"05 10 2023 17:10\", \"role\": \"Мед.центр\", \"user_id\": 16, \"products\": \"{\\\"date\\\": \\\"05 10 2023 17:10\\\", \\\"people\\\": 1, \\\"product\\\": null, \\\"totalPrice\\\": 7500, \\\"productList\\\": [{\\\"id\\\": 21, \\\"qty\\\": 1, \\\"price\\\": \\\"5000\\\", \\\"product\\\": \\\"Прием врача-косметолога первичный (осмотр, консультация)\\\"}, {\\\"id\\\": 22, \\\"qty\\\": 1, \\\"price\\\": \\\"2500\\\", \\\"product\\\": \\\"Прием врача-косметолога повторный (осмотр, консультация)\\\"}]}\", \"created_at\": \"2023-10-04 14:10:41\", \"updated_at\": \"2023-10-04 14:10:41\", \"total_price\": 7500, \"name_product\": \"Клиника \\\"Семерида\\\"\", \"image_product\": \"https://tourmeddriver.com/storage/medical_images_card/wSkU0SPbTnrEQEWADsx35uiLWdfJvmaJqIYezkUn.jpg\", \"organization_email\": \"admin@mail.ru\"}]', NULL, '2023-10-04 11:10:45', '2023-10-04 11:10:45', NULL),
(532, 'vladuk92@mail.ru', 'vova', 'Lddd', '+375173478834', '16', 'Туроператор Дагестан', '-', '50000', '500000', '1356', '0', '[{\"id\": 1356, \"date\": \"-\", \"role\": \"tur\", \"user_id\": 16, \"products\": \"{\\\"id\\\": 1, \\\"date\\\": \\\"08.08.2023 - 12.08.2023\\\", \\\"berth\\\": 1, \\\"price\\\": 50000, \\\"title\\\": \\\"Экскурсионный тур по Дагестану\\\", \\\"category\\\": \\\"Отель 3 звезды\\\"}\", \"created_at\": \"2023-10-04 14:14:40\", \"updated_at\": \"2023-10-04 14:14:40\", \"total_price\": 50000, \"name_product\": \"Туроператор Дагестан\", \"image_product\": \"https://tourmeddriver.com/storage/turoperator_images_card/iNa0eRGdRldSwUK40CRr6jHdeSuQy8SPl09Y9dX1.jpg\", \"organization_email\": \"tur@mail.ru\"}]', NULL, '2023-10-04 11:14:43', '2023-10-04 11:14:43', NULL),
(533, 'vladuk92@mail.ru', 'vova', 'Lddd', '+375173478834', '16', 'Санаторий', '-', '5150', '51500', '1357', '0', '[{\"id\": 1357, \"date\": \"-\", \"role\": \"sanatorium\", \"user_id\": 16, \"products\": \"{\\\"id\\\": 1, \\\"date\\\": [\\\"05 10 2023\\\", \\\"07 10 2023\\\"], \\\"berth\\\": \\\"1\\\", \\\"title\\\": \\\"Одноместный\\\", \\\"product\\\": null, \\\"category\\\": \\\"Одноместный\\\", \\\"totalPrice\\\": 2750, \\\"productList\\\": [{\\\"id\\\": 1, \\\"qty\\\": 1, \\\"price\\\": \\\"300\\\", \\\"product\\\": \\\"Ванна жемчужная\\\"}, {\\\"id\\\": 2, \\\"qty\\\": 1, \\\"price\\\": \\\"1000\\\", \\\"product\\\": \\\"Ванна хвойная\\\"}, {\\\"id\\\": 3, \\\"qty\\\": 1, \\\"price\\\": \\\"250\\\", \\\"product\\\": \\\"Ванна шоколадная\\\"}]}\", \"created_at\": \"2023-10-04 14:17:19\", \"updated_at\": \"2023-10-04 14:17:19\", \"total_price\": 5150, \"name_product\": \"Санаторий\", \"image_product\": \"https://tourmeddriver.com/storage/sanatorium_images_card/FwDfiCCFXtALj7UjXNeR3B98kmfwQM2yVvj38tt0.jpg\", \"organization_email\": \"san@mail.ru\"}]', NULL, '2023-10-04 11:20:41', '2023-10-04 11:20:41', NULL),
(534, 'vladuk92@mail.ru', 'vova', 'Lddd', '+375173478834', '16', 'Гостевой дом Ракушка Блага', '-', '5420', '54200', '1358', '0', '[{\"id\": 1358, \"date\": \"-\", \"role\": \"hostel\", \"user_id\": 16, \"products\": \"{\\\"id\\\": 5, \\\"date\\\": [\\\"05 10 2023\\\", \\\"06 10 2023\\\"], \\\"berth\\\": \\\"4\\\", \\\"price\\\": 5420, \\\"title\\\": \\\"4-х местный улучшенный в первом корпусе\\\", \\\"category\\\": \\\"4-х местный улучшенный в первом корпусе\\\"}\", \"created_at\": \"2023-10-04 14:23:00\", \"updated_at\": \"2023-10-04 14:23:00\", \"total_price\": 5420, \"name_product\": \"Гостевой дом Ракушка Блага\", \"image_product\": \"https://tourmeddriver.com/storage/hostel_images_card/Ybc6VOWGktCw37RAKRzcsLopzPCKLWBBZaUBQ8aA.webp\", \"organization_email\": \"rakushka023@yandex.ru\"}]', NULL, '2023-10-04 11:23:03', '2023-10-04 11:23:03', NULL),
(535, 'vladuk92@mail.ru', 'vova', 'Lddd', '+375173478834', '16', 'Спорт-база “Сила”', '-', '5000', '50000', '1359', '0', '[{\"id\": 1359, \"date\": \"-\", \"role\": \"sport\", \"user_id\": 16, \"products\": \"{\\\"id\\\": 1, \\\"date\\\": [\\\"05 10 2023\\\", \\\"06 10 2023\\\"], \\\"berth\\\": \\\"1\\\", \\\"title\\\": \\\"Стандарт\\\", \\\"product\\\": null, \\\"category\\\": \\\"Стандарт\\\", \\\"totalPrice\\\": 4700, \\\"productList\\\": [{\\\"id\\\": 1, \\\"qty\\\": 1, \\\"price\\\": \\\"4100\\\", \\\"product\\\": \\\"Теннисный корт\\\"}, {\\\"id\\\": 2, \\\"qty\\\": 1, \\\"price\\\": \\\"300\\\", \\\"product\\\": \\\"Ракетка\\\"}]}\", \"created_at\": \"2023-10-04 15:10:07\", \"updated_at\": \"2023-10-04 15:10:07\", \"total_price\": 5000, \"name_product\": \"Спорт-база “Сила”\", \"image_product\": \"https://tourmeddriver.com/storage/sport_images_card/sD7aWmfj97N6NBdW4p1NmcNC3RtJF7WaMa8QG7VX.jpg\", \"organization_email\": \"sport@mail.ru\"}]', NULL, '2023-10-04 12:10:20', '2023-10-04 12:10:20', NULL),
(536, 'user@mail.ru', 'Bombaa', 'vasyaaa12', '+375448698855', '13', 'Медицинский центр', '18.10.2023', '3200', '32000', '1360', '0', '[{\"id\": 1360, \"date\": \"18.10.2023\", \"role\": \"Мед.центр\", \"user_id\": 13, \"products\": \"{\\\"date\\\": \\\"18.10.2023\\\", \\\"title\\\": \\\"Медицинский центр\\\", \\\"people\\\": 2, \\\"product\\\": null, \\\"totalPrice\\\": 3200, \\\"productList\\\": [{\\\"id\\\": 1, \\\"qty\\\": 2, \\\"price\\\": \\\"300\\\", \\\"product\\\": \\\"Консультация дермалогога\\\"}, {\\\"id\\\": 2, \\\"qty\\\": 2, \\\"price\\\": \\\"1300\\\", \\\"product\\\": \\\"Трихоскопия\\\"}]}\", \"created_at\": \"2023-10-04 15:10:57\", \"updated_at\": \"2023-10-04 15:10:57\", \"total_price\": 3200, \"name_product\": \"Медицинский центр\", \"image_product\": \"https://tourmeddriver.com/public/storage/medical_images_card/EyiOJRNs6wUPi7sgQoMJVhGrrlJBri6NiemLHDDP.jpg\", \"organization_email\": \"klimashevskijvova@gmail.com\"}]', NULL, '2023-10-04 12:10:57', '2023-10-04 12:10:57', NULL),
(537, 'user@mail.ru', 'Bombaa', 'vasyaaa12', '+375448698855', '13', 'Клиника \"Семерида\"', '19.10.2023', '5000', '50000', '1361', '0', '[{\"id\": 1361, \"date\": \"19.10.2023\", \"role\": \"Мед.центр\", \"user_id\": 13, \"products\": \"{\\\"date\\\": \\\"19.10.2023\\\", \\\"title\\\": \\\"Клиника \\\\\\\"Семерида\\\\\\\"\\\", \\\"people\\\": 1, \\\"product\\\": null, \\\"totalPrice\\\": 5000, \\\"productList\\\": [{\\\"id\\\": 21, \\\"qty\\\": 1, \\\"price\\\": \\\"5000\\\", \\\"product\\\": \\\"Прием врача-косметолога первичный (осмотр, консультация)\\\"}]}\", \"created_at\": \"2023-10-04 15:12:55\", \"updated_at\": \"2023-10-04 15:12:55\", \"total_price\": 5000, \"name_product\": \"Клиника \\\"Семерида\\\"\", \"image_product\": \"https://tourmeddriver.com/public/storage/medical_images_card/wSkU0SPbTnrEQEWADsx35uiLWdfJvmaJqIYezkUn.jpg\", \"organization_email\": \"admin@mail.ru\"}]', NULL, '2023-10-04 12:13:04', '2023-10-04 12:13:04', NULL),
(538, 'user@mail.ru', 'Bombaa', 'vasyaaa12', '+375448698855', '13', 'Клиника \"Семерида\"', '19.10.2023', '5000', '50000', '1361', '0', '[{\"id\": 1361, \"date\": \"19.10.2023\", \"role\": \"Мед.центр\", \"user_id\": 13, \"products\": \"{\\\"date\\\": \\\"19.10.2023\\\", \\\"title\\\": \\\"Клиника \\\\\\\"Семерида\\\\\\\"\\\", \\\"people\\\": 1, \\\"product\\\": null, \\\"totalPrice\\\": 5000, \\\"productList\\\": [{\\\"id\\\": 21, \\\"qty\\\": 1, \\\"price\\\": \\\"5000\\\", \\\"product\\\": \\\"Прием врача-косметолога первичный (осмотр, консультация)\\\"}]}\", \"created_at\": \"2023-10-04 15:12:55\", \"updated_at\": \"2023-10-04 15:12:55\", \"total_price\": 5000, \"name_product\": \"Клиника \\\"Семерида\\\"\", \"image_product\": \"https://tourmeddriver.com/public/storage/medical_images_card/wSkU0SPbTnrEQEWADsx35uiLWdfJvmaJqIYezkUn.jpg\", \"organization_email\": \"admin@mail.ru\"}]', NULL, '2023-10-04 12:13:05', '2023-10-04 12:13:05', NULL),
(539, 'user@mail.ru', 'Bombaa', 'vasyaaa12', '+375448698855', '13', 'Одноместный', '-', '5100', '105500', '1364', '0', '[{\"id\": 1362, \"date\": \"-\", \"role\": \"sanatorium\", \"user_id\": 13, \"products\": \"{\\\"id\\\": 1, \\\"date\\\": [\\\"25.10.2023\\\", \\\"27.10.2023\\\"], \\\"berth\\\": \\\"1\\\", \\\"title\\\": \\\"Одноместный\\\", \\\"product\\\": null, \\\"category\\\": \\\"Одноместный\\\", \\\"totalPrice\\\": 3050, \\\"productList\\\": [{\\\"id\\\": 0, \\\"qty\\\": 0, \\\"price\\\": 1200, \\\"product\\\": \\\"Одноместный\\\"}, {\\\"id\\\": 1, \\\"qty\\\": 2, \\\"price\\\": \\\"300\\\", \\\"product\\\": \\\"Ванна жемчужная\\\"}, {\\\"id\\\": 2, \\\"qty\\\": 1, \\\"price\\\": \\\"1000\\\", \\\"product\\\": \\\"Ванна хвойная\\\"}, {\\\"id\\\": 3, \\\"qty\\\": 1, \\\"price\\\": \\\"250\\\", \\\"product\\\": \\\"Ванна шоколадная\\\"}]}\", \"created_at\": \"2023-10-04 15:15:18\", \"updated_at\": \"2023-10-04 15:15:18\", \"total_price\": 5450, \"name_product\": \"Одноместный\", \"image_product\": \"https://tourmeddriver.com/public/storage/sanatorium_images/yCI0WVfFKT9yoUj31QI9hddZCj1xgE4tRe9Tv79n.jpg\", \"organization_email\": \"san@mail.ru\"}, {\"id\": 1364, \"date\": \"-\", \"role\": \"sanatorium\", \"user_id\": 13, \"products\": \"{\\\"id\\\": 1, \\\"date\\\": [\\\"26.10.2023\\\", \\\"29.10.2023\\\"], \\\"berth\\\": \\\"1\\\", \\\"title\\\": \\\"Одноместный\\\", \\\"product\\\": null, \\\"category\\\": \\\"Одноместный\\\", \\\"totalPrice\\\": 1500, \\\"productList\\\": [{\\\"id\\\": 0, \\\"qty\\\": 0, \\\"price\\\": 1200, \\\"product\\\": \\\"Одноместный\\\"}, {\\\"id\\\": 1, \\\"qty\\\": 1, \\\"price\\\": \\\"300\\\", \\\"product\\\": \\\"Ванна жемчужная\\\"}]}\", \"created_at\": \"2023-10-04 15:17:49\", \"updated_at\": \"2023-10-04 15:17:49\", \"total_price\": 5100, \"name_product\": \"Одноместный\", \"image_product\": \"https://tourmeddriver.com/public/storage/sanatorium_images/yCI0WVfFKT9yoUj31QI9hddZCj1xgE4tRe9Tv79n.jpg\", \"organization_email\": \"san@mail.ru\"}]', NULL, '2023-10-04 12:17:50', '2023-10-04 12:17:50', NULL),
(540, 'user@mail.ru', 'Bombaa', 'vasyaaa12', '+375448698855', '13', 'Одноместный', '-', '5100', '105500', '1364', '0', '[{\"id\": 1362, \"date\": \"-\", \"role\": \"sanatorium\", \"user_id\": 13, \"products\": \"{\\\"id\\\": 1, \\\"date\\\": [\\\"25.10.2023\\\", \\\"27.10.2023\\\"], \\\"berth\\\": \\\"1\\\", \\\"title\\\": \\\"Одноместный\\\", \\\"product\\\": null, \\\"category\\\": \\\"Одноместный\\\", \\\"totalPrice\\\": 3050, \\\"productList\\\": [{\\\"id\\\": 0, \\\"qty\\\": 0, \\\"price\\\": 1200, \\\"product\\\": \\\"Одноместный\\\"}, {\\\"id\\\": 1, \\\"qty\\\": 2, \\\"price\\\": \\\"300\\\", \\\"product\\\": \\\"Ванна жемчужная\\\"}, {\\\"id\\\": 2, \\\"qty\\\": 1, \\\"price\\\": \\\"1000\\\", \\\"product\\\": \\\"Ванна хвойная\\\"}, {\\\"id\\\": 3, \\\"qty\\\": 1, \\\"price\\\": \\\"250\\\", \\\"product\\\": \\\"Ванна шоколадная\\\"}]}\", \"created_at\": \"2023-10-04 15:15:18\", \"updated_at\": \"2023-10-04 15:15:18\", \"total_price\": 5450, \"name_product\": \"Одноместный\", \"image_product\": \"https://tourmeddriver.com/public/storage/sanatorium_images/yCI0WVfFKT9yoUj31QI9hddZCj1xgE4tRe9Tv79n.jpg\", \"organization_email\": \"san@mail.ru\"}, {\"id\": 1364, \"date\": \"-\", \"role\": \"sanatorium\", \"user_id\": 13, \"products\": \"{\\\"id\\\": 1, \\\"date\\\": [\\\"26.10.2023\\\", \\\"29.10.2023\\\"], \\\"berth\\\": \\\"1\\\", \\\"title\\\": \\\"Одноместный\\\", \\\"product\\\": null, \\\"category\\\": \\\"Одноместный\\\", \\\"totalPrice\\\": 1500, \\\"productList\\\": [{\\\"id\\\": 0, \\\"qty\\\": 0, \\\"price\\\": 1200, \\\"product\\\": \\\"Одноместный\\\"}, {\\\"id\\\": 1, \\\"qty\\\": 1, \\\"price\\\": \\\"300\\\", \\\"product\\\": \\\"Ванна жемчужная\\\"}]}\", \"created_at\": \"2023-10-04 15:17:49\", \"updated_at\": \"2023-10-04 15:17:49\", \"total_price\": 5100, \"name_product\": \"Одноместный\", \"image_product\": \"https://tourmeddriver.com/public/storage/sanatorium_images/yCI0WVfFKT9yoUj31QI9hddZCj1xgE4tRe9Tv79n.jpg\", \"organization_email\": \"san@mail.ru\"}]', NULL, '2023-10-04 12:17:50', '2023-10-04 12:17:50', NULL),
(541, 'user@mail.ru', 'Bombaa', 'vasyaaa12', '+375448698855', '13', 'Одноместный', '-', '5100', '51000', '1364', '0', '[{\"id\": 1364, \"date\": \"-\", \"role\": \"sanatorium\", \"user_id\": 13, \"products\": \"{\\\"id\\\": 1, \\\"date\\\": [\\\"26.10.2023\\\", \\\"29.10.2023\\\"], \\\"berth\\\": \\\"1\\\", \\\"title\\\": \\\"Одноместный\\\", \\\"product\\\": null, \\\"category\\\": \\\"Одноместный\\\", \\\"totalPrice\\\": 1500, \\\"productList\\\": [{\\\"id\\\": 0, \\\"qty\\\": 0, \\\"price\\\": 1200, \\\"product\\\": \\\"Одноместный\\\"}, {\\\"id\\\": 1, \\\"qty\\\": 1, \\\"price\\\": \\\"300\\\", \\\"product\\\": \\\"Ванна жемчужная\\\"}]}\", \"created_at\": \"2023-10-04 15:17:49\", \"updated_at\": \"2023-10-04 15:17:49\", \"total_price\": 5100, \"name_product\": \"Одноместный\", \"image_product\": \"https://tourmeddriver.com/public/storage/sanatorium_images/yCI0WVfFKT9yoUj31QI9hddZCj1xgE4tRe9Tv79n.jpg\", \"organization_email\": \"san@mail.ru\"}]', NULL, '2023-10-04 12:17:52', '2023-10-04 12:17:52', NULL),
(542, 'vladuk92@mail.ru', 'vova', 'Lddd', '+375173478834', '16', 'Кафе «Баку»', '05 10 2023 18:17', '2100', '21000', '1363', '0', '[{\"id\": 1363, \"date\": \"05 10 2023 18:17\", \"role\": \"cafe\", \"user_id\": 16, \"products\": \"{\\\"date\\\": \\\"05 10 2023 18:17\\\", \\\"people\\\": 1, \\\"product\\\": null, \\\"totalPrice\\\": 2100, \\\"productList\\\": [{\\\"id\\\": 18, \\\"qty\\\": 1, \\\"price\\\": \\\"300\\\", \\\"product\\\": \\\"Стейк из семги\\\"}, {\\\"id\\\": 19, \\\"qty\\\": 1, \\\"price\\\": \\\"1300\\\", \\\"product\\\": \\\"Стейк «Ковбой»\\\"}, {\\\"id\\\": 20, \\\"qty\\\": 1, \\\"price\\\": \\\"500\\\", \\\"product\\\": \\\"Стейк из куриного филе\\\"}]}\", \"created_at\": \"2023-10-04 15:17:47\", \"updated_at\": \"2023-10-04 15:17:47\", \"total_price\": 2100, \"name_product\": \"Кафе «Баку»\", \"image_product\": \"https://tourmeddriver.com/storage/cafe_images_card/Bf620TfVhX7NAblSAGdbFh48myWnPlVF9NTLumoT.jpg\", \"organization_email\": \"cafe@mail.ru\"}]', NULL, '2023-10-04 12:17:55', '2023-10-04 12:17:55', NULL),
(543, 'user@mail.ru', 'Bombaa', 'vasyaaa12', '+375448698855', '13', 'Медицинский центр', '12.10.2023', '1400', '27000', '1367', '0', '[{\"id\": 1365, \"date\": \"21.10.2023\", \"role\": \"Мед.центр\", \"user_id\": 13, \"products\": \"{\\\"date\\\": \\\"21.10.2023\\\", \\\"title\\\": \\\"Медицинский центр\\\", \\\"people\\\": 1, \\\"product\\\": null, \\\"totalPrice\\\": 1300, \\\"productList\\\": [{\\\"id\\\": 2, \\\"qty\\\": 1, \\\"price\\\": \\\"1300\\\", \\\"product\\\": \\\"Трихоскопия\\\"}]}\", \"created_at\": \"2023-10-04 15:19:18\", \"updated_at\": \"2023-10-04 15:19:18\", \"total_price\": 1300, \"name_product\": \"Медицинский центр\", \"image_product\": \"https://tourmeddriver.com/public/storage/medical_images_card/EyiOJRNs6wUPi7sgQoMJVhGrrlJBri6NiemLHDDP.jpg\", \"organization_email\": \"klimashevskijvova@gmail.com\"}, {\"id\": 1367, \"date\": \"12.10.2023\", \"role\": \"Мед.центр\", \"user_id\": 13, \"products\": \"{\\\"date\\\": \\\"12.10.2023\\\", \\\"title\\\": \\\"Медицинский центр\\\", \\\"people\\\": 1, \\\"product\\\": null, \\\"totalPrice\\\": 1400, \\\"productList\\\": [{\\\"id\\\": 3, \\\"qty\\\": 1, \\\"price\\\": \\\"1400\\\", \\\"product\\\": \\\"Цифровая дерматоскопия\\\"}]}\", \"created_at\": \"2023-10-04 15:20:47\", \"updated_at\": \"2023-10-04 15:20:47\", \"total_price\": 1400, \"name_product\": \"Медицинский центр\", \"image_product\": \"https://tourmeddriver.com/public/storage/medical_images_card/EyiOJRNs6wUPi7sgQoMJVhGrrlJBri6NiemLHDDP.jpg\", \"organization_email\": \"klimashevskijvova@gmail.com\"}]', NULL, '2023-10-04 12:20:50', '2023-10-04 12:20:50', NULL),
(544, 'user@mail.ru', 'Bombaa', 'vasyaaa12', '+375448698855', '13', 'Медицинский центр', '12.10.2023', '1400', '27000', '1367', '0', '[{\"id\": 1365, \"date\": \"21.10.2023\", \"role\": \"Мед.центр\", \"user_id\": 13, \"products\": \"{\\\"date\\\": \\\"21.10.2023\\\", \\\"title\\\": \\\"Медицинский центр\\\", \\\"people\\\": 1, \\\"product\\\": null, \\\"totalPrice\\\": 1300, \\\"productList\\\": [{\\\"id\\\": 2, \\\"qty\\\": 1, \\\"price\\\": \\\"1300\\\", \\\"product\\\": \\\"Трихоскопия\\\"}]}\", \"created_at\": \"2023-10-04 15:19:18\", \"updated_at\": \"2023-10-04 15:19:18\", \"total_price\": 1300, \"name_product\": \"Медицинский центр\", \"image_product\": \"https://tourmeddriver.com/public/storage/medical_images_card/EyiOJRNs6wUPi7sgQoMJVhGrrlJBri6NiemLHDDP.jpg\", \"organization_email\": \"klimashevskijvova@gmail.com\"}, {\"id\": 1367, \"date\": \"12.10.2023\", \"role\": \"Мед.центр\", \"user_id\": 13, \"products\": \"{\\\"date\\\": \\\"12.10.2023\\\", \\\"title\\\": \\\"Медицинский центр\\\", \\\"people\\\": 1, \\\"product\\\": null, \\\"totalPrice\\\": 1400, \\\"productList\\\": [{\\\"id\\\": 3, \\\"qty\\\": 1, \\\"price\\\": \\\"1400\\\", \\\"product\\\": \\\"Цифровая дерматоскопия\\\"}]}\", \"created_at\": \"2023-10-04 15:20:47\", \"updated_at\": \"2023-10-04 15:20:47\", \"total_price\": 1400, \"name_product\": \"Медицинский центр\", \"image_product\": \"https://tourmeddriver.com/public/storage/medical_images_card/EyiOJRNs6wUPi7sgQoMJVhGrrlJBri6NiemLHDDP.jpg\", \"organization_email\": \"klimashevskijvova@gmail.com\"}]', NULL, '2023-10-04 12:20:50', '2023-10-04 12:20:50', NULL),
(545, 'vladuk92@mail.ru', 'vova', 'Lddd', '+375173478834', '16', 'Медицинский центр', '05 10 2023 18:20', '2500', '25000', '1366', '0', '[{\"id\": 1366, \"date\": \"05 10 2023 18:20\", \"role\": \"Мед.центр\", \"user_id\": 16, \"products\": \"{\\\"date\\\": \\\"05 10 2023 18:20\\\", \\\"people\\\": 1, \\\"product\\\": null, \\\"totalPrice\\\": 2500, \\\"productList\\\": [{\\\"id\\\": 18, \\\"qty\\\": 1, \\\"price\\\": \\\"2500\\\", \\\"product\\\": \\\"Цистоскопия\\\"}]}\", \"created_at\": \"2023-10-04 15:20:47\", \"updated_at\": \"2023-10-04 15:20:47\", \"total_price\": 2500, \"name_product\": \"Медицинский центр\", \"image_product\": \"https://tourmeddriver.com/storage/medical_images_card/EyiOJRNs6wUPi7sgQoMJVhGrrlJBri6NiemLHDDP.jpg\", \"organization_email\": \"klimashevskijvova@gmail.com\"}]', NULL, '2023-10-04 12:20:51', '2023-10-04 12:20:51', NULL),
(546, 'user@mail.ru', 'Bombaa', 'vasyaaa12', '+375448698855', '13', 'Медицинский центр', '26.10.2023', '300', '3000', '1368', '0', '[{\"id\": 1368, \"date\": \"26.10.2023\", \"role\": \"Мед.центр\", \"user_id\": 13, \"products\": \"{\\\"date\\\": \\\"26.10.2023\\\", \\\"title\\\": \\\"Медицинский центр\\\", \\\"people\\\": 1, \\\"product\\\": null, \\\"totalPrice\\\": 300, \\\"productList\\\": [{\\\"id\\\": 1, \\\"qty\\\": 1, \\\"price\\\": \\\"300\\\", \\\"product\\\": \\\"Консультация дермалогога\\\"}]}\", \"created_at\": \"2023-10-04 15:21:16\", \"updated_at\": \"2023-10-04 15:21:16\", \"total_price\": 300, \"name_product\": \"Медицинский центр\", \"image_product\": \"https://tourmeddriver.com/public/storage/medical_images_card/EyiOJRNs6wUPi7sgQoMJVhGrrlJBri6NiemLHDDP.jpg\", \"organization_email\": \"klimashevskijvova@gmail.com\"}]', NULL, '2023-10-04 12:21:19', '2023-10-04 12:21:19', NULL),
(547, 'user@mail.ru', 'Bombaa', 'vasyaaa12', '+375448698855', '13', 'Медицинский центр', '26.10.2023', '300', '3000', '1368', '0', '[{\"id\": 1368, \"date\": \"26.10.2023\", \"role\": \"Мед.центр\", \"user_id\": 13, \"products\": \"{\\\"date\\\": \\\"26.10.2023\\\", \\\"title\\\": \\\"Медицинский центр\\\", \\\"people\\\": 1, \\\"product\\\": null, \\\"totalPrice\\\": 300, \\\"productList\\\": [{\\\"id\\\": 1, \\\"qty\\\": 1, \\\"price\\\": \\\"300\\\", \\\"product\\\": \\\"Консультация дермалогога\\\"}]}\", \"created_at\": \"2023-10-04 15:21:16\", \"updated_at\": \"2023-10-04 15:21:16\", \"total_price\": 300, \"name_product\": \"Медицинский центр\", \"image_product\": \"https://tourmeddriver.com/public/storage/medical_images_card/EyiOJRNs6wUPi7sgQoMJVhGrrlJBri6NiemLHDDP.jpg\", \"organization_email\": \"klimashevskijvova@gmail.com\"}]', NULL, '2023-10-04 12:21:19', '2023-10-04 12:21:19', NULL),
(548, 'user@mail.ru', 'Bombaa', 'vasyaaa12', '+375448698855', '13', 'Медицинский центр', '26.10.2023', '300', '3000', '1368', '0', '[{\"id\": 1368, \"date\": \"26.10.2023\", \"role\": \"Мед.центр\", \"user_id\": 13, \"products\": \"{\\\"date\\\": \\\"26.10.2023\\\", \\\"title\\\": \\\"Медицинский центр\\\", \\\"people\\\": 1, \\\"product\\\": null, \\\"totalPrice\\\": 300, \\\"productList\\\": [{\\\"id\\\": 1, \\\"qty\\\": 1, \\\"price\\\": \\\"300\\\", \\\"product\\\": \\\"Консультация дермалогога\\\"}]}\", \"created_at\": \"2023-10-04 15:21:16\", \"updated_at\": \"2023-10-04 15:21:16\", \"total_price\": 300, \"name_product\": \"Медицинский центр\", \"image_product\": \"https://tourmeddriver.com/public/storage/medical_images_card/EyiOJRNs6wUPi7sgQoMJVhGrrlJBri6NiemLHDDP.jpg\", \"organization_email\": \"klimashevskijvova@gmail.com\"}]', NULL, '2023-10-04 12:21:40', '2023-10-04 12:21:40', NULL),
(549, 'user@mail.ru', 'Bombaa', 'vasyaaa12', '+375448698855', '13', 'Медицинский центр', '26.10.2023', '300', '3000', '1368', '0', '[{\"id\": 1368, \"date\": \"26.10.2023\", \"role\": \"Мед.центр\", \"user_id\": 13, \"products\": \"{\\\"date\\\": \\\"26.10.2023\\\", \\\"title\\\": \\\"Медицинский центр\\\", \\\"people\\\": 1, \\\"product\\\": null, \\\"totalPrice\\\": 300, \\\"productList\\\": [{\\\"id\\\": 1, \\\"qty\\\": 1, \\\"price\\\": \\\"300\\\", \\\"product\\\": \\\"Консультация дермалогога\\\"}]}\", \"created_at\": \"2023-10-04 15:21:16\", \"updated_at\": \"2023-10-04 15:21:16\", \"total_price\": 300, \"name_product\": \"Медицинский центр\", \"image_product\": \"https://tourmeddriver.com/public/storage/medical_images_card/EyiOJRNs6wUPi7sgQoMJVhGrrlJBri6NiemLHDDP.jpg\", \"organization_email\": \"klimashevskijvova@gmail.com\"}]', NULL, '2023-10-04 12:21:40', '2023-10-04 12:21:40', NULL),
(550, 'user@mail.ru', 'Bombaa', 'vasyaaa12', '+375448698855', '13', 'Клиника \"Семерида\"', '25.10.2023', '5000', '63000', '1370', '0', '[{\"id\": 1369, \"date\": \"19.10.2023\", \"role\": \"Мед.центр\", \"user_id\": 13, \"products\": \"{\\\"date\\\": \\\"19.10.2023\\\", \\\"title\\\": \\\"Медицинский центр\\\", \\\"people\\\": 1, \\\"product\\\": null, \\\"totalPrice\\\": 1300, \\\"productList\\\": [{\\\"id\\\": 2, \\\"qty\\\": 1, \\\"price\\\": \\\"1300\\\", \\\"product\\\": \\\"Трихоскопия\\\"}]}\", \"created_at\": \"2023-10-04 15:21:50\", \"updated_at\": \"2023-10-04 15:21:50\", \"total_price\": 1300, \"name_product\": \"Медицинский центр\", \"image_product\": \"https://tourmeddriver.com/public/storage/medical_images_card/EyiOJRNs6wUPi7sgQoMJVhGrrlJBri6NiemLHDDP.jpg\", \"organization_email\": \"klimashevskijvova@gmail.com\"}, {\"id\": 1370, \"date\": \"25.10.2023\", \"role\": \"Мед.центр\", \"user_id\": 13, \"products\": \"{\\\"date\\\": \\\"25.10.2023\\\", \\\"title\\\": \\\"Клиника \\\\\\\"Семерида\\\\\\\"\\\", \\\"people\\\": 1, \\\"product\\\": null, \\\"totalPrice\\\": 5000, \\\"productList\\\": [{\\\"id\\\": 21, \\\"qty\\\": 1, \\\"price\\\": \\\"5000\\\", \\\"product\\\": \\\"Прием врача-косметолога первичный (осмотр, консультация)\\\"}]}\", \"created_at\": \"2023-10-04 15:22:06\", \"updated_at\": \"2023-10-04 15:22:06\", \"total_price\": 5000, \"name_product\": \"Клиника \\\"Семерида\\\"\", \"image_product\": \"https://tourmeddriver.com/public/storage/medical_images_card/wSkU0SPbTnrEQEWADsx35uiLWdfJvmaJqIYezkUn.jpg\", \"organization_email\": \"admin@mail.ru\"}]', NULL, '2023-10-04 12:22:09', '2023-10-04 12:22:09', NULL),
(551, 'user@mail.ru', 'Bombaa', 'vasyaaa12', '+375448698855', '13', 'Медицинский центр', '19.10.2023', '1300', '13000', '1369', '0', '[{\"id\": 1369, \"date\": \"19.10.2023\", \"role\": \"Мед.центр\", \"user_id\": 13, \"products\": \"{\\\"date\\\": \\\"19.10.2023\\\", \\\"title\\\": \\\"Медицинский центр\\\", \\\"people\\\": 1, \\\"product\\\": null, \\\"totalPrice\\\": 1300, \\\"productList\\\": [{\\\"id\\\": 2, \\\"qty\\\": 1, \\\"price\\\": \\\"1300\\\", \\\"product\\\": \\\"Трихоскопия\\\"}]}\", \"created_at\": \"2023-10-04 15:21:50\", \"updated_at\": \"2023-10-04 15:21:50\", \"total_price\": 1300, \"name_product\": \"Медицинский центр\", \"image_product\": \"https://tourmeddriver.com/public/storage/medical_images_card/EyiOJRNs6wUPi7sgQoMJVhGrrlJBri6NiemLHDDP.jpg\", \"organization_email\": \"klimashevskijvova@gmail.com\"}]', NULL, '2023-10-04 12:22:17', '2023-10-04 12:22:17', NULL),
(552, 'user@mail.ru', 'Bombaa', 'vasyaaa12', '+375448698855', '13', 'Медицинский центр', '27.10.2023', '300', '3000', '1371', '0', '[{\"id\": 1371, \"date\": \"27.10.2023\", \"role\": \"Мед.центр\", \"user_id\": 13, \"products\": \"{\\\"date\\\": \\\"27.10.2023\\\", \\\"title\\\": \\\"Медицинский центр\\\", \\\"people\\\": 1, \\\"product\\\": null, \\\"totalPrice\\\": 300, \\\"productList\\\": [{\\\"id\\\": 1, \\\"qty\\\": 1, \\\"price\\\": \\\"300\\\", \\\"product\\\": \\\"Консультация дермалогога\\\"}]}\", \"created_at\": \"2023-10-04 15:26:01\", \"updated_at\": \"2023-10-04 15:26:01\", \"total_price\": 300, \"name_product\": \"Медицинский центр\", \"image_product\": \"https://tourmeddriver.com/public/storage/medical_images_card/EyiOJRNs6wUPi7sgQoMJVhGrrlJBri6NiemLHDDP.jpg\", \"organization_email\": \"klimashevskijvova@gmail.com\"}]', NULL, '2023-10-04 12:26:03', '2023-10-04 12:26:03', NULL),
(553, 'user@mail.ru', 'Bombaa', 'vasyaaa12', '+375448698855', '13', 'Медицинский центр', '27.10.2023', '300', '3000', '1371', '0', '[{\"id\": 1371, \"date\": \"27.10.2023\", \"role\": \"Мед.центр\", \"user_id\": 13, \"products\": \"{\\\"date\\\": \\\"27.10.2023\\\", \\\"title\\\": \\\"Медицинский центр\\\", \\\"people\\\": 1, \\\"product\\\": null, \\\"totalPrice\\\": 300, \\\"productList\\\": [{\\\"id\\\": 1, \\\"qty\\\": 1, \\\"price\\\": \\\"300\\\", \\\"product\\\": \\\"Консультация дермалогога\\\"}]}\", \"created_at\": \"2023-10-04 15:26:01\", \"updated_at\": \"2023-10-04 15:26:01\", \"total_price\": 300, \"name_product\": \"Медицинский центр\", \"image_product\": \"https://tourmeddriver.com/public/storage/medical_images_card/EyiOJRNs6wUPi7sgQoMJVhGrrlJBri6NiemLHDDP.jpg\", \"organization_email\": \"klimashevskijvova@gmail.com\"}]', NULL, '2023-10-04 12:26:03', '2023-10-04 12:26:03', NULL),
(554, 'user@mail.ru', 'Bombaa', 'vasyaaa12', '+375448698855', '13', 'Одноместный', '-', '13500', '135000', '1372', '0', '[{\"id\": 1372, \"date\": \"-\", \"role\": \"sanatorium\", \"user_id\": 13, \"products\": \"{\\\"id\\\": 1, \\\"date\\\": [\\\"19.10.2023\\\", \\\"29.10.2023\\\"], \\\"berth\\\": \\\"1\\\", \\\"title\\\": \\\"Одноместный\\\", \\\"product\\\": null, \\\"category\\\": \\\"Одноместный\\\", \\\"totalPrice\\\": 1500, \\\"productList\\\": [{\\\"id\\\": 0, \\\"qty\\\": 0, \\\"price\\\": 1200, \\\"product\\\": \\\"Одноместный\\\"}, {\\\"id\\\": 1, \\\"qty\\\": 1, \\\"price\\\": \\\"300\\\", \\\"product\\\": \\\"Ванна жемчужная\\\"}]}\", \"created_at\": \"2023-10-04 15:26:19\", \"updated_at\": \"2023-10-04 15:26:19\", \"total_price\": 13500, \"name_product\": \"Одноместный\", \"image_product\": \"https://tourmeddriver.com/public/storage/sanatorium_images/yCI0WVfFKT9yoUj31QI9hddZCj1xgE4tRe9Tv79n.jpg\", \"organization_email\": \"san@mail.ru\"}]', NULL, '2023-10-04 12:28:31', '2023-10-04 12:28:31', NULL),
(555, 'user@mail.ru', 'Bombaa', 'vasyaaa12', '+375448698855', '13', 'Одноместный', '-', '13500', '135000', '1372', '0', '[{\"id\": 1372, \"date\": \"-\", \"role\": \"sanatorium\", \"user_id\": 13, \"products\": \"{\\\"id\\\": 1, \\\"date\\\": [\\\"19.10.2023\\\", \\\"29.10.2023\\\"], \\\"berth\\\": \\\"1\\\", \\\"title\\\": \\\"Одноместный\\\", \\\"product\\\": null, \\\"category\\\": \\\"Одноместный\\\", \\\"totalPrice\\\": 1500, \\\"productList\\\": [{\\\"id\\\": 0, \\\"qty\\\": 0, \\\"price\\\": 1200, \\\"product\\\": \\\"Одноместный\\\"}, {\\\"id\\\": 1, \\\"qty\\\": 1, \\\"price\\\": \\\"300\\\", \\\"product\\\": \\\"Ванна жемчужная\\\"}]}\", \"created_at\": \"2023-10-04 15:26:19\", \"updated_at\": \"2023-10-04 15:26:19\", \"total_price\": 13500, \"name_product\": \"Одноместный\", \"image_product\": \"https://tourmeddriver.com/public/storage/sanatorium_images/yCI0WVfFKT9yoUj31QI9hddZCj1xgE4tRe9Tv79n.jpg\", \"organization_email\": \"san@mail.ru\"}]', NULL, '2023-10-04 12:28:32', '2023-10-04 12:28:32', NULL);
INSERT INTO `payments` (`id`, `email`, `name`, `surname`, `phone`, `user_id`, `name_product`, `date_product`, `total_price_product`, `amount`, `orderId`, `status`, `products`, `promocode`, `created_at`, `updated_at`, `email_status`) VALUES
(556, 'user@mail.ru', 'Bombaa', 'vasyaaa12', '+375448698855', '13', 'Студия красоты Zеркала', '18.10.2023', '1300', '26000', '1374', '0', '[{\"id\": 1373, \"date\": \"21.10.2023\", \"role\": \"spa\", \"user_id\": 13, \"products\": \"{\\\"date\\\": \\\"21.10.2023\\\", \\\"title\\\": \\\"Салон красоты\\\", \\\"people\\\": 1, \\\"product\\\": null, \\\"totalPrice\\\": 1300, \\\"productList\\\": [{\\\"id\\\": 1, \\\"qty\\\": 1, \\\"price\\\": \\\"1300\\\", \\\"product\\\": \\\"Холистик SPA-уход\\\"}]}\", \"created_at\": \"2023-10-04 15:39:32\", \"updated_at\": \"2023-10-04 15:39:32\", \"total_price\": 1300, \"name_product\": \"Салон красоты\", \"image_product\": \"https://tourmeddriver.com/public/storage/spa_images_card/7GsR2QNuInI8oMHqp9kiP6Fh5cCwYoNAqNCM7Ao8.jpg\", \"organization_email\": \"vladuk92@mail.ru\"}, {\"id\": 1374, \"date\": \"18.10.2023\", \"role\": \"spa\", \"user_id\": 13, \"products\": \"{\\\"date\\\": \\\"18.10.2023\\\", \\\"title\\\": \\\"Студия красоты Zеркала\\\", \\\"people\\\": 2, \\\"product\\\": null, \\\"totalPrice\\\": 1300, \\\"productList\\\": [{\\\"id\\\": 21, \\\"qty\\\": 1, \\\"price\\\": \\\"1300\\\", \\\"product\\\": \\\"Маникюр классический/комби или аппарат + покрытие гель-лаком UNO\\\"}]}\", \"created_at\": \"2023-10-04 15:39:43\", \"updated_at\": \"2023-10-04 15:39:43\", \"total_price\": 1300, \"name_product\": \"Студия красоты Zеркала\", \"image_product\": \"https://tourmeddriver.com/public/storage/spa_images_card/gJiGmw2TNnDMF2usXvl0uOVO42gucJeo5AG590rc.jpg\", \"organization_email\": \"admin@mail.ru\"}]', NULL, '2023-10-04 12:39:45', '2023-10-04 12:39:45', NULL),
(557, 'user@mail.ru', 'Bombaa', 'vasyaaa12', '+375448698855', '13', 'Студия красоты Zеркала', '18.10.2023', '1300', '26000', '1374', '0', '[{\"id\": 1373, \"date\": \"21.10.2023\", \"role\": \"spa\", \"user_id\": 13, \"products\": \"{\\\"date\\\": \\\"21.10.2023\\\", \\\"title\\\": \\\"Салон красоты\\\", \\\"people\\\": 1, \\\"product\\\": null, \\\"totalPrice\\\": 1300, \\\"productList\\\": [{\\\"id\\\": 1, \\\"qty\\\": 1, \\\"price\\\": \\\"1300\\\", \\\"product\\\": \\\"Холистик SPA-уход\\\"}]}\", \"created_at\": \"2023-10-04 15:39:32\", \"updated_at\": \"2023-10-04 15:39:32\", \"total_price\": 1300, \"name_product\": \"Салон красоты\", \"image_product\": \"https://tourmeddriver.com/public/storage/spa_images_card/7GsR2QNuInI8oMHqp9kiP6Fh5cCwYoNAqNCM7Ao8.jpg\", \"organization_email\": \"vladuk92@mail.ru\"}, {\"id\": 1374, \"date\": \"18.10.2023\", \"role\": \"spa\", \"user_id\": 13, \"products\": \"{\\\"date\\\": \\\"18.10.2023\\\", \\\"title\\\": \\\"Студия красоты Zеркала\\\", \\\"people\\\": 2, \\\"product\\\": null, \\\"totalPrice\\\": 1300, \\\"productList\\\": [{\\\"id\\\": 21, \\\"qty\\\": 1, \\\"price\\\": \\\"1300\\\", \\\"product\\\": \\\"Маникюр классический/комби или аппарат + покрытие гель-лаком UNO\\\"}]}\", \"created_at\": \"2023-10-04 15:39:43\", \"updated_at\": \"2023-10-04 15:39:43\", \"total_price\": 1300, \"name_product\": \"Студия красоты Zеркала\", \"image_product\": \"https://tourmeddriver.com/public/storage/spa_images_card/gJiGmw2TNnDMF2usXvl0uOVO42gucJeo5AG590rc.jpg\", \"organization_email\": \"admin@mail.ru\"}]', NULL, '2023-10-04 12:39:46', '2023-10-04 12:39:46', NULL),
(558, 'user@mail.ru', 'Bombaa', 'vasyaaa12', '+375448698855', '13', 'Салон красоты', '21.10.2023', '1300', '13000', '1373', '0', '[{\"id\": 1373, \"date\": \"21.10.2023\", \"role\": \"spa\", \"user_id\": 13, \"products\": \"{\\\"date\\\": \\\"21.10.2023\\\", \\\"title\\\": \\\"Салон красоты\\\", \\\"people\\\": 1, \\\"product\\\": null, \\\"totalPrice\\\": 1300, \\\"productList\\\": [{\\\"id\\\": 1, \\\"qty\\\": 1, \\\"price\\\": \\\"1300\\\", \\\"product\\\": \\\"Холистик SPA-уход\\\"}]}\", \"created_at\": \"2023-10-04 15:39:32\", \"updated_at\": \"2023-10-04 15:39:32\", \"total_price\": 1300, \"name_product\": \"Салон красоты\", \"image_product\": \"https://tourmeddriver.com/public/storage/spa_images_card/7GsR2QNuInI8oMHqp9kiP6Fh5cCwYoNAqNCM7Ao8.jpg\", \"organization_email\": \"vladuk92@mail.ru\"}]', NULL, '2023-10-04 12:39:48', '2023-10-04 12:39:48', NULL),
(559, 'user@mail.ru', 'Bombaa', 'vasyaaa12', '+375448698855', '13', 'Студия красоты Zеркала', '20.10.2023', '900', '9000', '1375', '0', '[{\"id\": 1375, \"date\": \"20.10.2023\", \"role\": \"spa\", \"user_id\": 13, \"products\": \"{\\\"date\\\": \\\"20.10.2023\\\", \\\"title\\\": \\\"Студия красоты Zеркала\\\", \\\"people\\\": 1, \\\"product\\\": null, \\\"totalPrice\\\": 900, \\\"productList\\\": [{\\\"id\\\": 20, \\\"qty\\\": 1, \\\"price\\\": \\\"900\\\", \\\"product\\\": \\\"Классический маникюр + покрытие ELPAZA\\\"}]}\", \"created_at\": \"2023-10-04 15:51:09\", \"updated_at\": \"2023-10-04 15:51:09\", \"total_price\": 900, \"name_product\": \"Студия красоты Zеркала\", \"image_product\": \"https://tourmeddriver.com/public/storage/spa_images_card/gJiGmw2TNnDMF2usXvl0uOVO42gucJeo5AG590rc.jpg\", \"organization_email\": \"admin@mail.ru\"}]', NULL, '2023-10-04 12:51:09', '2023-10-04 12:51:09', NULL),
(560, 'user@mail.ru', 'Bombaa', 'vasyaaa12', '+375448698855', '13', 'Одноместный', '-', '8700', '96000', '1376', '0', '[{\"id\": 1375, \"date\": \"20.10.2023\", \"role\": \"spa\", \"user_id\": 13, \"products\": \"{\\\"date\\\": \\\"20.10.2023\\\", \\\"title\\\": \\\"Студия красоты Zеркала\\\", \\\"people\\\": 1, \\\"product\\\": null, \\\"totalPrice\\\": 900, \\\"productList\\\": [{\\\"id\\\": 20, \\\"qty\\\": 1, \\\"price\\\": \\\"900\\\", \\\"product\\\": \\\"Классический маникюр + покрытие ELPAZA\\\"}]}\", \"created_at\": \"2023-10-04 15:51:09\", \"updated_at\": \"2023-10-04 15:51:09\", \"total_price\": 900, \"name_product\": \"Студия красоты Zеркала\", \"image_product\": \"https://tourmeddriver.com/public/storage/spa_images_card/gJiGmw2TNnDMF2usXvl0uOVO42gucJeo5AG590rc.jpg\", \"organization_email\": \"admin@mail.ru\"}, {\"id\": 1376, \"date\": \"-\", \"role\": \"sanatorium\", \"user_id\": 13, \"products\": \"{\\\"id\\\": 1, \\\"date\\\": [\\\"14.10.2023\\\", \\\"20.10.2023\\\"], \\\"berth\\\": \\\"1\\\", \\\"title\\\": \\\"Одноместный\\\", \\\"product\\\": null, \\\"category\\\": \\\"Одноместный\\\", \\\"totalPrice\\\": 1500, \\\"productList\\\": [{\\\"id\\\": 0, \\\"qty\\\": 0, \\\"price\\\": 1200, \\\"product\\\": \\\"Одноместный\\\"}, {\\\"id\\\": 1, \\\"qty\\\": 1, \\\"price\\\": \\\"300\\\", \\\"product\\\": \\\"Ванна жемчужная\\\"}]}\", \"created_at\": \"2023-10-04 15:51:32\", \"updated_at\": \"2023-10-04 15:51:32\", \"total_price\": 8700, \"name_product\": \"Одноместный\", \"image_product\": \"https://tourmeddriver.com/public/storage/sanatorium_images/yCI0WVfFKT9yoUj31QI9hddZCj1xgE4tRe9Tv79n.jpg\", \"organization_email\": \"san@mail.ru\"}]', NULL, '2023-10-04 12:51:33', '2023-10-04 12:51:33', NULL),
(561, 'user@mail.ru', 'Bombaa', 'vasyaaa12', '+375448698855', '13', 'Одноместный', '-', '8700', '87000', '1376', '0', '[{\"id\": 1376, \"date\": \"-\", \"role\": \"sanatorium\", \"user_id\": 13, \"products\": \"{\\\"id\\\": 1, \\\"date\\\": [\\\"14.10.2023\\\", \\\"20.10.2023\\\"], \\\"berth\\\": \\\"1\\\", \\\"title\\\": \\\"Одноместный\\\", \\\"product\\\": null, \\\"category\\\": \\\"Одноместный\\\", \\\"totalPrice\\\": 1500, \\\"productList\\\": [{\\\"id\\\": 0, \\\"qty\\\": 0, \\\"price\\\": 1200, \\\"product\\\": \\\"Одноместный\\\"}, {\\\"id\\\": 1, \\\"qty\\\": 1, \\\"price\\\": \\\"300\\\", \\\"product\\\": \\\"Ванна жемчужная\\\"}]}\", \"created_at\": \"2023-10-04 15:51:32\", \"updated_at\": \"2023-10-04 15:51:32\", \"total_price\": 8700, \"name_product\": \"Одноместный\", \"image_product\": \"https://tourmeddriver.com/public/storage/sanatorium_images/yCI0WVfFKT9yoUj31QI9hddZCj1xgE4tRe9Tv79n.jpg\", \"organization_email\": \"san@mail.ru\"}]', NULL, '2023-10-04 12:51:41', '2023-10-04 12:51:41', NULL),
(562, 'user@mail.ru', 'Bombaa', 'vasyaaa12', '+375448698855', '13', 'Медицинский центр', '13.10.2023', '5200', '65000', '1378', '0', '[{\"id\": 1377, \"date\": \"20.10.2023\", \"role\": \"Мед.центр\", \"user_id\": 13, \"products\": \"{\\\"date\\\": \\\"20.10.2023\\\", \\\"title\\\": \\\"Медицинский центр\\\", \\\"people\\\": 1, \\\"product\\\": null, \\\"totalPrice\\\": 1300, \\\"productList\\\": [{\\\"id\\\": 2, \\\"qty\\\": 1, \\\"price\\\": \\\"1300\\\", \\\"product\\\": \\\"Трихоскопия\\\"}]}\", \"created_at\": \"2023-10-04 15:54:27\", \"updated_at\": \"2023-10-04 15:54:27\", \"total_price\": 1300, \"name_product\": \"Медицинский центр\", \"image_product\": \"https://tourmeddriver.com/public/storage/medical_images_card/EyiOJRNs6wUPi7sgQoMJVhGrrlJBri6NiemLHDDP.jpg\", \"organization_email\": \"klimashevskijvova@gmail.com\"}, {\"id\": 1378, \"date\": \"13.10.2023\", \"role\": \"Мед.центр\", \"user_id\": 13, \"products\": \"{\\\"date\\\": \\\"13.10.2023\\\", \\\"title\\\": \\\"Медицинский центр\\\", \\\"people\\\": 1, \\\"product\\\": null, \\\"totalPrice\\\": 5200, \\\"productList\\\": [{\\\"id\\\": 2, \\\"qty\\\": 3, \\\"price\\\": \\\"1300\\\", \\\"product\\\": \\\"Трихоскопия\\\"}]}\", \"created_at\": \"2023-10-04 15:54:37\", \"updated_at\": \"2023-10-04 15:54:37\", \"total_price\": 5200, \"name_product\": \"Медицинский центр\", \"image_product\": \"https://tourmeddriver.com/public/storage/medical_images_card/EyiOJRNs6wUPi7sgQoMJVhGrrlJBri6NiemLHDDP.jpg\", \"organization_email\": \"klimashevskijvova@gmail.com\"}]', NULL, '2023-10-04 12:54:41', '2023-10-04 12:54:41', NULL),
(563, 'user@mail.ru', 'Bombaa', 'vasyaaa12', '+375448698855', '13', 'Медицинский центр', '13.10.2023', '5200', '65000', '1378', '0', '[{\"id\": 1377, \"date\": \"20.10.2023\", \"role\": \"Мед.центр\", \"user_id\": 13, \"products\": \"{\\\"date\\\": \\\"20.10.2023\\\", \\\"title\\\": \\\"Медицинский центр\\\", \\\"people\\\": 1, \\\"product\\\": null, \\\"totalPrice\\\": 1300, \\\"productList\\\": [{\\\"id\\\": 2, \\\"qty\\\": 1, \\\"price\\\": \\\"1300\\\", \\\"product\\\": \\\"Трихоскопия\\\"}]}\", \"created_at\": \"2023-10-04 15:54:27\", \"updated_at\": \"2023-10-04 15:54:27\", \"total_price\": 1300, \"name_product\": \"Медицинский центр\", \"image_product\": \"https://tourmeddriver.com/public/storage/medical_images_card/EyiOJRNs6wUPi7sgQoMJVhGrrlJBri6NiemLHDDP.jpg\", \"organization_email\": \"klimashevskijvova@gmail.com\"}, {\"id\": 1378, \"date\": \"13.10.2023\", \"role\": \"Мед.центр\", \"user_id\": 13, \"products\": \"{\\\"date\\\": \\\"13.10.2023\\\", \\\"title\\\": \\\"Медицинский центр\\\", \\\"people\\\": 1, \\\"product\\\": null, \\\"totalPrice\\\": 5200, \\\"productList\\\": [{\\\"id\\\": 2, \\\"qty\\\": 3, \\\"price\\\": \\\"1300\\\", \\\"product\\\": \\\"Трихоскопия\\\"}]}\", \"created_at\": \"2023-10-04 15:54:37\", \"updated_at\": \"2023-10-04 15:54:37\", \"total_price\": 5200, \"name_product\": \"Медицинский центр\", \"image_product\": \"https://tourmeddriver.com/public/storage/medical_images_card/EyiOJRNs6wUPi7sgQoMJVhGrrlJBri6NiemLHDDP.jpg\", \"organization_email\": \"klimashevskijvova@gmail.com\"}]', NULL, '2023-10-04 12:54:41', '2023-10-04 12:54:41', NULL),
(564, 'user@mail.ru', 'Bombaa', 'vasyaaa12', '+375448698855', '13', 'Медицинский центр', '13.10.2023', '5200', '52000', '1378', '0', '[{\"id\": 1378, \"date\": \"13.10.2023\", \"role\": \"Мед.центр\", \"user_id\": 13, \"products\": \"{\\\"date\\\": \\\"13.10.2023\\\", \\\"title\\\": \\\"Медицинский центр\\\", \\\"people\\\": 1, \\\"product\\\": null, \\\"totalPrice\\\": 5200, \\\"productList\\\": [{\\\"id\\\": 2, \\\"qty\\\": 3, \\\"price\\\": \\\"1300\\\", \\\"product\\\": \\\"Трихоскопия\\\"}]}\", \"created_at\": \"2023-10-04 15:54:37\", \"updated_at\": \"2023-10-04 15:54:37\", \"total_price\": 5200, \"name_product\": \"Медицинский центр\", \"image_product\": \"https://tourmeddriver.com/public/storage/medical_images_card/EyiOJRNs6wUPi7sgQoMJVhGrrlJBri6NiemLHDDP.jpg\", \"organization_email\": \"klimashevskijvova@gmail.com\"}]', NULL, '2023-10-04 12:54:59', '2023-10-04 12:54:59', NULL),
(565, 'user@mail.ru', 'Bombaa', 'vasyaaa12', '+375448698855', '13', 'Медицинский центр', '31.10.2023', '16100', '176000', '1380', '0', '[{\"id\": 1379, \"date\": \"19.10.2023\", \"role\": \"Мед.центр\", \"user_id\": 13, \"products\": \"{\\\"date\\\": \\\"19.10.2023\\\", \\\"title\\\": \\\"Медицинский центр\\\", \\\"people\\\": 2, \\\"product\\\": null, \\\"totalPrice\\\": 1500, \\\"productList\\\": [{\\\"id\\\": 1, \\\"qty\\\": 4, \\\"price\\\": \\\"300\\\", \\\"product\\\": \\\"Консультация дермалогога\\\"}]}\", \"created_at\": \"2023-10-04 15:57:13\", \"updated_at\": \"2023-10-04 15:57:13\", \"total_price\": 1500, \"name_product\": \"Медицинский центр\", \"image_product\": \"https://tourmeddriver.com/public/storage/medical_images_card/EyiOJRNs6wUPi7sgQoMJVhGrrlJBri6NiemLHDDP.jpg\", \"organization_email\": \"klimashevskijvova@gmail.com\"}, {\"id\": 1380, \"date\": \"31.10.2023\", \"role\": \"Мед.центр\", \"user_id\": 13, \"products\": \"{\\\"date\\\": \\\"31.10.2023\\\", \\\"title\\\": \\\"Медицинский центр\\\", \\\"people\\\": 1, \\\"product\\\": null, \\\"totalPrice\\\": 16100, \\\"productList\\\": [{\\\"id\\\": 9, \\\"qty\\\": 5, \\\"price\\\": \\\"2300\\\", \\\"product\\\": \\\"Первичный прием эндокринолога\\\"}]}\", \"created_at\": \"2023-10-04 15:57:23\", \"updated_at\": \"2023-10-04 15:57:23\", \"total_price\": 16100, \"name_product\": \"Медицинский центр\", \"image_product\": \"https://tourmeddriver.com/public/storage/medical_images_card/EyiOJRNs6wUPi7sgQoMJVhGrrlJBri6NiemLHDDP.jpg\", \"organization_email\": \"klimashevskijvova@gmail.com\"}]', NULL, '2023-10-04 12:57:26', '2023-10-04 12:57:26', NULL),
(566, 'user@mail.ru', 'Bombaa', 'vasyaaa12', '+375448698855', '13', 'Медицинский центр', '31.10.2023', '16100', '176000', '1380', '0', '[{\"id\": 1379, \"date\": \"19.10.2023\", \"role\": \"Мед.центр\", \"user_id\": 13, \"products\": \"{\\\"date\\\": \\\"19.10.2023\\\", \\\"title\\\": \\\"Медицинский центр\\\", \\\"people\\\": 2, \\\"product\\\": null, \\\"totalPrice\\\": 1500, \\\"productList\\\": [{\\\"id\\\": 1, \\\"qty\\\": 4, \\\"price\\\": \\\"300\\\", \\\"product\\\": \\\"Консультация дермалогога\\\"}]}\", \"created_at\": \"2023-10-04 15:57:13\", \"updated_at\": \"2023-10-04 15:57:13\", \"total_price\": 1500, \"name_product\": \"Медицинский центр\", \"image_product\": \"https://tourmeddriver.com/public/storage/medical_images_card/EyiOJRNs6wUPi7sgQoMJVhGrrlJBri6NiemLHDDP.jpg\", \"organization_email\": \"klimashevskijvova@gmail.com\"}, {\"id\": 1380, \"date\": \"31.10.2023\", \"role\": \"Мед.центр\", \"user_id\": 13, \"products\": \"{\\\"date\\\": \\\"31.10.2023\\\", \\\"title\\\": \\\"Медицинский центр\\\", \\\"people\\\": 1, \\\"product\\\": null, \\\"totalPrice\\\": 16100, \\\"productList\\\": [{\\\"id\\\": 9, \\\"qty\\\": 5, \\\"price\\\": \\\"2300\\\", \\\"product\\\": \\\"Первичный прием эндокринолога\\\"}]}\", \"created_at\": \"2023-10-04 15:57:23\", \"updated_at\": \"2023-10-04 15:57:23\", \"total_price\": 16100, \"name_product\": \"Медицинский центр\", \"image_product\": \"https://tourmeddriver.com/public/storage/medical_images_card/EyiOJRNs6wUPi7sgQoMJVhGrrlJBri6NiemLHDDP.jpg\", \"organization_email\": \"klimashevskijvova@gmail.com\"}]', NULL, '2023-10-04 12:57:26', '2023-10-04 12:57:26', NULL),
(567, 'user@mail.ru', 'Bombaa', 'vasyaaa12', '+375448698855', '13', 'Медицинский центр', '31.10.2023', '16100', '161000', '1380', '0', '[{\"id\": 1380, \"date\": \"31.10.2023\", \"role\": \"Мед.центр\", \"user_id\": 13, \"products\": \"{\\\"date\\\": \\\"31.10.2023\\\", \\\"title\\\": \\\"Медицинский центр\\\", \\\"people\\\": 1, \\\"product\\\": null, \\\"totalPrice\\\": 16100, \\\"productList\\\": [{\\\"id\\\": 9, \\\"qty\\\": 5, \\\"price\\\": \\\"2300\\\", \\\"product\\\": \\\"Первичный прием эндокринолога\\\"}]}\", \"created_at\": \"2023-10-04 15:57:23\", \"updated_at\": \"2023-10-04 15:57:23\", \"total_price\": 16100, \"name_product\": \"Медицинский центр\", \"image_product\": \"https://tourmeddriver.com/public/storage/medical_images_card/EyiOJRNs6wUPi7sgQoMJVhGrrlJBri6NiemLHDDP.jpg\", \"organization_email\": \"klimashevskijvova@gmail.com\"}]', NULL, '2023-10-04 12:57:49', '2023-10-04 12:57:49', NULL),
(568, 'user@mail.ru', 'Bombaa', 'vasyaaa12', '+375448698855', '13', 'Медицинский центр', '31.10.2023', '16100', '161000', '1380', '0', '[{\"id\": 1380, \"date\": \"31.10.2023\", \"role\": \"Мед.центр\", \"user_id\": 13, \"products\": \"{\\\"date\\\": \\\"31.10.2023\\\", \\\"title\\\": \\\"Медицинский центр\\\", \\\"people\\\": 1, \\\"product\\\": null, \\\"totalPrice\\\": 16100, \\\"productList\\\": [{\\\"id\\\": 9, \\\"qty\\\": 5, \\\"price\\\": \\\"2300\\\", \\\"product\\\": \\\"Первичный прием эндокринолога\\\"}]}\", \"created_at\": \"2023-10-04 15:57:23\", \"updated_at\": \"2023-10-04 15:57:23\", \"total_price\": 16100, \"name_product\": \"Медицинский центр\", \"image_product\": \"https://tourmeddriver.com/public/storage/medical_images_card/EyiOJRNs6wUPi7sgQoMJVhGrrlJBri6NiemLHDDP.jpg\", \"organization_email\": \"klimashevskijvova@gmail.com\"}]', NULL, '2023-10-04 12:59:33', '2023-10-04 12:59:33', NULL),
(569, 'user@mail.ru', 'Bombaa', 'vasyaaa12', '+375448698855', '13', 'Медицинский центр', '20.10.2023', '3100', '192000', '1381', '0', '[{\"id\": 1380, \"date\": \"31.10.2023\", \"role\": \"Мед.центр\", \"user_id\": 13, \"products\": \"{\\\"date\\\": \\\"31.10.2023\\\", \\\"title\\\": \\\"Медицинский центр\\\", \\\"people\\\": 1, \\\"product\\\": null, \\\"totalPrice\\\": 16100, \\\"productList\\\": [{\\\"id\\\": 9, \\\"qty\\\": 5, \\\"price\\\": \\\"2300\\\", \\\"product\\\": \\\"Первичный прием эндокринолога\\\"}]}\", \"created_at\": \"2023-10-04 15:57:23\", \"updated_at\": \"2023-10-04 15:57:23\", \"total_price\": 16100, \"name_product\": \"Медицинский центр\", \"image_product\": \"https://tourmeddriver.com/public/storage/medical_images_card/EyiOJRNs6wUPi7sgQoMJVhGrrlJBri6NiemLHDDP.jpg\", \"organization_email\": \"klimashevskijvova@gmail.com\"}, {\"id\": 1381, \"date\": \"20.10.2023\", \"role\": \"Мед.центр\", \"user_id\": 13, \"products\": \"{\\\"date\\\": \\\"20.10.2023\\\", \\\"title\\\": \\\"Медицинский центр\\\", \\\"people\\\": 1, \\\"product\\\": null, \\\"totalPrice\\\": 3100, \\\"productList\\\": [{\\\"id\\\": 1, \\\"qty\\\": 1, \\\"price\\\": \\\"300\\\", \\\"product\\\": \\\"Консультация дермалогога\\\"}, {\\\"id\\\": 3, \\\"qty\\\": 2, \\\"price\\\": \\\"1400\\\", \\\"product\\\": \\\"Цифровая дерматоскопия\\\"}]}\", \"created_at\": \"2023-10-04 16:00:24\", \"updated_at\": \"2023-10-04 16:00:24\", \"total_price\": 3100, \"name_product\": \"Медицинский центр\", \"image_product\": \"https://tourmeddriver.com/public/storage/medical_images_card/EyiOJRNs6wUPi7sgQoMJVhGrrlJBri6NiemLHDDP.jpg\", \"organization_email\": \"klimashevskijvova@gmail.com\"}]', NULL, '2023-10-04 13:00:26', '2023-10-04 13:00:26', NULL),
(570, 'user@mail.ru', 'Bombaa', 'vasyaaa12', '+375448698855', '13', 'Медицинский центр', '20.10.2023', '3100', '192000', '1381', '0', '[{\"id\": 1380, \"date\": \"31.10.2023\", \"role\": \"Мед.центр\", \"user_id\": 13, \"products\": \"{\\\"date\\\": \\\"31.10.2023\\\", \\\"title\\\": \\\"Медицинский центр\\\", \\\"people\\\": 1, \\\"product\\\": null, \\\"totalPrice\\\": 16100, \\\"productList\\\": [{\\\"id\\\": 9, \\\"qty\\\": 5, \\\"price\\\": \\\"2300\\\", \\\"product\\\": \\\"Первичный прием эндокринолога\\\"}]}\", \"created_at\": \"2023-10-04 15:57:23\", \"updated_at\": \"2023-10-04 15:57:23\", \"total_price\": 16100, \"name_product\": \"Медицинский центр\", \"image_product\": \"https://tourmeddriver.com/public/storage/medical_images_card/EyiOJRNs6wUPi7sgQoMJVhGrrlJBri6NiemLHDDP.jpg\", \"organization_email\": \"klimashevskijvova@gmail.com\"}, {\"id\": 1381, \"date\": \"20.10.2023\", \"role\": \"Мед.центр\", \"user_id\": 13, \"products\": \"{\\\"date\\\": \\\"20.10.2023\\\", \\\"title\\\": \\\"Медицинский центр\\\", \\\"people\\\": 1, \\\"product\\\": null, \\\"totalPrice\\\": 3100, \\\"productList\\\": [{\\\"id\\\": 1, \\\"qty\\\": 1, \\\"price\\\": \\\"300\\\", \\\"product\\\": \\\"Консультация дермалогога\\\"}, {\\\"id\\\": 3, \\\"qty\\\": 2, \\\"price\\\": \\\"1400\\\", \\\"product\\\": \\\"Цифровая дерматоскопия\\\"}]}\", \"created_at\": \"2023-10-04 16:00:24\", \"updated_at\": \"2023-10-04 16:00:24\", \"total_price\": 3100, \"name_product\": \"Медицинский центр\", \"image_product\": \"https://tourmeddriver.com/public/storage/medical_images_card/EyiOJRNs6wUPi7sgQoMJVhGrrlJBri6NiemLHDDP.jpg\", \"organization_email\": \"klimashevskijvova@gmail.com\"}]', NULL, '2023-10-04 13:00:26', '2023-10-04 13:00:26', NULL),
(571, 'user@mail.ru', 'Bombaa', 'vasyaaa12', '+375448698855', '13', 'Медицинский центр', '20.10.2023', '3100', '31000', '1381', '0', '[{\"id\": 1381, \"date\": \"20.10.2023\", \"role\": \"Мед.центр\", \"user_id\": 13, \"products\": \"{\\\"date\\\": \\\"20.10.2023\\\", \\\"title\\\": \\\"Медицинский центр\\\", \\\"people\\\": 1, \\\"product\\\": null, \\\"totalPrice\\\": 3100, \\\"productList\\\": [{\\\"id\\\": 1, \\\"qty\\\": 1, \\\"price\\\": \\\"300\\\", \\\"product\\\": \\\"Консультация дермалогога\\\"}, {\\\"id\\\": 3, \\\"qty\\\": 2, \\\"price\\\": \\\"1400\\\", \\\"product\\\": \\\"Цифровая дерматоскопия\\\"}]}\", \"created_at\": \"2023-10-04 16:00:24\", \"updated_at\": \"2023-10-04 16:00:24\", \"total_price\": 3100, \"name_product\": \"Медицинский центр\", \"image_product\": \"https://tourmeddriver.com/public/storage/medical_images_card/EyiOJRNs6wUPi7sgQoMJVhGrrlJBri6NiemLHDDP.jpg\", \"organization_email\": \"klimashevskijvova@gmail.com\"}]', NULL, '2023-10-04 13:00:34', '2023-10-04 13:00:34', NULL),
(572, 'user@mail.ru', 'Bombaa', 'vasyaaa12', '+375448698855', '13', 'Медицинский центр', '20.10.2023', '3100', '31000', '1381', '0', '[{\"id\": 1381, \"date\": \"20.10.2023\", \"role\": \"Мед.центр\", \"user_id\": 13, \"products\": \"{\\\"date\\\": \\\"20.10.2023\\\", \\\"title\\\": \\\"Медицинский центр\\\", \\\"people\\\": 1, \\\"product\\\": null, \\\"totalPrice\\\": 3100, \\\"productList\\\": [{\\\"id\\\": 1, \\\"qty\\\": 1, \\\"price\\\": \\\"300\\\", \\\"product\\\": \\\"Консультация дермалогога\\\"}, {\\\"id\\\": 3, \\\"qty\\\": 2, \\\"price\\\": \\\"1400\\\", \\\"product\\\": \\\"Цифровая дерматоскопия\\\"}]}\", \"created_at\": \"2023-10-04 16:00:24\", \"updated_at\": \"2023-10-04 16:00:24\", \"total_price\": 3100, \"name_product\": \"Медицинский центр\", \"image_product\": \"https://tourmeddriver.com/public/storage/medical_images_card/EyiOJRNs6wUPi7sgQoMJVhGrrlJBri6NiemLHDDP.jpg\", \"organization_email\": \"klimashevskijvova@gmail.com\"}]', NULL, '2023-10-04 13:00:38', '2023-10-04 13:00:38', NULL),
(573, 'user@mail.ru', 'Bombaa', 'vasyaaa12', '+375448698855', '13', 'Двухместный', '-', '7600', '76000', '1383', '0', '[{\"id\": 1383, \"date\": \"-\", \"role\": \"hostel\", \"user_id\": 13, \"products\": \"{\\\"id\\\": 2, \\\"date\\\": [\\\"18.10.2023\\\", \\\"21.10.2023\\\"], \\\"berth\\\": \\\"2\\\", \\\"price\\\": 1900, \\\"title\\\": \\\"Двухместный\\\", \\\"category\\\": \\\"Двухместные люкс\\\"}\", \"created_at\": \"2023-10-04 16:02:11\", \"updated_at\": \"2023-10-04 16:02:11\", \"total_price\": 7600, \"name_product\": \"Двухместный\", \"image_product\": \"https://tourmeddriver.com/public/storage/hostel_images/qRiSG3xalNawrvfsl1hsPtpZQUmFMsuY5FRdnwHJ.jpg\", \"organization_email\": \"hostel@mail.ru\"}]', NULL, '2023-10-04 13:02:19', '2023-10-04 13:02:19', NULL),
(574, 'vladuk92@mail.ru', 'vova', 'Lddd', '+375173478834', '16', 'Медицинский центр', '05 10 2023 19:03', '1600', '16000', '1384', '0', '[{\"id\": 1384, \"date\": \"05 10 2023 19:03\", \"role\": \"Мед.центр\", \"user_id\": 16, \"products\": \"{\\\"date\\\": \\\"05 10 2023 19:03\\\", \\\"people\\\": 1, \\\"product\\\": null, \\\"totalPrice\\\": 1600, \\\"productList\\\": [{\\\"id\\\": 1, \\\"qty\\\": 1, \\\"price\\\": \\\"300\\\", \\\"product\\\": \\\"Консультация дермалогога\\\"}, {\\\"id\\\": 2, \\\"qty\\\": 1, \\\"price\\\": \\\"1300\\\", \\\"product\\\": \\\"Трихоскопия\\\"}]}\", \"created_at\": \"2023-10-04 16:04:00\", \"updated_at\": \"2023-10-04 16:04:00\", \"total_price\": 1600, \"name_product\": \"Медицинский центр\", \"image_product\": \"https://tourmeddriver.com/storage/medical_images_card/EyiOJRNs6wUPi7sgQoMJVhGrrlJBri6NiemLHDDP.jpg\", \"organization_email\": \"klimashevskijvova@gmail.com\"}]', NULL, '2023-10-04 13:04:07', '2023-10-04 13:04:07', NULL),
(575, 'vladuk92@mail.ru', 'vova', 'Lddd', '+375173478834', '16', 'Клиника \"Семерида\"', '05 10 2023 19:10', '7500', '75000', '1385', '0', '[{\"id\": 1385, \"date\": \"05 10 2023 19:10\", \"role\": \"Мед.центр\", \"user_id\": 16, \"products\": \"{\\\"date\\\": \\\"05 10 2023 19:10\\\", \\\"people\\\": 1, \\\"product\\\": null, \\\"totalPrice\\\": 7500, \\\"productList\\\": [{\\\"id\\\": 21, \\\"qty\\\": 1, \\\"price\\\": \\\"5000\\\", \\\"product\\\": \\\"Прием врача-косметолога первичный (осмотр, консультация)\\\"}, {\\\"id\\\": 22, \\\"qty\\\": 1, \\\"price\\\": \\\"2500\\\", \\\"product\\\": \\\"Прием врача-косметолога повторный (осмотр, консультация)\\\"}]}\", \"created_at\": \"2023-10-04 16:10:11\", \"updated_at\": \"2023-10-04 16:10:11\", \"total_price\": 7500, \"name_product\": \"Клиника \\\"Семерида\\\"\", \"image_product\": \"https://tourmeddriver.com/storage/medical_images_card/wSkU0SPbTnrEQEWADsx35uiLWdfJvmaJqIYezkUn.jpg\", \"organization_email\": \"admin@mail.ru\"}]', NULL, '2023-10-04 13:10:14', '2023-10-04 13:10:14', NULL),
(576, 'vladuk92@mail.ru', 'vova', 'Lddd', '+375173478834', '16', 'Салон красоты', '05 10 2023 19:16', '2600', '26000', '1386', '0', '[{\"id\": 1386, \"date\": \"05 10 2023 19:16\", \"role\": \"spa\", \"user_id\": 16, \"products\": \"{\\\"date\\\": \\\"05 10 2023 19:16\\\", \\\"people\\\": 1, \\\"product\\\": null, \\\"totalPrice\\\": 2600, \\\"productList\\\": [{\\\"id\\\": 1, \\\"qty\\\": 1, \\\"price\\\": \\\"1300\\\", \\\"product\\\": \\\"Холистик SPA-уход\\\"}, {\\\"id\\\": 2, \\\"qty\\\": 1, \\\"price\\\": \\\"1300\\\", \\\"product\\\": \\\"Фитнес SPA-уход\\\"}]}\", \"created_at\": \"2023-10-04 16:16:39\", \"updated_at\": \"2023-10-04 16:16:39\", \"total_price\": 2600, \"name_product\": \"Салон красоты\", \"image_product\": \"https://tourmeddriver.com/storage/spa_images_card/7GsR2QNuInI8oMHqp9kiP6Fh5cCwYoNAqNCM7Ao8.jpg\", \"organization_email\": \"vladuk92@mail.ru\"}]', NULL, '2023-10-04 13:16:43', '2023-10-04 13:16:43', NULL),
(577, 'vladuk92@mail.ru', 'vova', 'Lddd', '+375173478834', '16', 'Кафе «Баку»', '05 10 2023 19:20', '1600', '16000', '1387', '0', '[{\"id\": 1387, \"date\": \"05 10 2023 19:20\", \"role\": \"cafe\", \"user_id\": 16, \"products\": \"{\\\"date\\\": \\\"05 10 2023 19:20\\\", \\\"people\\\": 1, \\\"product\\\": null, \\\"totalPrice\\\": 1600, \\\"productList\\\": [{\\\"id\\\": 18, \\\"qty\\\": 1, \\\"price\\\": \\\"300\\\", \\\"product\\\": \\\"Стейк из семги\\\"}, {\\\"id\\\": 19, \\\"qty\\\": 1, \\\"price\\\": \\\"1300\\\", \\\"product\\\": \\\"Стейк «Ковбой»\\\"}]}\", \"created_at\": \"2023-10-04 16:20:08\", \"updated_at\": \"2023-10-04 16:20:08\", \"total_price\": 1600, \"name_product\": \"Кафе «Баку»\", \"image_product\": \"https://tourmeddriver.com/storage/cafe_images_card/Bf620TfVhX7NAblSAGdbFh48myWnPlVF9NTLumoT.jpg\", \"organization_email\": \"cafe@mail.ru\"}]', NULL, '2023-10-04 13:20:15', '2023-10-04 13:20:15', NULL),
(578, 'vladuk92@mail.ru', 'vova', 'Lddd', '+375173478834', '16', 'Медицинский центр', '05 10 2023 22:04', '1600', '16000', '1388', '0', '[{\"id\": 1388, \"date\": \"05 10 2023 22:04\", \"role\": \"Мед.центр\", \"user_id\": 16, \"products\": \"{\\\"date\\\": \\\"05 10 2023 22:04\\\", \\\"people\\\": 1, \\\"product\\\": null, \\\"totalPrice\\\": 1600, \\\"productList\\\": [{\\\"id\\\": 1, \\\"qty\\\": 1, \\\"price\\\": \\\"300\\\", \\\"product\\\": \\\"Консультация дермалогога\\\"}, {\\\"id\\\": 2, \\\"qty\\\": 1, \\\"price\\\": \\\"1300\\\", \\\"product\\\": \\\"Трихоскопия\\\"}]}\", \"created_at\": \"2023-10-04 19:04:28\", \"updated_at\": \"2023-10-04 19:04:28\", \"total_price\": 1600, \"name_product\": \"Медицинский центр\", \"image_product\": \"https://tourmeddriver.com/storage/medical_images_card/EyiOJRNs6wUPi7sgQoMJVhGrrlJBri6NiemLHDDP.jpg\", \"organization_email\": \"klimashevskijvova@gmail.com\"}]', NULL, '2023-10-04 16:04:31', '2023-10-04 16:04:31', NULL),
(579, 'vladuk92@mail.ru', 'vova', 'Lddd', '+375173478834', '16', 'Медицинский центр', '04 10 2023 22:13', '300', '3000', '1389', '0', '[{\"id\": 1389, \"date\": \"04 10 2023 22:13\", \"role\": \"Мед.центр\", \"user_id\": 16, \"products\": \"{\\\"date\\\": \\\"04 10 2023 22:13\\\", \\\"people\\\": 1, \\\"product\\\": null, \\\"totalPrice\\\": 300, \\\"productList\\\": [{\\\"id\\\": 1, \\\"qty\\\": 1, \\\"price\\\": \\\"300\\\", \\\"product\\\": \\\"Консультация дермалогога\\\"}]}\", \"created_at\": \"2023-10-04 19:13:29\", \"updated_at\": \"2023-10-04 19:13:29\", \"total_price\": 300, \"name_product\": \"Медицинский центр\", \"image_product\": \"https://tourmeddriver.com/storage/medical_images_card/EyiOJRNs6wUPi7sgQoMJVhGrrlJBri6NiemLHDDP.jpg\", \"organization_email\": \"klimashevskijvova@gmail.com\"}]', NULL, '2023-10-04 16:13:33', '2023-10-04 16:13:33', NULL),
(580, 'vladuk92@mail.ru', 'vova', 'Lddd', '+375173478834', '16', 'Медицинский центр', '04 10 2023 22:13', '300', '3000', '1389', '0', '[{\"id\": 1389, \"date\": \"04 10 2023 22:13\", \"role\": \"Мед.центр\", \"user_id\": 16, \"products\": \"{\\\"date\\\": \\\"04 10 2023 22:13\\\", \\\"people\\\": 1, \\\"product\\\": null, \\\"totalPrice\\\": 300, \\\"productList\\\": [{\\\"id\\\": 1, \\\"qty\\\": 1, \\\"price\\\": \\\"300\\\", \\\"product\\\": \\\"Консультация дермалогога\\\"}]}\", \"created_at\": \"2023-10-04 19:13:29\", \"updated_at\": \"2023-10-04 19:13:29\", \"total_price\": 300, \"name_product\": \"Медицинский центр\", \"image_product\": \"https://tourmeddriver.com/storage/medical_images_card/EyiOJRNs6wUPi7sgQoMJVhGrrlJBri6NiemLHDDP.jpg\", \"organization_email\": \"klimashevskijvova@gmail.com\"}]', NULL, '2023-10-04 16:20:29', '2023-10-04 16:20:29', NULL),
(581, 'vladuk92@mail.ru', 'vova', 'Lddd', '+375173478834', '16', 'Медицинский центр', '05 10 2023 22:23', '300', '3000', '1390', '0', '[{\"id\": 1390, \"date\": \"05 10 2023 22:23\", \"role\": \"Мед.центр\", \"user_id\": 16, \"products\": \"{\\\"date\\\": \\\"05 10 2023 22:23\\\", \\\"people\\\": 1, \\\"product\\\": null, \\\"totalPrice\\\": 300, \\\"productList\\\": [{\\\"id\\\": 1, \\\"qty\\\": 1, \\\"price\\\": \\\"300\\\", \\\"product\\\": \\\"Консультация дермалогога\\\"}]}\", \"created_at\": \"2023-10-04 19:23:22\", \"updated_at\": \"2023-10-04 19:23:22\", \"total_price\": 300, \"name_product\": \"Медицинский центр\", \"image_product\": \"https://tourmeddriver.com/storage/medical_images_card/EyiOJRNs6wUPi7sgQoMJVhGrrlJBri6NiemLHDDP.jpg\", \"organization_email\": \"klimashevskijvova@gmail.com\"}]', NULL, '2023-10-04 16:23:27', '2023-10-04 16:23:27', NULL),
(582, 'vladuk92@mail.ru', 'vova', 'Lddd', '+375173478834', '16', 'Медицинский центр', '05 10 2023 22:25', '300', '3000', '1391', '0', '[{\"id\": 1391, \"date\": \"05 10 2023 22:25\", \"role\": \"Мед.центр\", \"user_id\": 16, \"products\": \"{\\\"date\\\": \\\"05 10 2023 22:25\\\", \\\"people\\\": 1, \\\"product\\\": null, \\\"totalPrice\\\": 300, \\\"productList\\\": [{\\\"id\\\": 1, \\\"qty\\\": 1, \\\"price\\\": \\\"300\\\", \\\"product\\\": \\\"Консультация дермалогога\\\"}]}\", \"created_at\": \"2023-10-04 19:25:21\", \"updated_at\": \"2023-10-04 19:25:21\", \"total_price\": 300, \"name_product\": \"Медицинский центр\", \"image_product\": \"https://tourmeddriver.com/storage/medical_images_card/EyiOJRNs6wUPi7sgQoMJVhGrrlJBri6NiemLHDDP.jpg\", \"organization_email\": \"klimashevskijvova@gmail.com\"}]', NULL, '2023-10-04 16:25:26', '2023-10-04 16:25:26', NULL),
(583, 'vladuk92@mail.ru', 'vova', 'Lddd', '+375173478834', '16', 'Медицинский центр', '05 10 2023 22:27', '3000', '30000', '1392', '0', '[{\"id\": 1392, \"date\": \"05 10 2023 22:27\", \"role\": \"Мед.центр\", \"user_id\": 16, \"products\": \"{\\\"date\\\": \\\"05 10 2023 22:27\\\", \\\"people\\\": 1, \\\"product\\\": null, \\\"totalPrice\\\": 3000, \\\"productList\\\": [{\\\"id\\\": 1, \\\"qty\\\": 1, \\\"price\\\": \\\"300\\\", \\\"product\\\": \\\"Консультация дермалогога\\\"}, {\\\"id\\\": 2, \\\"qty\\\": 1, \\\"price\\\": \\\"1300\\\", \\\"product\\\": \\\"Трихоскопия\\\"}, {\\\"id\\\": 3, \\\"qty\\\": 1, \\\"price\\\": \\\"1400\\\", \\\"product\\\": \\\"Цифровая дерматоскопия\\\"}]}\", \"created_at\": \"2023-10-04 19:27:08\", \"updated_at\": \"2023-10-04 19:27:08\", \"total_price\": 3000, \"name_product\": \"Медицинский центр\", \"image_product\": \"https://tourmeddriver.com/storage/medical_images_card/EyiOJRNs6wUPi7sgQoMJVhGrrlJBri6NiemLHDDP.jpg\", \"organization_email\": \"klimashevskijvova@gmail.com\"}]', NULL, '2023-10-04 16:27:12', '2023-10-04 16:27:12', NULL),
(584, 'user@mail.ru', 'Bombaa', 'vasyaaa12', '+375448698855', '13', 'Медицинский центр', '12.10.2023', '300', '3000', '1393', '0', '[{\"id\": 1393, \"date\": \"12.10.2023\", \"role\": \"Мед.центр\", \"user_id\": 13, \"products\": \"{\\\"date\\\": \\\"12.10.2023\\\", \\\"title\\\": \\\"Медицинский центр\\\", \\\"people\\\": 1, \\\"product\\\": null, \\\"totalPrice\\\": 300, \\\"productList\\\": [{\\\"id\\\": 1, \\\"qty\\\": 1, \\\"price\\\": \\\"300\\\", \\\"product\\\": \\\"Консультация дермалогога\\\"}]}\", \"created_at\": \"2023-10-05 08:10:12\", \"updated_at\": \"2023-10-05 08:10:12\", \"total_price\": 300, \"name_product\": \"Медицинский центр\", \"image_product\": \"https://tourmeddriver.com/public/storage/medical_images_card/EyiOJRNs6wUPi7sgQoMJVhGrrlJBri6NiemLHDDP.jpg\", \"organization_email\": \"klimashevskijvova@gmail.com\"}]', NULL, '2023-10-05 05:10:15', '2023-10-05 05:10:15', NULL),
(585, 'user@mail.ru', 'Bombaa', 'vasyaaa12', '+375448698855', '13', 'Медицинский центр', '12.10.2023', '300', '3000', '1393', '0', '[{\"id\": 1393, \"date\": \"12.10.2023\", \"role\": \"Мед.центр\", \"user_id\": 13, \"products\": \"{\\\"date\\\": \\\"12.10.2023\\\", \\\"title\\\": \\\"Медицинский центр\\\", \\\"people\\\": 1, \\\"product\\\": null, \\\"totalPrice\\\": 300, \\\"productList\\\": [{\\\"id\\\": 1, \\\"qty\\\": 1, \\\"price\\\": \\\"300\\\", \\\"product\\\": \\\"Консультация дермалогога\\\"}]}\", \"created_at\": \"2023-10-05 08:10:12\", \"updated_at\": \"2023-10-05 08:10:12\", \"total_price\": 300, \"name_product\": \"Медицинский центр\", \"image_product\": \"https://tourmeddriver.com/public/storage/medical_images_card/EyiOJRNs6wUPi7sgQoMJVhGrrlJBri6NiemLHDDP.jpg\", \"organization_email\": \"klimashevskijvova@gmail.com\"}]', NULL, '2023-10-05 05:10:23', '2023-10-05 05:10:23', NULL),
(586, 'user@mail.ru', 'Bombaa', 'vasyaaa12', '+375448698855', '13', 'Медицинский центр', '12.10.2023', '300', '3000', '1393', '0', '[{\"id\": 1393, \"date\": \"12.10.2023\", \"role\": \"Мед.центр\", \"user_id\": 13, \"products\": \"{\\\"date\\\": \\\"12.10.2023\\\", \\\"title\\\": \\\"Медицинский центр\\\", \\\"people\\\": 1, \\\"product\\\": null, \\\"totalPrice\\\": 300, \\\"productList\\\": [{\\\"id\\\": 1, \\\"qty\\\": 1, \\\"price\\\": \\\"300\\\", \\\"product\\\": \\\"Консультация дермалогога\\\"}]}\", \"created_at\": \"2023-10-05 08:10:12\", \"updated_at\": \"2023-10-05 08:10:12\", \"total_price\": 300, \"name_product\": \"Медицинский центр\", \"image_product\": \"https://tourmeddriver.com/public/storage/medical_images_card/EyiOJRNs6wUPi7sgQoMJVhGrrlJBri6NiemLHDDP.jpg\", \"organization_email\": \"klimashevskijvova@gmail.com\"}]', NULL, '2023-10-05 05:10:30', '2023-10-05 05:10:30', NULL),
(587, 'user@mail.ru', 'Bombaa', 'vasyaaa12', '+375448698855', '13', 'Медицинский центр', '12.10.2023', '300', '3000', '1393', '0', '[{\"id\": 1393, \"date\": \"12.10.2023\", \"role\": \"Мед.центр\", \"user_id\": 13, \"products\": \"{\\\"date\\\": \\\"12.10.2023\\\", \\\"title\\\": \\\"Медицинский центр\\\", \\\"people\\\": 1, \\\"product\\\": null, \\\"totalPrice\\\": 300, \\\"productList\\\": [{\\\"id\\\": 1, \\\"qty\\\": 1, \\\"price\\\": \\\"300\\\", \\\"product\\\": \\\"Консультация дермалогога\\\"}]}\", \"created_at\": \"2023-10-05 08:10:12\", \"updated_at\": \"2023-10-05 08:10:12\", \"total_price\": 300, \"name_product\": \"Медицинский центр\", \"image_product\": \"https://tourmeddriver.com/public/storage/medical_images_card/EyiOJRNs6wUPi7sgQoMJVhGrrlJBri6NiemLHDDP.jpg\", \"organization_email\": \"klimashevskijvova@gmail.com\"}]', NULL, '2023-10-05 05:10:38', '2023-10-05 05:10:38', NULL),
(588, 'user@mail.ru', 'Bombaa', 'vasyaaa12', '+375448698855', '13', 'Медицинский центр', '12.10.2023', '300', '3000', '1393', '0', '[{\"id\": 1393, \"date\": \"12.10.2023\", \"role\": \"Мед.центр\", \"user_id\": 13, \"products\": \"{\\\"date\\\": \\\"12.10.2023\\\", \\\"title\\\": \\\"Медицинский центр\\\", \\\"people\\\": 1, \\\"product\\\": null, \\\"totalPrice\\\": 300, \\\"productList\\\": [{\\\"id\\\": 1, \\\"qty\\\": 1, \\\"price\\\": \\\"300\\\", \\\"product\\\": \\\"Консультация дермалогога\\\"}]}\", \"created_at\": \"2023-10-05 08:10:12\", \"updated_at\": \"2023-10-05 08:10:12\", \"total_price\": 300, \"name_product\": \"Медицинский центр\", \"image_product\": \"https://tourmeddriver.com/public/storage/medical_images_card/EyiOJRNs6wUPi7sgQoMJVhGrrlJBri6NiemLHDDP.jpg\", \"organization_email\": \"klimashevskijvova@gmail.com\"}]', NULL, '2023-10-05 05:10:42', '2023-10-05 05:10:42', NULL),
(589, 'user@mail.ru', 'Bombaa', 'vasyaaa12', '+375448698855', '13', 'Медицинский центр', '12.10.2023', '300', '3000', '1393', '0', '[{\"id\": 1393, \"date\": \"12.10.2023\", \"role\": \"Мед.центр\", \"user_id\": 13, \"products\": \"{\\\"date\\\": \\\"12.10.2023\\\", \\\"title\\\": \\\"Медицинский центр\\\", \\\"people\\\": 1, \\\"product\\\": null, \\\"totalPrice\\\": 300, \\\"productList\\\": [{\\\"id\\\": 1, \\\"qty\\\": 1, \\\"price\\\": \\\"300\\\", \\\"product\\\": \\\"Консультация дермалогога\\\"}]}\", \"created_at\": \"2023-10-05 08:10:12\", \"updated_at\": \"2023-10-05 08:10:12\", \"total_price\": 300, \"name_product\": \"Медицинский центр\", \"image_product\": \"https://tourmeddriver.com/public/storage/medical_images_card/EyiOJRNs6wUPi7sgQoMJVhGrrlJBri6NiemLHDDP.jpg\", \"organization_email\": \"klimashevskijvova@gmail.com\"}]', NULL, '2023-10-05 05:13:19', '2023-10-05 05:13:19', NULL),
(590, 'user@mail.ru', 'Bombaa', 'vasyaaa12', '+375448698855', '13', 'Медицинский центр', '12.10.2023', '300', '3000', '1393', '0', '[{\"id\": 1393, \"date\": \"12.10.2023\", \"role\": \"Мед.центр\", \"user_id\": 13, \"products\": \"{\\\"date\\\": \\\"12.10.2023\\\", \\\"title\\\": \\\"Медицинский центр\\\", \\\"people\\\": 1, \\\"product\\\": null, \\\"totalPrice\\\": 300, \\\"productList\\\": [{\\\"id\\\": 1, \\\"qty\\\": 1, \\\"price\\\": \\\"300\\\", \\\"product\\\": \\\"Консультация дермалогога\\\"}]}\", \"created_at\": \"2023-10-05 08:10:12\", \"updated_at\": \"2023-10-05 08:10:12\", \"total_price\": 300, \"name_product\": \"Медицинский центр\", \"image_product\": \"https://tourmeddriver.com/public/storage/medical_images_card/EyiOJRNs6wUPi7sgQoMJVhGrrlJBri6NiemLHDDP.jpg\", \"organization_email\": \"klimashevskijvova@gmail.com\"}]', NULL, '2023-10-05 05:13:46', '2023-10-05 05:13:46', NULL),
(591, 'user@mail.ru', 'Bombaa', 'vasyaaa12', '+375448698855', '13', 'Медицинский центр', '12.10.2023', '300', '3000', '1393', '0', '[{\"id\": 1393, \"date\": \"12.10.2023\", \"role\": \"Мед.центр\", \"user_id\": 13, \"products\": \"{\\\"date\\\": \\\"12.10.2023\\\", \\\"title\\\": \\\"Медицинский центр\\\", \\\"people\\\": 1, \\\"product\\\": null, \\\"totalPrice\\\": 300, \\\"productList\\\": [{\\\"id\\\": 1, \\\"qty\\\": 1, \\\"price\\\": \\\"300\\\", \\\"product\\\": \\\"Консультация дермалогога\\\"}]}\", \"created_at\": \"2023-10-05 08:10:12\", \"updated_at\": \"2023-10-05 08:10:12\", \"total_price\": 300, \"name_product\": \"Медицинский центр\", \"image_product\": \"https://tourmeddriver.com/public/storage/medical_images_card/EyiOJRNs6wUPi7sgQoMJVhGrrlJBri6NiemLHDDP.jpg\", \"organization_email\": \"klimashevskijvova@gmail.com\"}]', NULL, '2023-10-05 05:13:49', '2023-10-05 05:13:49', NULL),
(592, 'user@mail.ru', 'Bombaa', 'vasyaaa12', '+375448698855', '13', 'Медицинский центр', '12.10.2023', '300', '3000', '1393', '0', '[{\"id\": 1393, \"date\": \"12.10.2023\", \"role\": \"Мед.центр\", \"user_id\": 13, \"products\": \"{\\\"date\\\": \\\"12.10.2023\\\", \\\"title\\\": \\\"Медицинский центр\\\", \\\"people\\\": 1, \\\"product\\\": null, \\\"totalPrice\\\": 300, \\\"productList\\\": [{\\\"id\\\": 1, \\\"qty\\\": 1, \\\"price\\\": \\\"300\\\", \\\"product\\\": \\\"Консультация дермалогога\\\"}]}\", \"created_at\": \"2023-10-05 08:10:12\", \"updated_at\": \"2023-10-05 08:10:12\", \"total_price\": 300, \"name_product\": \"Медицинский центр\", \"image_product\": \"https://tourmeddriver.com/public/storage/medical_images_card/EyiOJRNs6wUPi7sgQoMJVhGrrlJBri6NiemLHDDP.jpg\", \"organization_email\": \"klimashevskijvova@gmail.com\"}]', NULL, '2023-10-05 05:14:07', '2023-10-05 05:14:07', NULL),
(593, 'user@mail.ru', 'Bombaa', 'vasyaaa12', '+375448698855', '13', 'Медицинский центр', '12.10.2023', '300', '3000', '1393', '0', '[{\"id\": 1393, \"date\": \"12.10.2023\", \"role\": \"Мед.центр\", \"user_id\": 13, \"products\": \"{\\\"date\\\": \\\"12.10.2023\\\", \\\"title\\\": \\\"Медицинский центр\\\", \\\"people\\\": 1, \\\"product\\\": null, \\\"totalPrice\\\": 300, \\\"productList\\\": [{\\\"id\\\": 1, \\\"qty\\\": 1, \\\"price\\\": \\\"300\\\", \\\"product\\\": \\\"Консультация дермалогога\\\"}]}\", \"created_at\": \"2023-10-05 08:10:12\", \"updated_at\": \"2023-10-05 08:10:12\", \"total_price\": 300, \"name_product\": \"Медицинский центр\", \"image_product\": \"https://tourmeddriver.com/public/storage/medical_images_card/EyiOJRNs6wUPi7sgQoMJVhGrrlJBri6NiemLHDDP.jpg\", \"organization_email\": \"klimashevskijvova@gmail.com\"}]', NULL, '2023-10-05 05:14:17', '2023-10-05 05:14:17', NULL),
(594, 'user@mail.ru', 'Bombaa', 'vasyaaa12', '+375448698855', '13', 'Медицинский центр', '12.10.2023', '300', '3000', '1393', '0', '[{\"id\": 1393, \"date\": \"12.10.2023\", \"role\": \"Мед.центр\", \"user_id\": 13, \"products\": \"{\\\"date\\\": \\\"12.10.2023\\\", \\\"title\\\": \\\"Медицинский центр\\\", \\\"people\\\": 1, \\\"product\\\": null, \\\"totalPrice\\\": 300, \\\"productList\\\": [{\\\"id\\\": 1, \\\"qty\\\": 1, \\\"price\\\": \\\"300\\\", \\\"product\\\": \\\"Консультация дермалогога\\\"}]}\", \"created_at\": \"2023-10-05 08:10:12\", \"updated_at\": \"2023-10-05 08:10:12\", \"total_price\": 300, \"name_product\": \"Медицинский центр\", \"image_product\": \"https://tourmeddriver.com/public/storage/medical_images_card/EyiOJRNs6wUPi7sgQoMJVhGrrlJBri6NiemLHDDP.jpg\", \"organization_email\": \"klimashevskijvova@gmail.com\"}]', NULL, '2023-10-05 05:15:03', '2023-10-05 05:15:03', NULL),
(595, 'user@mail.ru', 'Bombaa', 'vasyaaa12', '+375448698855', '13', 'Медицинский центр', '12.10.2023', '300', '3000', '1393', '0', '[{\"id\": 1393, \"date\": \"12.10.2023\", \"role\": \"Мед.центр\", \"user_id\": 13, \"products\": \"{\\\"date\\\": \\\"12.10.2023\\\", \\\"title\\\": \\\"Медицинский центр\\\", \\\"people\\\": 1, \\\"product\\\": null, \\\"totalPrice\\\": 300, \\\"productList\\\": [{\\\"id\\\": 1, \\\"qty\\\": 1, \\\"price\\\": \\\"300\\\", \\\"product\\\": \\\"Консультация дермалогога\\\"}]}\", \"created_at\": \"2023-10-05 08:10:12\", \"updated_at\": \"2023-10-05 08:10:12\", \"total_price\": 300, \"name_product\": \"Медицинский центр\", \"image_product\": \"https://tourmeddriver.com/public/storage/medical_images_card/EyiOJRNs6wUPi7sgQoMJVhGrrlJBri6NiemLHDDP.jpg\", \"organization_email\": \"klimashevskijvova@gmail.com\"}]', NULL, '2023-10-05 05:15:47', '2023-10-05 05:15:47', NULL),
(596, 'user@mail.ru', 'Bombaa', 'vasyaaa12', '+375448698855', '13', 'Медицинский центр', '12.10.2023', '300', '3000', '1393', '0', '[{\"id\": 1393, \"date\": \"12.10.2023\", \"role\": \"Мед.центр\", \"user_id\": 13, \"products\": \"{\\\"date\\\": \\\"12.10.2023\\\", \\\"title\\\": \\\"Медицинский центр\\\", \\\"people\\\": 1, \\\"product\\\": null, \\\"totalPrice\\\": 300, \\\"productList\\\": [{\\\"id\\\": 1, \\\"qty\\\": 1, \\\"price\\\": \\\"300\\\", \\\"product\\\": \\\"Консультация дермалогога\\\"}]}\", \"created_at\": \"2023-10-05 08:10:12\", \"updated_at\": \"2023-10-05 08:10:12\", \"total_price\": 300, \"name_product\": \"Медицинский центр\", \"image_product\": \"https://tourmeddriver.com/public/storage/medical_images_card/EyiOJRNs6wUPi7sgQoMJVhGrrlJBri6NiemLHDDP.jpg\", \"organization_email\": \"klimashevskijvova@gmail.com\"}]', NULL, '2023-10-05 05:16:50', '2023-10-05 05:16:50', NULL),
(597, 'user@mail.ru', 'Bombaa', 'vasyaaa12', '+375448698855', '13', 'Медицинский центр', '12.10.2023', '300', '3000', '1393', '0', '[{\"id\": 1393, \"date\": \"12.10.2023\", \"role\": \"Мед.центр\", \"user_id\": 13, \"products\": \"{\\\"date\\\": \\\"12.10.2023\\\", \\\"title\\\": \\\"Медицинский центр\\\", \\\"people\\\": 1, \\\"product\\\": null, \\\"totalPrice\\\": 300, \\\"productList\\\": [{\\\"id\\\": 1, \\\"qty\\\": 1, \\\"price\\\": \\\"300\\\", \\\"product\\\": \\\"Консультация дермалогога\\\"}]}\", \"created_at\": \"2023-10-05 08:10:12\", \"updated_at\": \"2023-10-05 08:10:12\", \"total_price\": 300, \"name_product\": \"Медицинский центр\", \"image_product\": \"https://tourmeddriver.com/public/storage/medical_images_card/EyiOJRNs6wUPi7sgQoMJVhGrrlJBri6NiemLHDDP.jpg\", \"organization_email\": \"klimashevskijvova@gmail.com\"}]', NULL, '2023-10-05 05:17:22', '2023-10-05 05:17:22', NULL),
(598, 'user@mail.ru', 'Bombaa', 'vasyaaa12', '+375448698855', '13', 'Медицинский центр', '12.10.2023', '300', '3000', '1393', '0', '[{\"id\": 1393, \"date\": \"12.10.2023\", \"role\": \"Мед.центр\", \"user_id\": 13, \"products\": \"{\\\"date\\\": \\\"12.10.2023\\\", \\\"title\\\": \\\"Медицинский центр\\\", \\\"people\\\": 1, \\\"product\\\": null, \\\"totalPrice\\\": 300, \\\"productList\\\": [{\\\"id\\\": 1, \\\"qty\\\": 1, \\\"price\\\": \\\"300\\\", \\\"product\\\": \\\"Консультация дермалогога\\\"}]}\", \"created_at\": \"2023-10-05 08:10:12\", \"updated_at\": \"2023-10-05 08:10:12\", \"total_price\": 300, \"name_product\": \"Медицинский центр\", \"image_product\": \"https://tourmeddriver.com/public/storage/medical_images_card/EyiOJRNs6wUPi7sgQoMJVhGrrlJBri6NiemLHDDP.jpg\", \"organization_email\": \"klimashevskijvova@gmail.com\"}]', NULL, '2023-10-05 05:17:52', '2023-10-05 05:17:52', NULL),
(599, 'user@mail.ru', 'Bombaa', 'vasyaaa12', '+375448698855', '13', 'Медицинский центр', '12.10.2023', '300', '3000', '1393', '0', '[{\"id\": 1393, \"date\": \"12.10.2023\", \"role\": \"Мед.центр\", \"user_id\": 13, \"products\": \"{\\\"date\\\": \\\"12.10.2023\\\", \\\"title\\\": \\\"Медицинский центр\\\", \\\"people\\\": 1, \\\"product\\\": null, \\\"totalPrice\\\": 300, \\\"productList\\\": [{\\\"id\\\": 1, \\\"qty\\\": 1, \\\"price\\\": \\\"300\\\", \\\"product\\\": \\\"Консультация дермалогога\\\"}]}\", \"created_at\": \"2023-10-05 08:10:12\", \"updated_at\": \"2023-10-05 08:10:12\", \"total_price\": 300, \"name_product\": \"Медицинский центр\", \"image_product\": \"https://tourmeddriver.com/public/storage/medical_images_card/EyiOJRNs6wUPi7sgQoMJVhGrrlJBri6NiemLHDDP.jpg\", \"organization_email\": \"klimashevskijvova@gmail.com\"}]', NULL, '2023-10-05 05:59:17', '2023-10-05 05:59:17', NULL),
(600, 'user@mail.ru', 'Bombaa', 'vasyaaa12', '+375448698855', '13', 'Медицинский центр', '12.10.2023', '300', '3000', '1393', '0', '[{\"id\": 1393, \"date\": \"12.10.2023\", \"role\": \"Мед.центр\", \"user_id\": 13, \"products\": \"{\\\"date\\\": \\\"12.10.2023\\\", \\\"title\\\": \\\"Медицинский центр\\\", \\\"people\\\": 1, \\\"product\\\": null, \\\"totalPrice\\\": 300, \\\"productList\\\": [{\\\"id\\\": 1, \\\"qty\\\": 1, \\\"price\\\": \\\"300\\\", \\\"product\\\": \\\"Консультация дермалогога\\\"}]}\", \"created_at\": \"2023-10-05 08:10:12\", \"updated_at\": \"2023-10-05 08:10:12\", \"total_price\": 300, \"name_product\": \"Медицинский центр\", \"image_product\": \"https://tourmeddriver.com/public/storage/medical_images_card/EyiOJRNs6wUPi7sgQoMJVhGrrlJBri6NiemLHDDP.jpg\", \"organization_email\": \"klimashevskijvova@gmail.com\"}]', NULL, '2023-10-05 06:00:23', '2023-10-05 06:00:23', NULL),
(601, 'user@mail.ru', 'Bombaa', 'vasyaaa12', '+375448698855', '13', 'Медицинский центр', '19.10.2023', '300', '3000', '1400', '0', '[{\"id\": 1400, \"date\": \"19.10.2023\", \"role\": \"Мед.центр\", \"user_id\": 13, \"products\": \"{\\\"date\\\": \\\"19.10.2023\\\", \\\"title\\\": \\\"Медицинский центр\\\", \\\"people\\\": 1, \\\"product\\\": null, \\\"totalPrice\\\": 300, \\\"productList\\\": [{\\\"id\\\": 1, \\\"qty\\\": 1, \\\"price\\\": \\\"300\\\", \\\"product\\\": \\\"Консультация дермалогога\\\"}]}\", \"created_at\": \"2023-10-05 10:04:00\", \"updated_at\": \"2023-10-05 10:04:00\", \"total_price\": 300, \"name_product\": \"Медицинский центр\", \"image_product\": \"https://tourmeddriver.com/public/storage/medical_images_card/EyiOJRNs6wUPi7sgQoMJVhGrrlJBri6NiemLHDDP.jpg\", \"organization_email\": \"klimashevskijvova@gmail.com\"}]', NULL, '2023-10-05 07:04:02', '2023-10-05 07:04:02', NULL);
INSERT INTO `payments` (`id`, `email`, `name`, `surname`, `phone`, `user_id`, `name_product`, `date_product`, `total_price_product`, `amount`, `orderId`, `status`, `products`, `promocode`, `created_at`, `updated_at`, `email_status`) VALUES
(602, 'vladuk92@mail.ru', 'vova', 'Lddd', '+375173478834', '16', 'Туроператор Дагестан', '-', '50000', '500000', '1401', '0', '[{\"id\": 1401, \"date\": \"-\", \"role\": \"tur\", \"user_id\": 16, \"products\": \"{\\\"id\\\": 1, \\\"date\\\": \\\"08.08.2023 - 12.08.2023\\\", \\\"berth\\\": 1, \\\"price\\\": 50000, \\\"title\\\": \\\"Экскурсионный тур по Дагестану\\\", \\\"category\\\": \\\"Отель 3 звезды\\\"}\", \"created_at\": \"2023-10-05 12:42:48\", \"updated_at\": \"2023-10-05 12:42:48\", \"total_price\": 50000, \"name_product\": \"Туроператор Дагестан\", \"image_product\": \"https://tourmeddriver.com/storage/turoperator_images_card/iNa0eRGdRldSwUK40CRr6jHdeSuQy8SPl09Y9dX1.jpg\", \"organization_email\": \"tur@mail.ru\"}]', NULL, '2023-10-05 09:42:51', '2023-10-05 09:42:51', NULL),
(603, 'vladuk92@mail.ru', 'vova', 'Lddd', '+375173478834', '16', 'Туроператор Дагестан', '-', '50000', '500000', '1402', '0', '[{\"id\": 1402, \"date\": \"-\", \"role\": \"tur\", \"user_id\": 16, \"products\": \"{\\\"id\\\": 1, \\\"date\\\": \\\"08.08.2023 - 12.08.2023\\\", \\\"berth\\\": 1, \\\"price\\\": 50000, \\\"title\\\": \\\"Экскурсионный тур по Дагестану\\\", \\\"category\\\": \\\"Отель 3 звезды\\\"}\", \"created_at\": \"2023-10-05 12:46:44\", \"updated_at\": \"2023-10-05 12:46:44\", \"total_price\": 50000, \"name_product\": \"Туроператор Дагестан\", \"image_product\": \"https://tourmeddriver.com/storage/turoperator_images_card/iNa0eRGdRldSwUK40CRr6jHdeSuQy8SPl09Y9dX1.jpg\", \"organization_email\": \"tur@mail.ru\"}]', NULL, '2023-10-05 09:46:46', '2023-10-05 09:46:46', NULL),
(604, 'vladuk92@mail.ru', 'vova', 'Lddd', '+375173478834', '16', 'Туроператор Дагестан', '-', '130000', '1300000', '1403', '0', '[{\"id\": 1403, \"date\": \"-\", \"role\": \"tur\", \"user_id\": 16, \"products\": \"{\\\"id\\\": 2, \\\"date\\\": \\\"08.11.2023 - 15.11.2023\\\", \\\"berth\\\": 2, \\\"price\\\": 130000, \\\"title\\\": \\\"Бали\\\", \\\"category\\\": \\\"Отель 3 звезды\\\"}\", \"created_at\": \"2023-10-05 12:49:49\", \"updated_at\": \"2023-10-05 12:49:49\", \"total_price\": 130000, \"name_product\": \"Туроператор Дагестан\", \"image_product\": \"https://tourmeddriver.com/storage/turoperator_images_card/iNa0eRGdRldSwUK40CRr6jHdeSuQy8SPl09Y9dX1.jpg\", \"organization_email\": \"tur@mail.ru\"}]', NULL, '2023-10-05 09:49:52', '2023-10-05 09:49:52', NULL),
(1404, 'vladuk92@mail.ru', 'vova', 'Lddd', '+375173478834', '16', 'Туроператор Дагестан', '-', '130000', '1300000', '1404', '1', '[{\"id\": 1404, \"date\": \"-\", \"role\": \"tur\", \"user_id\": 16, \"products\": \"{\\\"id\\\": 2, \\\"date\\\": \\\"08.11.2023 - 15.11.2023\\\", \\\"berth\\\": 2, \\\"price\\\": 130000, \\\"title\\\": \\\"Бали\\\", \\\"category\\\": \\\"Отель 3 звезды\\\"}\", \"created_at\": \"2023-10-05 13:08:13\", \"updated_at\": \"2023-10-05 13:08:13\", \"total_price\": 130000, \"name_product\": \"Туроператор Дагестан\", \"image_product\": \"https://tourmeddriver.com/storage/turoperator_images_card/iNa0eRGdRldSwUK40CRr6jHdeSuQy8SPl09Y9dX1.jpg\", \"organization_email\": \"tur@mail.ru\"}]', 'pmuJ1OBn', '2023-10-05 10:08:16', '2023-10-05 10:08:39', 'otpravlen'),
(1405, 'vladuk92@mail.ru', 'vova', 'Lddd', '+375173478834', '16', 'Спорт-база “Сила”', '-', '5000', '50000', '1405', '0', '[{\"id\": 1405, \"date\": \"-\", \"role\": \"sport\", \"user_id\": 16, \"products\": \"{\\\"id\\\": 1, \\\"date\\\": [\\\"06 10 2023\\\", \\\"07 10 2023\\\"], \\\"berth\\\": \\\"1\\\", \\\"title\\\": \\\"Стандарт\\\", \\\"product\\\": null, \\\"category\\\": \\\"Стандарт\\\", \\\"totalPrice\\\": 4700, \\\"productList\\\": [{\\\"id\\\": 1, \\\"qty\\\": 1, \\\"price\\\": \\\"4100\\\", \\\"product\\\": \\\"Теннисный корт\\\"}, {\\\"id\\\": 2, \\\"qty\\\": 1, \\\"price\\\": \\\"300\\\", \\\"product\\\": \\\"Ракетка\\\"}]}\", \"created_at\": \"2023-10-05 13:11:29\", \"updated_at\": \"2023-10-05 13:11:29\", \"total_price\": 5000, \"name_product\": \"Спорт-база “Сила”\", \"image_product\": \"https://tourmeddriver.com/storage/sport_images_card/sD7aWmfj97N6NBdW4p1NmcNC3RtJF7WaMa8QG7VX.jpg\", \"organization_email\": \"sport@mail.ru\"}]', NULL, '2023-10-05 10:11:36', '2023-10-05 10:11:36', NULL),
(1406, 'vladuk92@mail.ru', 'vova', 'Lddd', '+375173478834', '16', 'Гостевой дом Ракушка Блага', '-', '8130', '81300', '1406', '0', '[{\"id\": 1406, \"date\": \"-\", \"role\": \"hostel\", \"user_id\": 16, \"products\": \"{\\\"id\\\": 5, \\\"date\\\": [\\\"06 10 2023\\\", \\\"08 10 2023\\\"], \\\"berth\\\": \\\"4\\\", \\\"price\\\": 8130, \\\"title\\\": \\\"4-х местный улучшенный в первом корпусе\\\", \\\"category\\\": \\\"4-х местный улучшенный в первом корпусе\\\"}\", \"created_at\": \"2023-10-05 13:13:13\", \"updated_at\": \"2023-10-05 13:13:13\", \"total_price\": 8130, \"name_product\": \"Гостевой дом Ракушка Блага\", \"image_product\": \"https://tourmeddriver.com/storage/hostel_images_card/Ybc6VOWGktCw37RAKRzcsLopzPCKLWBBZaUBQ8aA.webp\", \"organization_email\": \"rakushka023@yandex.ru\"}]', NULL, '2023-10-05 10:13:16', '2023-10-05 10:13:16', NULL),
(1407, 'vladuk92@mail.ru', 'vova', 'Lddd', '+375173478834', '16', 'Туроператор Дагестан', '-', '130000', '1300000', '1407', '0', '[{\"id\": 1407, \"date\": \"-\", \"role\": \"tur\", \"user_id\": 16, \"products\": \"{\\\"id\\\": 2, \\\"date\\\": \\\"08.11.2023 - 15.11.2023\\\", \\\"berth\\\": 2, \\\"price\\\": 130000, \\\"title\\\": \\\"Бали\\\", \\\"category\\\": \\\"Отель 3 звезды\\\"}\", \"created_at\": \"2023-10-05 13:15:37\", \"updated_at\": \"2023-10-05 13:15:37\", \"total_price\": 130000, \"name_product\": \"Туроператор Дагестан\", \"image_product\": \"https://tourmeddriver.com/storage/turoperator_images_card/iNa0eRGdRldSwUK40CRr6jHdeSuQy8SPl09Y9dX1.jpg\", \"organization_email\": \"tur@mail.ru\"}]', NULL, '2023-10-05 10:15:39', '2023-10-05 10:15:39', NULL),
(1408, 'vladuk92@mail.ru', 'vova', 'Lddd', '+375173478834', '16', 'Туроператор Дагестан', '-', '130000', '1300000', '1408', '0', '[{\"id\": 1408, \"date\": \"-\", \"role\": \"tur\", \"user_id\": 16, \"products\": \"{\\\"id\\\": 2, \\\"date\\\": \\\"08.11.2023 - 15.11.2023\\\", \\\"berth\\\": 2, \\\"price\\\": 130000, \\\"title\\\": \\\"Бали\\\", \\\"category\\\": \\\"Отель 3 звезды\\\"}\", \"created_at\": \"2023-10-05 13:18:00\", \"updated_at\": \"2023-10-05 13:18:00\", \"total_price\": 130000, \"name_product\": \"Туроператор Дагестан\", \"image_product\": \"https://tourmeddriver.com/storage/turoperator_images_card/iNa0eRGdRldSwUK40CRr6jHdeSuQy8SPl09Y9dX1.jpg\", \"organization_email\": \"tur@mail.ru\"}]', NULL, '2023-10-05 10:18:02', '2023-10-05 10:18:02', NULL),
(91005, 'vladuk92@mail.ru', 'vova', 'Lddd', '+375173478834', '16', 'Туроператор Дагестан', '-', '50000', '500000', '1409', '0', '[{\"id\": 1409, \"date\": \"-\", \"role\": \"tur\", \"user_id\": 16, \"products\": \"{\\\"id\\\": 1, \\\"date\\\": \\\"08.08.2023 - 12.08.2023\\\", \\\"berth\\\": 1, \\\"price\\\": 50000, \\\"title\\\": \\\"Экскурсионный тур по Дагестану\\\", \\\"category\\\": \\\"Отель 3 звезды\\\"}\", \"created_at\": \"2023-10-05 13:19:55\", \"updated_at\": \"2023-10-05 13:19:55\", \"total_price\": 50000, \"name_product\": \"Туроператор Дагестан\", \"image_product\": \"https://tourmeddriver.com/storage/turoperator_images_card/iNa0eRGdRldSwUK40CRr6jHdeSuQy8SPl09Y9dX1.jpg\", \"organization_email\": \"tur@mail.ru\"}]', NULL, '2023-10-05 10:19:58', '2023-10-05 10:19:58', NULL),
(91006, 'vladuk92@mail.ru', 'vova', 'Lddd', '+375173478834', '16', 'Спорт-база “Сила”', '-', '5300', '53000', '1410', '1', '[{\"id\": 1410, \"date\": \"-\", \"role\": \"sport\", \"user_id\": 16, \"products\": \"{\\\"id\\\": 1, \\\"date\\\": [\\\"05 10 2023\\\", \\\"07 10 2023\\\"], \\\"berth\\\": \\\"1\\\", \\\"title\\\": \\\"Стандарт\\\", \\\"product\\\": null, \\\"category\\\": \\\"Стандарт\\\", \\\"totalPrice\\\": 4700, \\\"productList\\\": [{\\\"id\\\": 1, \\\"qty\\\": 1, \\\"price\\\": \\\"4100\\\", \\\"product\\\": \\\"Теннисный корт\\\"}, {\\\"id\\\": 2, \\\"qty\\\": 1, \\\"price\\\": \\\"300\\\", \\\"product\\\": \\\"Ракетка\\\"}]}\", \"created_at\": \"2023-10-05 13:22:38\", \"updated_at\": \"2023-10-05 13:22:38\", \"total_price\": 5300, \"name_product\": \"Спорт-база “Сила”\", \"image_product\": \"https://tourmeddriver.com/storage/sport_images_card/sD7aWmfj97N6NBdW4p1NmcNC3RtJF7WaMa8QG7VX.jpg\", \"organization_email\": \"sport@mail.ru\"}]', '8s7GtYyg', '2023-10-05 10:22:42', '2023-10-05 10:22:58', 'otpravlen'),
(91007, 'vladuk92@mail.ru', 'vova', 'Lddd', '+375173478834', '16', 'Центр укрепления здоровья \"Боли-Нет\"', '13 10 2023 16:23', '8100', '81000', '1411', '1', '[{\"id\": 1411, \"date\": \"13 10 2023 16:23\", \"role\": \"Мед.центр\", \"user_id\": 16, \"products\": \"{\\\"date\\\": \\\"13 10 2023 16:23\\\", \\\"people\\\": 1, \\\"product\\\": null, \\\"totalPrice\\\": 8100, \\\"productList\\\": [{\\\"id\\\": 230, \\\"qty\\\": 1, \\\"price\\\": \\\"3500\\\", \\\"product\\\": \\\"Сеанс приват доцента Академии натуропатии Глущенко Анатолия Николаевича\\\"}, {\\\"id\\\": 231, \\\"qty\\\": 1, \\\"price\\\": \\\"2000\\\", \\\"product\\\": \\\"Комплексная коррекция позвоночника и суставов\\\"}, {\\\"id\\\": 232, \\\"qty\\\": 1, \\\"price\\\": \\\"2000\\\", \\\"product\\\": \\\"Программа стабилизации и гармонизации ЦНС\\\"}, {\\\"id\\\": 233, \\\"qty\\\": 0, \\\"price\\\": null, \\\"product\\\": \\\"Определение состава тела\\\"}, {\\\"id\\\": 234, \\\"qty\\\": 1, \\\"price\\\": \\\"600\\\", \\\"product\\\": \\\"SPA Капсула HK-7000\\\"}]}\", \"created_at\": \"2023-10-05 13:23:26\", \"updated_at\": \"2023-10-05 13:23:26\", \"total_price\": 8100, \"name_product\": \"Центр укрепления здоровья \\\"Боли-Нет\\\"\", \"image_product\": \"https://tourmeddriver.com/storage/medical_images_card/skSKHCT4Xj3ffhAv4bhS6RZ0btvRBtD9vQEaw5iw.jpg\", \"organization_email\": \"bolinetanapa@yandex.ru\"}]', 'dXVnf2m6', '2023-10-05 10:23:30', '2023-10-05 10:23:44', 'otpravlen'),
(91008, 'vladuk92@mail.ru', 'vova', 'Lddd', '+375173478834', '16', 'Кафе «Баку»', '06 10 2023 16:24', '1600', '16000', '1412', '0', '[{\"id\": 1412, \"date\": \"06 10 2023 16:24\", \"role\": \"cafe\", \"user_id\": 16, \"products\": \"{\\\"date\\\": \\\"06 10 2023 16:24\\\", \\\"people\\\": 1, \\\"product\\\": null, \\\"totalPrice\\\": 1600, \\\"productList\\\": [{\\\"id\\\": 18, \\\"qty\\\": 1, \\\"price\\\": \\\"300\\\", \\\"product\\\": \\\"Стейк из семги\\\"}, {\\\"id\\\": 19, \\\"qty\\\": 1, \\\"price\\\": \\\"1300\\\", \\\"product\\\": \\\"Стейк «Ковбой»\\\"}]}\", \"created_at\": \"2023-10-05 13:24:21\", \"updated_at\": \"2023-10-05 13:24:21\", \"total_price\": 1600, \"name_product\": \"Кафе «Баку»\", \"image_product\": \"https://tourmeddriver.com/storage/cafe_images_card/Bf620TfVhX7NAblSAGdbFh48myWnPlVF9NTLumoT.jpg\", \"organization_email\": \"cafe@mail.ru\"}]', NULL, '2023-10-05 10:24:32', '2023-10-05 10:24:32', NULL),
(91009, 'vladuk92@mail.ru', 'vova', 'Lddd', '+375173478834', '16', 'Кафе «Баку»', '06 10 2023 16:24', '1600', '16000', '1412', '1', '[{\"id\": 1412, \"date\": \"06 10 2023 16:24\", \"role\": \"cafe\", \"user_id\": 16, \"products\": \"{\\\"date\\\": \\\"06 10 2023 16:24\\\", \\\"people\\\": 1, \\\"product\\\": null, \\\"totalPrice\\\": 1600, \\\"productList\\\": [{\\\"id\\\": 18, \\\"qty\\\": 1, \\\"price\\\": \\\"300\\\", \\\"product\\\": \\\"Стейк из семги\\\"}, {\\\"id\\\": 19, \\\"qty\\\": 1, \\\"price\\\": \\\"1300\\\", \\\"product\\\": \\\"Стейк «Ковбой»\\\"}]}\", \"created_at\": \"2023-10-05 13:24:21\", \"updated_at\": \"2023-10-05 13:24:21\", \"total_price\": 1600, \"name_product\": \"Кафе «Баку»\", \"image_product\": \"https://tourmeddriver.com/storage/cafe_images_card/Bf620TfVhX7NAblSAGdbFh48myWnPlVF9NTLumoT.jpg\", \"organization_email\": \"cafe@mail.ru\"}]', 'tchWnb8I', '2023-10-05 10:24:37', '2023-10-05 10:24:53', 'otpravlen'),
(91010, 'vladuk92@mail.ru', 'vova', 'Lddd', '+375173478834', '16', 'Салон красоты', '07 10 2023 16:25', '3800', '38000', '1414', '0', '[{\"id\": 1414, \"date\": \"07 10 2023 16:25\", \"role\": \"spa\", \"user_id\": 16, \"products\": \"{\\\"date\\\": \\\"07 10 2023 16:25\\\", \\\"people\\\": 1, \\\"product\\\": null, \\\"totalPrice\\\": 3800, \\\"productList\\\": [{\\\"id\\\": 1, \\\"qty\\\": 1, \\\"price\\\": \\\"1300\\\", \\\"product\\\": \\\"Холистик SPA-уход\\\"}, {\\\"id\\\": 2, \\\"qty\\\": 1, \\\"price\\\": \\\"1300\\\", \\\"product\\\": \\\"Фитнес SPA-уход\\\"}, {\\\"id\\\": 3, \\\"qty\\\": 1, \\\"price\\\": \\\"1200\\\", \\\"product\\\": \\\"Арома SPA-уход\\\"}]}\", \"created_at\": \"2023-10-05 13:25:32\", \"updated_at\": \"2023-10-05 13:25:32\", \"total_price\": 3800, \"name_product\": \"Салон красоты\", \"image_product\": \"https://tourmeddriver.com/storage/spa_images_card/7GsR2QNuInI8oMHqp9kiP6Fh5cCwYoNAqNCM7Ao8.jpg\", \"organization_email\": \"vladuk92@mail.ru\"}]', NULL, '2023-10-05 10:25:35', '2023-10-05 10:25:35', NULL),
(91011, 'vladuk92@mail.ru', 'vova', 'Lddd', '+375173478834', '16', 'Салон красоты', '10 10 2023 16:25', '4800', '48000', '1415', '1', '[{\"id\": 1415, \"date\": \"10 10 2023 16:25\", \"role\": \"spa\", \"user_id\": 16, \"products\": \"{\\\"date\\\": \\\"10 10 2023 16:25\\\", \\\"people\\\": 1, \\\"product\\\": null, \\\"totalPrice\\\": 4800, \\\"productList\\\": [{\\\"id\\\": 1, \\\"qty\\\": 1, \\\"price\\\": \\\"1300\\\", \\\"product\\\": \\\"Холистик SPA-уход\\\"}, {\\\"id\\\": 2, \\\"qty\\\": 1, \\\"price\\\": \\\"1300\\\", \\\"product\\\": \\\"Фитнес SPA-уход\\\"}, {\\\"id\\\": 3, \\\"qty\\\": 1, \\\"price\\\": \\\"1200\\\", \\\"product\\\": \\\"Арома SPA-уход\\\"}, {\\\"id\\\": 4, \\\"qty\\\": 1, \\\"price\\\": \\\"500\\\", \\\"product\\\": \\\"Массаж лица косметический\\\"}, {\\\"id\\\": 5, \\\"qty\\\": 1, \\\"price\\\": \\\"500\\\", \\\"product\\\": \\\"Испанский массаж лица\\\"}]}\", \"created_at\": \"2023-10-05 13:25:57\", \"updated_at\": \"2023-10-05 13:25:57\", \"total_price\": 4800, \"name_product\": \"Салон красоты\", \"image_product\": \"https://tourmeddriver.com/storage/spa_images_card/7GsR2QNuInI8oMHqp9kiP6Fh5cCwYoNAqNCM7Ao8.jpg\", \"organization_email\": \"vladuk92@mail.ru\"}]', 'lAYpCrLq', '2023-10-05 10:26:01', '2023-10-05 10:26:19', 'otpravlen'),
(91012, 'vladuk92@mail.ru', 'vova', 'Lddd', '+375173478834', '16', 'Туроператор Дагестан', '-', '130000', '1396000', '1417', '1', '[{\"id\": 1416, \"date\": \"06 10 2023 16:29\", \"role\": \"Мед.центр\", \"user_id\": 16, \"products\": \"{\\\"date\\\": \\\"06 10 2023 16:29\\\", \\\"people\\\": 1, \\\"product\\\": null, \\\"totalPrice\\\": 9600, \\\"productList\\\": [{\\\"id\\\": 1, \\\"qty\\\": 1, \\\"price\\\": \\\"300\\\", \\\"product\\\": \\\"Консультация дермалогога\\\"}, {\\\"id\\\": 3, \\\"qty\\\": 1, \\\"price\\\": \\\"1400\\\", \\\"product\\\": \\\"Цифровая дерматоскопия\\\"}, {\\\"id\\\": 2, \\\"qty\\\": 1, \\\"price\\\": \\\"1300\\\", \\\"product\\\": \\\"Трихоскопия\\\"}, {\\\"id\\\": 9, \\\"qty\\\": 1, \\\"price\\\": \\\"2300\\\", \\\"product\\\": \\\"Первичный прием эндокринолога\\\"}, {\\\"id\\\": 10, \\\"qty\\\": 1, \\\"price\\\": \\\"4300\\\", \\\"product\\\": \\\"Повторный прием эндокринолога\\\"}]}\", \"created_at\": \"2023-10-05 13:29:32\", \"updated_at\": \"2023-10-05 13:29:32\", \"total_price\": 9600, \"name_product\": \"Медицинский центр\", \"image_product\": \"https://tourmeddriver.com/storage/medical_images_card/EyiOJRNs6wUPi7sgQoMJVhGrrlJBri6NiemLHDDP.jpg\", \"organization_email\": \"klimashevskijvova@gmail.com\"}, {\"id\": 1417, \"date\": \"-\", \"role\": \"tur\", \"user_id\": 16, \"products\": \"{\\\"id\\\": 2, \\\"date\\\": \\\"08.11.2023 - 15.11.2023\\\", \\\"berth\\\": 2, \\\"price\\\": 130000, \\\"title\\\": \\\"Бали\\\", \\\"category\\\": \\\"Отель 3 звезды\\\"}\", \"created_at\": \"2023-10-05 13:29:39\", \"updated_at\": \"2023-10-05 13:29:39\", \"total_price\": 130000, \"name_product\": \"Туроператор Дагестан\", \"image_product\": \"https://tourmeddriver.com/storage/turoperator_images_card/iNa0eRGdRldSwUK40CRr6jHdeSuQy8SPl09Y9dX1.jpg\", \"organization_email\": \"tur@mail.ru\"}]', '96lUxm5Z', '2023-10-05 10:29:42', '2023-10-05 10:29:59', 'otpravlen'),
(91013, 'user@mail.ru', 'Bombaa', 'vasyaaa12', '+375448698855', '13', 'Одноместный', '-', '5100', '51000', '1418', '0', '[{\"id\": 1418, \"date\": \"-\", \"role\": \"sanatorium\", \"user_id\": 13, \"products\": \"{\\\"id\\\": 1, \\\"date\\\": [\\\"11.10.2023\\\", \\\"13.10.2023\\\"], \\\"berth\\\": \\\"1\\\", \\\"title\\\": \\\"Одноместный\\\", \\\"product\\\": null, \\\"category\\\": \\\"Одноместный\\\", \\\"totalPrice\\\": 2700, \\\"productList\\\": [{\\\"id\\\": 0, \\\"qty\\\": 0, \\\"price\\\": 1200, \\\"product\\\": \\\"Одноместный\\\"}, {\\\"id\\\": 1, \\\"qty\\\": 5, \\\"price\\\": \\\"300\\\", \\\"product\\\": \\\"Ванна жемчужная\\\"}]}\", \"created_at\": \"2023-10-05 14:20:19\", \"updated_at\": \"2023-10-05 14:20:19\", \"total_price\": 5100, \"name_product\": \"Одноместный\", \"image_product\": \"https://tourmeddriver.com/public/storage/sanatorium_images/yCI0WVfFKT9yoUj31QI9hddZCj1xgE4tRe9Tv79n.jpg\", \"organization_email\": \"san@mail.ru\"}]', NULL, '2023-10-05 11:20:22', '2023-10-05 11:20:22', NULL),
(91014, 'vladuk92@mail.ru', 'vova', 'Lddd', '+375173478834', '16', 'Салон красоты', '08 10 2023 17:26', '3800', '38000', '1419', '0', '[{\"id\": 1419, \"date\": \"08 10 2023 17:26\", \"role\": \"spa\", \"user_id\": 16, \"products\": \"{\\\"date\\\": \\\"08 10 2023 17:26\\\", \\\"people\\\": 1, \\\"product\\\": null, \\\"totalPrice\\\": 3800, \\\"productList\\\": [{\\\"id\\\": 1, \\\"qty\\\": 1, \\\"price\\\": \\\"1300\\\", \\\"product\\\": \\\"Холистик SPA-уход\\\"}, {\\\"id\\\": 2, \\\"qty\\\": 1, \\\"price\\\": \\\"1300\\\", \\\"product\\\": \\\"Фитнес SPA-уход\\\"}, {\\\"id\\\": 3, \\\"qty\\\": 1, \\\"price\\\": \\\"1200\\\", \\\"product\\\": \\\"Арома SPA-уход\\\"}]}\", \"created_at\": \"2023-10-05 14:26:52\", \"updated_at\": \"2023-10-05 14:26:52\", \"total_price\": 3800, \"name_product\": \"Салон красоты\", \"image_product\": \"https://tourmeddriver.com/storage/spa_images_card/7GsR2QNuInI8oMHqp9kiP6Fh5cCwYoNAqNCM7Ao8.jpg\", \"organization_email\": \"vladuk92@mail.ru\"}]', NULL, '2023-10-05 11:26:56', '2023-10-05 11:26:56', NULL),
(91015, 'vladuk92@mail.ru', 'vova', 'Lddd', '+375173478834', '16', 'Туроператор Дагестан', '-', '50000', '500000', '1420', '0', '[{\"id\": 1420, \"date\": \"-\", \"role\": \"tur\", \"user_id\": 16, \"products\": \"{\\\"id\\\": 1, \\\"date\\\": \\\"08.08.2023 - 12.08.2023\\\", \\\"berth\\\": 1, \\\"price\\\": 50000, \\\"title\\\": \\\"Экскурсионный тур по Дагестану\\\", \\\"category\\\": \\\"Отель 3 звезды\\\"}\", \"created_at\": \"2023-10-05 14:58:45\", \"updated_at\": \"2023-10-05 14:58:45\", \"total_price\": 50000, \"name_product\": \"Туроператор Дагестан\", \"image_product\": \"https://tourmeddriver.com/storage/turoperator_images_card/iNa0eRGdRldSwUK40CRr6jHdeSuQy8SPl09Y9dX1.jpg\", \"organization_email\": \"tur@mail.ru\"}]', NULL, '2023-10-05 11:58:48', '2023-10-05 11:58:48', NULL),
(91016, 'vladuk92@mail.ru', 'vova', 'Lddd', '+375173478834', '16', 'Салон красоты', '06 10 2023 18:05', '3800', '38000', '1421', '0', '[{\"id\": 1421, \"date\": \"06 10 2023 18:05\", \"role\": \"spa\", \"user_id\": 16, \"products\": \"{\\\"date\\\": \\\"06 10 2023 18:05\\\", \\\"people\\\": 1, \\\"product\\\": null, \\\"totalPrice\\\": 3800, \\\"productList\\\": [{\\\"id\\\": 1, \\\"qty\\\": 1, \\\"price\\\": \\\"1300\\\", \\\"product\\\": \\\"Холистик SPA-уход\\\"}, {\\\"id\\\": 2, \\\"qty\\\": 1, \\\"price\\\": \\\"1300\\\", \\\"product\\\": \\\"Фитнес SPA-уход\\\"}, {\\\"id\\\": 3, \\\"qty\\\": 1, \\\"price\\\": \\\"1200\\\", \\\"product\\\": \\\"Арома SPA-уход\\\"}]}\", \"created_at\": \"2023-10-05 15:05:14\", \"updated_at\": \"2023-10-05 15:05:14\", \"total_price\": 3800, \"name_product\": \"Салон красоты\", \"image_product\": \"https://tourmeddriver.com/storage/spa_images_card/7GsR2QNuInI8oMHqp9kiP6Fh5cCwYoNAqNCM7Ao8.jpg\", \"organization_email\": \"vladuk92@mail.ru\"}]', NULL, '2023-10-05 12:05:17', '2023-10-05 12:05:17', NULL),
(91017, 'vladuk92@mail.ru', 'vova', 'Lddd', '+375173478834', '16', 'Медицинский центр', '06 10 2023 18:14', '1600', '16000', '1422', '0', '[{\"id\": 1422, \"date\": \"06 10 2023 18:14\", \"role\": \"Мед.центр\", \"user_id\": 16, \"products\": \"{\\\"date\\\": \\\"06 10 2023 18:14\\\", \\\"people\\\": 1, \\\"product\\\": null, \\\"totalPrice\\\": 1600, \\\"productList\\\": [{\\\"id\\\": 1, \\\"qty\\\": 1, \\\"price\\\": \\\"300\\\", \\\"product\\\": \\\"Консультация дермалогога\\\"}, {\\\"id\\\": 2, \\\"qty\\\": 1, \\\"price\\\": \\\"1300\\\", \\\"product\\\": \\\"Трихоскопия\\\"}]}\", \"created_at\": \"2023-10-05 15:14:20\", \"updated_at\": \"2023-10-05 15:14:20\", \"total_price\": 1600, \"name_product\": \"Медицинский центр\", \"image_product\": \"https://tourmeddriver.com/storage/medical_images_card/EyiOJRNs6wUPi7sgQoMJVhGrrlJBri6NiemLHDDP.jpg\", \"organization_email\": \"klimashevskijvova@gmail.com\"}]', NULL, '2023-10-05 12:14:25', '2023-10-05 12:14:25', NULL),
(91018, 'vladuk92@mail.ru', 'vova', 'Lddd', '+375173478834', '16', 'Туроператор Дагестан', '-', '50000', '500000', '1423', '0', '[{\"id\": 1423, \"date\": \"-\", \"role\": \"tur\", \"user_id\": 16, \"products\": \"{\\\"id\\\": 1, \\\"date\\\": \\\"08.08.2023 - 12.08.2023\\\", \\\"berth\\\": 1, \\\"price\\\": 50000, \\\"title\\\": \\\"Экскурсионный тур по Дагестану\\\", \\\"category\\\": \\\"Отель 3 звезды\\\"}\", \"created_at\": \"2023-10-05 15:22:34\", \"updated_at\": \"2023-10-05 15:22:34\", \"total_price\": 50000, \"name_product\": \"Туроператор Дагестан\", \"image_product\": \"https://tourmeddriver.com/storage/turoperator_images_card/iNa0eRGdRldSwUK40CRr6jHdeSuQy8SPl09Y9dX1.jpg\", \"organization_email\": \"tur@mail.ru\"}]', NULL, '2023-10-05 12:22:38', '2023-10-05 12:22:38', NULL),
(91019, 'vladuk92@mail.ru', 'vova', 'Lddd', '+375173478834', '16', 'Туроператор Дагестан', '-', '50000', '500000', '1424', '0', '[{\"id\": 1424, \"date\": \"-\", \"role\": \"tur\", \"user_id\": 16, \"products\": \"{\\\"id\\\": 1, \\\"date\\\": \\\"08.08.2023 - 12.08.2023\\\", \\\"berth\\\": 1, \\\"price\\\": 50000, \\\"title\\\": \\\"Экскурсионный тур по Дагестану\\\", \\\"category\\\": \\\"Отель 3 звезды\\\"}\", \"created_at\": \"2023-10-05 15:23:55\", \"updated_at\": \"2023-10-05 15:23:55\", \"total_price\": 50000, \"name_product\": \"Туроператор Дагестан\", \"image_product\": \"https://tourmeddriver.com/storage/turoperator_images_card/iNa0eRGdRldSwUK40CRr6jHdeSuQy8SPl09Y9dX1.jpg\", \"organization_email\": \"tur@mail.ru\"}]', NULL, '2023-10-05 12:23:57', '2023-10-05 12:23:57', NULL),
(91020, 'vladuk92@mail.ru', 'vova', 'Lddd', '+375173478834', '16', 'Медицинский центр', '06 10 2023 18:54', '300', '3000', '1425', '0', '[{\"id\": 1425, \"date\": \"06 10 2023 18:54\", \"role\": \"Мед.центр\", \"user_id\": 16, \"products\": \"{\\\"date\\\": \\\"06 10 2023 18:54\\\", \\\"people\\\": 1, \\\"product\\\": null, \\\"totalPrice\\\": 300, \\\"productList\\\": [{\\\"id\\\": 1, \\\"qty\\\": 1, \\\"price\\\": \\\"300\\\", \\\"product\\\": \\\"Консультация дермалогога\\\"}]}\", \"created_at\": \"2023-10-05 15:54:32\", \"updated_at\": \"2023-10-05 15:54:32\", \"total_price\": 300, \"name_product\": \"Медицинский центр\", \"image_product\": \"https://tourmeddriver.com/storage/medical_images_card/EyiOJRNs6wUPi7sgQoMJVhGrrlJBri6NiemLHDDP.jpg\", \"organization_email\": \"klimashevskijvova@gmail.com\"}]', NULL, '2023-10-05 12:54:37', '2023-10-05 12:54:37', NULL),
(91021, 'vladuk92@mail.ru', 'vova', 'Lddd', '+375173478834', '16', 'Медицинский центр', '06 10 2023 18:54', '300', '3000', '1425', '0', '[{\"id\": 1425, \"date\": \"06 10 2023 18:54\", \"role\": \"Мед.центр\", \"user_id\": 16, \"products\": \"{\\\"date\\\": \\\"06 10 2023 18:54\\\", \\\"people\\\": 1, \\\"product\\\": null, \\\"totalPrice\\\": 300, \\\"productList\\\": [{\\\"id\\\": 1, \\\"qty\\\": 1, \\\"price\\\": \\\"300\\\", \\\"product\\\": \\\"Консультация дермалогога\\\"}]}\", \"created_at\": \"2023-10-05 15:54:32\", \"updated_at\": \"2023-10-05 15:54:32\", \"total_price\": 300, \"name_product\": \"Медицинский центр\", \"image_product\": \"https://tourmeddriver.com/storage/medical_images_card/EyiOJRNs6wUPi7sgQoMJVhGrrlJBri6NiemLHDDP.jpg\", \"organization_email\": \"klimashevskijvova@gmail.com\"}]', NULL, '2023-10-05 12:54:56', '2023-10-05 12:54:56', NULL),
(91022, 'vladuk92@mail.ru', 'vova', 'Lddd', '+375173478834', '16', 'Медицинский центр', '06 10 2023 18:54', '300', '3000', '1425', '0', '[{\"id\": 1425, \"date\": \"06 10 2023 18:54\", \"role\": \"Мед.центр\", \"user_id\": 16, \"products\": \"{\\\"date\\\": \\\"06 10 2023 18:54\\\", \\\"people\\\": 1, \\\"product\\\": null, \\\"totalPrice\\\": 300, \\\"productList\\\": [{\\\"id\\\": 1, \\\"qty\\\": 1, \\\"price\\\": \\\"300\\\", \\\"product\\\": \\\"Консультация дермалогога\\\"}]}\", \"created_at\": \"2023-10-05 15:54:32\", \"updated_at\": \"2023-10-05 15:54:32\", \"total_price\": 300, \"name_product\": \"Медицинский центр\", \"image_product\": \"https://tourmeddriver.com/storage/medical_images_card/EyiOJRNs6wUPi7sgQoMJVhGrrlJBri6NiemLHDDP.jpg\", \"organization_email\": \"klimashevskijvova@gmail.com\"}]', NULL, '2023-10-05 12:55:17', '2023-10-05 12:55:17', NULL),
(91023, 'vladuk92@mail.ru', 'vova', 'Lddd', '+375173478834', '16', 'Медицинский центр', '06 10 2023 18:54', '300', '3000', '1425', '1', '[{\"id\": 1425, \"date\": \"06 10 2023 18:54\", \"role\": \"Мед.центр\", \"user_id\": 16, \"products\": \"{\\\"date\\\": \\\"06 10 2023 18:54\\\", \\\"people\\\": 1, \\\"product\\\": null, \\\"totalPrice\\\": 300, \\\"productList\\\": [{\\\"id\\\": 1, \\\"qty\\\": 1, \\\"price\\\": \\\"300\\\", \\\"product\\\": \\\"Консультация дермалогога\\\"}]}\", \"created_at\": \"2023-10-05 15:54:32\", \"updated_at\": \"2023-10-05 15:54:32\", \"total_price\": 300, \"name_product\": \"Медицинский центр\", \"image_product\": \"https://tourmeddriver.com/storage/medical_images_card/EyiOJRNs6wUPi7sgQoMJVhGrrlJBri6NiemLHDDP.jpg\", \"organization_email\": \"klimashevskijvova@gmail.com\"}]', 'X6xJk3dP', '2023-10-05 14:26:56', '2023-10-05 14:27:12', 'otpravlen'),
(91024, 'vladuk92@mail.ru', 'vova', 'Lddd', '+375173478834', '16', 'Туроператор Дагестан', '-', '50000', '500000', '1426', '1', '[{\"id\": 1426, \"date\": \"-\", \"role\": \"tur\", \"user_id\": 16, \"products\": \"{\\\"id\\\": 1, \\\"date\\\": \\\"08.08.2023 - 12.08.2023\\\", \\\"berth\\\": 1, \\\"price\\\": 50000, \\\"title\\\": \\\"Экскурсионный тур по Дагестану\\\", \\\"category\\\": \\\"Отель 3 звезды\\\"}\", \"created_at\": \"2023-10-05 17:27:31\", \"updated_at\": \"2023-10-05 17:27:31\", \"total_price\": 50000, \"name_product\": \"Туроператор Дагестан\", \"image_product\": \"https://tourmeddriver.com/storage/turoperator_images_card/iNa0eRGdRldSwUK40CRr6jHdeSuQy8SPl09Y9dX1.jpg\", \"organization_email\": \"tur@mail.ru\"}]', 'LS4X38qi', '2023-10-05 14:27:35', '2023-10-05 14:27:52', 'otpravlen'),
(91025, 'vladuk92@mail.ru', 'vova', 'Lddd', '+375173478834', '16', 'Салон красоты', '11 10 2023 20:44', '3800', '38000', '1427', '1', '[{\"id\": 1427, \"date\": \"11 10 2023 20:44\", \"role\": \"spa\", \"user_id\": 16, \"products\": \"{\\\"date\\\": \\\"11 10 2023 20:44\\\", \\\"people\\\": 1, \\\"product\\\": null, \\\"totalPrice\\\": 3800, \\\"productList\\\": [{\\\"id\\\": 1, \\\"qty\\\": 1, \\\"price\\\": \\\"1300\\\", \\\"product\\\": \\\"Холистик SPA-уход\\\"}, {\\\"id\\\": 2, \\\"qty\\\": 1, \\\"price\\\": \\\"1300\\\", \\\"product\\\": \\\"Фитнес SPA-уход\\\"}, {\\\"id\\\": 3, \\\"qty\\\": 1, \\\"price\\\": \\\"1200\\\", \\\"product\\\": \\\"Арома SPA-уход\\\"}]}\", \"created_at\": \"2023-10-05 17:44:24\", \"updated_at\": \"2023-10-05 17:44:24\", \"total_price\": 3800, \"name_product\": \"Салон красоты\", \"image_product\": \"https://tourmeddriver.com/storage/spa_images_card/7GsR2QNuInI8oMHqp9kiP6Fh5cCwYoNAqNCM7Ao8.jpg\", \"organization_email\": \"vladuk92@mail.ru\"}]', 'Kt9uUYbN', '2023-10-05 14:44:27', '2023-10-05 14:44:45', 'otpravlen'),
(91026, 'user@mail.ru', 'Bombaa', 'vasyaaa12', '+375448698855', '13', 'Медицинский центр', '27.10.2023', '1300', '13000', '1428', '0', '[{\"id\": 1428, \"date\": \"27.10.2023\", \"role\": \"Мед.центр\", \"user_id\": 13, \"products\": \"{\\\"date\\\": \\\"27.10.2023\\\", \\\"title\\\": \\\"Медицинский центр\\\", \\\"people\\\": 1, \\\"product\\\": null, \\\"totalPrice\\\": 1300, \\\"productList\\\": [{\\\"id\\\": 2, \\\"qty\\\": 1, \\\"price\\\": \\\"1300\\\", \\\"product\\\": \\\"Трихоскопия\\\"}]}\", \"created_at\": \"2023-10-05 18:09:35\", \"updated_at\": \"2023-10-05 18:09:35\", \"total_price\": 1300, \"name_product\": \"Медицинский центр\", \"image_product\": \"https://tourmeddriver.com/public/storage/medical_images_card/EyiOJRNs6wUPi7sgQoMJVhGrrlJBri6NiemLHDDP.jpg\", \"organization_email\": \"klimashevskijvova@gmail.com\"}]', NULL, '2023-10-05 15:09:37', '2023-10-05 15:09:37', NULL),
(91027, 'user@mail.ru', 'Bombaa', 'vasyaaa12', '+375448698855', '13', 'Медицинский центр', '19.10.2023', '6500', '65000', '1429', '0', '[{\"id\": 1429, \"date\": \"19.10.2023\", \"role\": \"Мед.центр\", \"user_id\": 13, \"products\": \"{\\\"date\\\": \\\"19.10.2023\\\", \\\"title\\\": \\\"Медицинский центр\\\", \\\"people\\\": 2, \\\"product\\\": null, \\\"totalPrice\\\": 6500, \\\"productList\\\": [{\\\"id\\\": 2, \\\"qty\\\": 5, \\\"price\\\": \\\"1300\\\", \\\"product\\\": \\\"Трихоскопия\\\"}]}\", \"created_at\": \"2023-10-05 19:28:01\", \"updated_at\": \"2023-10-05 19:28:01\", \"total_price\": 6500, \"name_product\": \"Медицинский центр\", \"image_product\": \"https://tourmeddriver.com/public/storage/medical_images_card/EyiOJRNs6wUPi7sgQoMJVhGrrlJBri6NiemLHDDP.jpg\", \"organization_email\": \"klimashevskijvova@gmail.com\"}]', NULL, '2023-10-05 16:28:03', '2023-10-05 16:28:03', NULL),
(91028, 'user@mail.ru', 'Bombaa', 'vasyaaa12', '+375448698855', '13', 'Медицинский центр', '08.10.2023', '1400', '14000', '1430', '1', '[{\"id\": 1430, \"date\": \"08.10.2023\", \"role\": \"Мед.центр\", \"user_id\": 13, \"products\": \"{\\\"date\\\": \\\"08.10.2023\\\", \\\"title\\\": \\\"Медицинский центр\\\", \\\"people\\\": 1, \\\"product\\\": null, \\\"totalPrice\\\": 1400, \\\"productList\\\": [{\\\"id\\\": 3, \\\"qty\\\": 1, \\\"price\\\": \\\"1400\\\", \\\"product\\\": \\\"Цифровая дерматоскопия\\\"}]}\", \"created_at\": \"2023-10-05 20:17:55\", \"updated_at\": \"2023-10-05 20:17:55\", \"total_price\": 1400, \"name_product\": \"Медицинский центр\", \"image_product\": \"https://tourmeddriver.com/public/storage/medical_images_card/EyiOJRNs6wUPi7sgQoMJVhGrrlJBri6NiemLHDDP.jpg\", \"organization_email\": \"klimashevskijvova@gmail.com\"}]', 'nj7D2pBV', '2023-10-05 17:17:58', '2023-10-05 17:23:14', 'otpravlen'),
(91029, 'user@mail.ru', 'Bombaa', 'vasyaaa12', '+375448698855', '13', 'Двухместный', '-', '18200', '182000', '1431', '1', '[{\"id\": 1431, \"date\": \"-\", \"role\": \"sanatorium\", \"user_id\": 13, \"products\": \"{\\\"id\\\": 2, \\\"date\\\": [\\\"24.10.2023\\\", \\\"31.10.2023\\\"], \\\"berth\\\": \\\"2\\\", \\\"title\\\": \\\"Двухместный\\\", \\\"product\\\": null, \\\"category\\\": \\\"Двухместный\\\", \\\"totalPrice\\\": 4900, \\\"productList\\\": [{\\\"id\\\": 0, \\\"qty\\\": 0, \\\"price\\\": 1900, \\\"product\\\": \\\"Двухместный\\\"}, {\\\"id\\\": 2, \\\"qty\\\": 3, \\\"price\\\": \\\"1000\\\", \\\"product\\\": \\\"Ванна хвойная\\\"}]}\", \"created_at\": \"2023-10-05 20:34:09\", \"updated_at\": \"2023-10-05 20:34:09\", \"total_price\": 18200, \"name_product\": \"Двухместный\", \"image_product\": \"https://tourmeddriver.com/public/storage/sanatorium_images/asa3jyT7c6lah1RgnN9mje9vJoaM3zB5V94zPn20.jpg\", \"organization_email\": \"san@mail.ru\"}]', 'lqeCX6L9', '2023-10-05 17:34:12', '2023-10-05 17:38:00', 'otpravlen'),
(91030, 'user@mail.ru', 'Bombaa', 'vasyaaa12', '+375448698855', '13', 'Двухместный', '-', '7000', '70000', '1432', '1', '[{\"id\": 1432, \"date\": \"-\", \"role\": \"sanatorium\", \"user_id\": 13, \"products\": \"{\\\"id\\\": 2, \\\"date\\\": [\\\"18.10.2023\\\", \\\"20.10.2023\\\"], \\\"berth\\\": \\\"2\\\", \\\"title\\\": \\\"Двухместный\\\", \\\"product\\\": null, \\\"category\\\": \\\"Двухместный\\\", \\\"totalPrice\\\": 3200, \\\"productList\\\": [{\\\"id\\\": 0, \\\"qty\\\": 0, \\\"price\\\": 1900, \\\"product\\\": \\\"Двухместный\\\"}, {\\\"id\\\": 1, \\\"qty\\\": 1, \\\"price\\\": \\\"300\\\", \\\"product\\\": \\\"Ванна жемчужная\\\"}, {\\\"id\\\": 2, \\\"qty\\\": 1, \\\"price\\\": \\\"1000\\\", \\\"product\\\": \\\"Ванна хвойная\\\"}]}\", \"created_at\": \"2023-10-05 20:39:00\", \"updated_at\": \"2023-10-05 20:39:00\", \"total_price\": 7000, \"name_product\": \"Двухместный\", \"image_product\": \"https://tourmeddriver.com/public/storage/sanatorium_images/asa3jyT7c6lah1RgnN9mje9vJoaM3zB5V94zPn20.jpg\", \"organization_email\": \"san@mail.ru\"}]', 'USMOzqKe', '2023-10-05 17:39:52', '2023-10-05 18:02:56', NULL),
(91031, 'vladuk92@mail.ru', 'vova', 'Lddd', '+375173478834', '16', 'Спорт-база “Сила”', '-', '5000', '50000', '1433', '1', '[{\"id\": 1433, \"date\": \"-\", \"role\": \"sport\", \"user_id\": 16, \"products\": \"{\\\"id\\\": 1, \\\"date\\\": [\\\"08 10 2023\\\", \\\"09 10 2023\\\"], \\\"berth\\\": \\\"1\\\", \\\"title\\\": \\\"Стандарт\\\", \\\"product\\\": null, \\\"category\\\": \\\"Стандарт\\\", \\\"totalPrice\\\": 4700, \\\"productList\\\": [{\\\"id\\\": 1, \\\"qty\\\": 1, \\\"price\\\": \\\"4100\\\", \\\"product\\\": \\\"Теннисный корт\\\"}, {\\\"id\\\": 2, \\\"qty\\\": 1, \\\"price\\\": \\\"300\\\", \\\"product\\\": \\\"Ракетка\\\"}]}\", \"created_at\": \"2023-10-05 20:49:58\", \"updated_at\": \"2023-10-05 20:49:58\", \"total_price\": 5000, \"name_product\": \"Спорт-база “Сила”\", \"image_product\": \"https://tourmeddriver.com/storage/sport_images_card/sD7aWmfj97N6NBdW4p1NmcNC3RtJF7WaMa8QG7VX.jpg\", \"organization_email\": \"sport@mail.ru\"}]', 'J4SurnPe', '2023-10-05 17:50:03', '2023-10-05 18:03:45', 'otpravlen'),
(91032, 'vladuk92@mail.ru', 'vova', 'Lddd', '+375173478834', '16', 'Спорт-база “Сила”', '-', '5000', '50000', '1434', '1', '[{\"id\": 1434, \"date\": \"-\", \"role\": \"sport\", \"user_id\": 16, \"products\": \"{\\\"id\\\": 1, \\\"date\\\": [\\\"07 10 2023\\\", \\\"08 10 2023\\\"], \\\"berth\\\": \\\"1\\\", \\\"title\\\": \\\"Стандарт\\\", \\\"product\\\": null, \\\"category\\\": \\\"Стандарт\\\", \\\"totalPrice\\\": 4700, \\\"productList\\\": [{\\\"id\\\": 1, \\\"qty\\\": 1, \\\"price\\\": \\\"4100\\\", \\\"product\\\": \\\"Теннисный корт\\\"}, {\\\"id\\\": 2, \\\"qty\\\": 1, \\\"price\\\": \\\"300\\\", \\\"product\\\": \\\"Ракетка\\\"}]}\", \"created_at\": \"2023-10-05 21:12:20\", \"updated_at\": \"2023-10-05 21:12:20\", \"total_price\": 5000, \"name_product\": \"Спорт-база “Сила”\", \"image_product\": \"http://tourmeddriver.com/storage/sport_images_card/sD7aWmfj97N6NBdW4p1NmcNC3RtJF7WaMa8QG7VX.jpg\", \"organization_email\": \"sport@mail.ru\"}]', '9804oG25', '2023-10-05 18:12:24', '2023-10-05 18:12:54', 'otpravlen'),
(91033, 'user@mail.ru', 'Bombaa', 'vasyaaa12', '+375448698855', '13', 'Медицинский центр', '27.10.2023', '5200', '52000', '1435', '1', '[{\"id\": 1435, \"date\": \"27.10.2023\", \"role\": \"Мед.центр\", \"user_id\": 13, \"products\": \"{\\\"date\\\": \\\"27.10.2023\\\", \\\"title\\\": \\\"Медицинский центр\\\", \\\"people\\\": 1, \\\"product\\\": null, \\\"totalPrice\\\": 5200, \\\"productList\\\": [{\\\"id\\\": 2, \\\"qty\\\": 4, \\\"price\\\": \\\"1300\\\", \\\"product\\\": \\\"Трихоскопия\\\"}]}\", \"created_at\": \"2023-10-05 21:20:46\", \"updated_at\": \"2023-10-05 21:20:46\", \"total_price\": 5200, \"name_product\": \"Медицинский центр\", \"image_product\": \"https://tourmeddriver.com/public/storage/medical_images_card/EyiOJRNs6wUPi7sgQoMJVhGrrlJBri6NiemLHDDP.jpg\", \"organization_email\": \"klimashevskijvova@gmail.com\"}]', '5670sev4', '2023-10-05 18:20:48', '2023-10-05 18:21:14', NULL),
(91034, 'vladuk92@mail.ru', 'vova', 'Lddd', '+375173478834', '16', 'Санаторий', '-', '2400', '24000', '1436', '1', '[{\"id\": 1436, \"date\": \"-\", \"role\": \"sanatorium\", \"user_id\": 16, \"products\": \"{\\\"id\\\": 1, \\\"date\\\": [\\\"07 10 2023\\\", \\\"08 10 2023\\\"], \\\"berth\\\": \\\"1\\\", \\\"title\\\": \\\"Одноместный\\\", \\\"product\\\": null, \\\"category\\\": \\\"Одноместный\\\", \\\"totalPrice\\\": 1200, \\\"productList\\\": null}\", \"created_at\": \"2023-10-05 21:23:33\", \"updated_at\": \"2023-10-05 21:23:33\", \"total_price\": 2400, \"name_product\": \"Санаторий\", \"image_product\": \"https://tourmeddriver.com/storage/sanatorium_images_card/FwDfiCCFXtALj7UjXNeR3B98kmfwQM2yVvj38tt0.jpg\", \"organization_email\": \"san@mail.ru\"}]', 'cYXEuIjZ', '2023-10-05 18:23:37', '2023-10-05 18:23:56', 'otpravlen'),
(91035, 'vladuk92@mail.ru', 'vova', 'Lddd', '+375173478834', '16', 'Кафе «Баку»', '07 10 2023 00:24', '2100', '21000', '1437', '1', '[{\"id\": 1437, \"date\": \"07 10 2023 00:24\", \"role\": \"cafe\", \"user_id\": 16, \"products\": \"{\\\"date\\\": \\\"07 10 2023 00:24\\\", \\\"people\\\": 1, \\\"product\\\": null, \\\"totalPrice\\\": 2100, \\\"productList\\\": [{\\\"id\\\": 18, \\\"qty\\\": 1, \\\"price\\\": \\\"300\\\", \\\"product\\\": \\\"Стейк из семги\\\"}, {\\\"id\\\": 19, \\\"qty\\\": 1, \\\"price\\\": \\\"1300\\\", \\\"product\\\": \\\"Стейк «Ковбой»\\\"}, {\\\"id\\\": 20, \\\"qty\\\": 1, \\\"price\\\": \\\"500\\\", \\\"product\\\": \\\"Стейк из куриного филе\\\"}]}\", \"created_at\": \"2023-10-05 21:24:28\", \"updated_at\": \"2023-10-05 21:24:28\", \"total_price\": 2100, \"name_product\": \"Кафе «Баку»\", \"image_product\": \"https://tourmeddriver.com/storage/cafe_images_card/Bf620TfVhX7NAblSAGdbFh48myWnPlVF9NTLumoT.jpg\", \"organization_email\": \"cafe@mail.ru\"}]', 'SzTa5n9j', '2023-10-05 18:24:35', '2023-10-05 18:24:51', 'otpravlen'),
(91036, 'user@mail.ru', 'Bombaa', 'vasyaaa12', '+375448698855', '13', 'Медицинский центр', '26.10.2023', '1600', '16000', '1438', '0', '[{\"id\": 1438, \"date\": \"26.10.2023\", \"role\": \"Мед.центр\", \"user_id\": 13, \"products\": \"{\\\"date\\\": \\\"26.10.2023\\\", \\\"title\\\": \\\"Медицинский центр\\\", \\\"people\\\": 2, \\\"product\\\": null, \\\"totalPrice\\\": 1600, \\\"productList\\\": [{\\\"id\\\": 1, \\\"qty\\\": 1, \\\"price\\\": \\\"300\\\", \\\"product\\\": \\\"Консультация дермалогога\\\"}, {\\\"id\\\": 2, \\\"qty\\\": 1, \\\"price\\\": \\\"1300\\\", \\\"product\\\": \\\"Трихоскопия\\\"}]}\", \"created_at\": \"2023-10-05 21:43:37\", \"updated_at\": \"2023-10-05 21:43:37\", \"total_price\": 1600, \"name_product\": \"Медицинский центр\", \"image_product\": \"https://tourmeddriver.com/public/storage/medical_images_card/EyiOJRNs6wUPi7sgQoMJVhGrrlJBri6NiemLHDDP.jpg\", \"organization_email\": \"klimashevskijvova@gmail.com\"}]', NULL, '2023-10-05 18:43:43', '2023-10-05 18:43:43', NULL),
(91037, 'user@mail.ru', 'Bombaa', 'vasyaaa12', '+375448698855', '13', 'Одноместный', '-', '5200', '52000', '1439', '1', '[{\"id\": 1439, \"date\": \"-\", \"role\": \"sanatorium\", \"user_id\": 13, \"products\": \"{\\\"id\\\": 1, \\\"date\\\": [\\\"06.10.2023\\\", \\\"08.10.2023\\\"], \\\"berth\\\": \\\"1\\\", \\\"title\\\": \\\"Одноместный\\\", \\\"product\\\": null, \\\"category\\\": \\\"Одноместный\\\", \\\"totalPrice\\\": 2800, \\\"productList\\\": [{\\\"id\\\": 0, \\\"qty\\\": 0, \\\"price\\\": 1200, \\\"product\\\": \\\"Одноместный\\\"}, {\\\"id\\\": 1, \\\"qty\\\": 2, \\\"price\\\": \\\"300\\\", \\\"product\\\": \\\"Ванна жемчужная\\\"}, {\\\"id\\\": 2, \\\"qty\\\": 1, \\\"price\\\": \\\"1000\\\", \\\"product\\\": \\\"Ванна хвойная\\\"}]}\", \"created_at\": \"2023-10-05 21:45:23\", \"updated_at\": \"2023-10-05 21:45:23\", \"total_price\": 5200, \"name_product\": \"Одноместный\", \"image_product\": \"https://tourmeddriver.com/public/storage/sanatorium_images/yCI0WVfFKT9yoUj31QI9hddZCj1xgE4tRe9Tv79n.jpg\", \"organization_email\": \"san@mail.ru\"}]', '6fhszSb0', '2023-10-05 18:45:25', '2023-10-05 18:45:54', NULL),
(91038, 'user@mail.ru', 'Bombaa', 'vasyaaa12', '+375448698855', '13', 'Медицинский центр', '07.10.2023', '1600', '16000', '1440', '1', '[{\"id\": 1440, \"date\": \"07.10.2023\", \"role\": \"Мед.центр\", \"user_id\": 13, \"products\": \"{\\\"date\\\": \\\"07.10.2023\\\", \\\"title\\\": \\\"Медицинский центр\\\", \\\"people\\\": 1, \\\"product\\\": null, \\\"totalPrice\\\": 1600, \\\"productList\\\": [{\\\"id\\\": 1, \\\"qty\\\": 1, \\\"price\\\": \\\"300\\\", \\\"product\\\": \\\"Консультация дермалогога\\\"}, {\\\"id\\\": 2, \\\"qty\\\": 1, \\\"price\\\": \\\"1300\\\", \\\"product\\\": \\\"Трихоскопия\\\"}]}\", \"created_at\": \"2023-10-05 21:46:20\", \"updated_at\": \"2023-10-05 21:46:20\", \"total_price\": 1600, \"name_product\": \"Медицинский центр\", \"image_product\": \"https://tourmeddriver.com/public/storage/medical_images_card/EyiOJRNs6wUPi7sgQoMJVhGrrlJBri6NiemLHDDP.jpg\", \"organization_email\": \"klimashevskijvova@gmail.com\"}]', '7h8Jv1cq', '2023-10-05 18:46:28', '2023-10-05 18:46:52', NULL),
(91039, 'user@mail.ru', 'Bombaa', 'vasyaaa12', '+375448698855', '13', 'Одноместный', '-', '4600', '46000', '1441', '1', '[{\"id\": 1441, \"date\": \"-\", \"role\": \"sanatorium\", \"user_id\": 13, \"products\": \"{\\\"id\\\": 1, \\\"date\\\": [\\\"06.10.2023\\\", \\\"08.10.2023\\\"], \\\"berth\\\": \\\"1\\\", \\\"title\\\": \\\"Одноместный\\\", \\\"product\\\": null, \\\"category\\\": \\\"Одноместный\\\", \\\"totalPrice\\\": 2200, \\\"productList\\\": [{\\\"id\\\": 0, \\\"qty\\\": 0, \\\"price\\\": 1200, \\\"product\\\": \\\"Одноместный\\\"}, {\\\"id\\\": 2, \\\"qty\\\": 1, \\\"price\\\": \\\"1000\\\", \\\"product\\\": \\\"Ванна хвойная\\\"}]}\", \"created_at\": \"2023-10-05 21:47:35\", \"updated_at\": \"2023-10-05 21:47:35\", \"total_price\": 4600, \"name_product\": \"Одноместный\", \"image_product\": \"https://tourmeddriver.com/public/storage/sanatorium_images/yCI0WVfFKT9yoUj31QI9hddZCj1xgE4tRe9Tv79n.jpg\", \"organization_email\": \"san@mail.ru\"}]', 'atTygjFR', '2023-10-05 18:47:38', '2023-10-05 18:48:05', NULL),
(91040, 'user@mail.ru', 'Bombaa', 'vasyaaa12', '+375448698855', '13', 'Медицинский центр', '25.10.2023', '2800', '28000', '1442', '1', '[{\"id\": 1442, \"date\": \"25.10.2023\", \"role\": \"Мед.центр\", \"user_id\": 13, \"products\": \"{\\\"date\\\": \\\"25.10.2023\\\", \\\"title\\\": \\\"Медицинский центр\\\", \\\"people\\\": 1, \\\"product\\\": null, \\\"totalPrice\\\": 2800, \\\"productList\\\": [{\\\"id\\\": 3, \\\"qty\\\": 2, \\\"price\\\": \\\"1400\\\", \\\"product\\\": \\\"Цифровая дерматоскопия\\\"}]}\", \"created_at\": \"2023-10-06 09:03:06\", \"updated_at\": \"2023-10-06 09:03:06\", \"total_price\": 2800, \"name_product\": \"Медицинский центр\", \"image_product\": \"https://tourmeddriver.com/public/storage/medical_images_card/EyiOJRNs6wUPi7sgQoMJVhGrrlJBri6NiemLHDDP.jpg\", \"organization_email\": \"klimashevskijvova@gmail.com\"}]', 'Sg4J19Cv', '2023-10-06 06:03:09', '2023-10-06 06:03:36', NULL),
(91041, 'user@mail.ru', 'Bombaa', 'vasyaaa12', '+375448698855', '13', 'Медицинский центр', '19.10.2023', '1500', '15000', '1443', '0', '[{\"id\": 1443, \"date\": \"19.10.2023\", \"role\": \"Мед.центр\", \"user_id\": 13, \"products\": \"{\\\"date\\\": \\\"19.10.2023\\\", \\\"title\\\": \\\"Медицинский центр\\\", \\\"people\\\": 1, \\\"product\\\": null, \\\"totalPrice\\\": 1500, \\\"productList\\\": [{\\\"id\\\": 1, \\\"qty\\\": 5, \\\"price\\\": \\\"300\\\", \\\"product\\\": \\\"Консультация дермалогога\\\"}]}\", \"created_at\": \"2023-10-06 09:18:59\", \"updated_at\": \"2023-10-06 09:18:59\", \"total_price\": 1500, \"name_product\": \"Медицинский центр\", \"image_product\": \"https://tourmeddriver.com/public/storage/medical_images_card/EyiOJRNs6wUPi7sgQoMJVhGrrlJBri6NiemLHDDP.jpg\", \"organization_email\": \"klimashevskijvova@gmail.com\"}]', NULL, '2023-10-06 06:19:02', '2023-10-06 06:19:02', NULL),
(91042, 'user@mail.ru', 'Bombaa', 'vasyaaa12', '+375448698855', '13', 'Медицинский центр', '26.10.2023', '2600', '26000', '1444', '0', '[{\"id\": 1444, \"date\": \"26.10.2023\", \"role\": \"Мед.центр\", \"user_id\": 13, \"products\": \"{\\\"date\\\": \\\"26.10.2023\\\", \\\"title\\\": \\\"Медицинский центр\\\", \\\"people\\\": 1, \\\"product\\\": null, \\\"totalPrice\\\": 2600, \\\"productList\\\": [{\\\"id\\\": 2, \\\"qty\\\": 2, \\\"price\\\": \\\"1300\\\", \\\"product\\\": \\\"Трихоскопия\\\"}]}\", \"created_at\": \"2023-10-06 09:21:05\", \"updated_at\": \"2023-10-06 09:21:05\", \"total_price\": 2600, \"name_product\": \"Медицинский центр\", \"image_product\": \"https://tourmeddriver.com/public/storage/medical_images_card/EyiOJRNs6wUPi7sgQoMJVhGrrlJBri6NiemLHDDP.jpg\", \"organization_email\": \"klimashevskijvova@gmail.com\"}]', NULL, '2023-10-06 06:21:09', '2023-10-06 06:21:09', NULL),
(91043, 'user@mail.ru', 'Bombaa', 'vasyaaa12', '+375448698855', '13', 'Медицинский центр', '19.10.2023', '1400', '14000', '1445', '1', '[{\"id\": 1445, \"date\": \"19.10.2023\", \"role\": \"Мед.центр\", \"user_id\": 13, \"products\": \"{\\\"date\\\": \\\"19.10.2023\\\", \\\"title\\\": \\\"Медицинский центр\\\", \\\"people\\\": 1, \\\"product\\\": null, \\\"totalPrice\\\": 1400, \\\"productList\\\": [{\\\"id\\\": 3, \\\"qty\\\": 1, \\\"price\\\": \\\"1400\\\", \\\"product\\\": \\\"Цифровая дерматоскопия\\\"}]}\", \"created_at\": \"2023-10-06 09:22:59\", \"updated_at\": \"2023-10-06 09:22:59\", \"total_price\": 1400, \"name_product\": \"Медицинский центр\", \"image_product\": \"https://tourmeddriver.com/public/storage/medical_images_card/EyiOJRNs6wUPi7sgQoMJVhGrrlJBri6NiemLHDDP.jpg\", \"organization_email\": \"klimashevskijvova@gmail.com\"}]', 'iz1SujHT', '2023-10-06 06:23:02', '2023-10-06 06:23:26', NULL),
(91044, 'user@mail.ru', 'Bombaa', 'vasyaaa12', '+375448698855', '13', 'Медицинский центр', '19.10.2023', '4200', '42000', '1446', '1', '[{\"id\": 1446, \"date\": \"19.10.2023\", \"role\": \"Мед.центр\", \"user_id\": 13, \"products\": \"{\\\"date\\\": \\\"19.10.2023\\\", \\\"title\\\": \\\"Медицинский центр\\\", \\\"people\\\": 1, \\\"product\\\": null, \\\"totalPrice\\\": 4200, \\\"productList\\\": [{\\\"id\\\": 3, \\\"qty\\\": 3, \\\"price\\\": \\\"1400\\\", \\\"product\\\": \\\"Цифровая дерматоскопия\\\"}]}\", \"created_at\": \"2023-10-06 09:23:38\", \"updated_at\": \"2023-10-06 09:23:38\", \"total_price\": 4200, \"name_product\": \"Медицинский центр\", \"image_product\": \"https://tourmeddriver.com/public/storage/medical_images_card/EyiOJRNs6wUPi7sgQoMJVhGrrlJBri6NiemLHDDP.jpg\", \"organization_email\": \"klimashevskijvova@gmail.com\"}]', '8Jio3Zy5', '2023-10-06 06:24:12', '2023-10-06 06:24:30', NULL),
(91045, 'user@mail.ru', 'Bombaa', 'vasyaaa12', '+375448698855', '13', 'Медицинский центр', '11.10.2023', '600', '6000', '1447', '1', '[{\"id\": 1447, \"date\": \"11.10.2023\", \"role\": \"Мед.центр\", \"user_id\": 13, \"products\": \"{\\\"date\\\": \\\"11.10.2023\\\", \\\"title\\\": \\\"Медицинский центр\\\", \\\"people\\\": 1, \\\"product\\\": null, \\\"totalPrice\\\": 600, \\\"productList\\\": [{\\\"id\\\": 1, \\\"qty\\\": 2, \\\"price\\\": \\\"300\\\", \\\"product\\\": \\\"Консультация дермалогога\\\"}]}\", \"created_at\": \"2023-10-06 09:31:45\", \"updated_at\": \"2023-10-06 09:31:45\", \"total_price\": 600, \"name_product\": \"Медицинский центр\", \"image_product\": \"https://tourmeddriver.com/public/storage/medical_images_card/EyiOJRNs6wUPi7sgQoMJVhGrrlJBri6NiemLHDDP.jpg\", \"organization_email\": \"klimashevskijvova@gmail.com\"}]', '0HeqXCv7', '2023-10-06 06:31:48', '2023-10-06 06:32:10', NULL),
(91046, 'New@mail.ru', 'New', '', 'не указан', '63', 'Одноместный', '-', '4200', '42000', '1448', '1', '[{\"id\": 1448, \"date\": \"-\", \"role\": \"sanatorium\", \"user_id\": 63, \"products\": \"{\\\"id\\\": 1, \\\"date\\\": [\\\"18.10.2023\\\", \\\"20.10.2023\\\"], \\\"berth\\\": \\\"1\\\", \\\"title\\\": \\\"Одноместный\\\", \\\"product\\\": null, \\\"category\\\": \\\"Одноместный\\\", \\\"totalPrice\\\": 1800, \\\"productList\\\": [{\\\"id\\\": 0, \\\"qty\\\": 0, \\\"price\\\": 1200, \\\"product\\\": \\\"Одноместный\\\"}, {\\\"id\\\": 1, \\\"qty\\\": 2, \\\"price\\\": \\\"300\\\", \\\"product\\\": \\\"Ванна жемчужная\\\"}]}\", \"created_at\": \"2023-10-06 10:08:19\", \"updated_at\": \"2023-10-06 10:08:19\", \"total_price\": 4200, \"name_product\": \"Одноместный\", \"image_product\": \"https://tourmeddriver.com/public/storage/sanatorium_images/yCI0WVfFKT9yoUj31QI9hddZCj1xgE4tRe9Tv79n.jpg\", \"organization_email\": \"san@mail.ru\"}]', 'pUB2gj0N', '2023-10-06 07:08:24', '2023-10-06 07:16:32', 'otpravlen'),
(91047, 'hopd@tut.by', 'Дмитрий', 'Нор', '12', '12', 'Медицинский центр', '07.10.2023', '2200', '22000', '1449', '0', '[{\"id\": 1449, \"date\": \"07.10.2023\", \"role\": \"Мед.центр\", \"user_id\": 12, \"products\": \"{\\\"date\\\": \\\"07.10.2023\\\", \\\"title\\\": \\\"Медицинский центр\\\", \\\"people\\\": 1, \\\"product\\\": null, \\\"totalPrice\\\": 2200, \\\"productList\\\": [{\\\"id\\\": 1, \\\"qty\\\": 1, \\\"price\\\": \\\"300\\\", \\\"product\\\": \\\"Консультация дермалогога\\\"}, {\\\"id\\\": 3, \\\"qty\\\": 1, \\\"price\\\": \\\"1400\\\", \\\"product\\\": \\\"Цифровая дерматоскопия\\\"}, {\\\"id\\\": 12, \\\"qty\\\": 1, \\\"price\\\": \\\"500\\\", \\\"product\\\": \\\"УЗИ печени и желчного пузыря\\\"}]}\", \"created_at\": \"2023-10-06 12:55:35\", \"updated_at\": \"2023-10-06 12:55:35\", \"total_price\": 2200, \"name_product\": \"Медицинский центр\", \"image_product\": \"https://tourmeddriver.com/public/storage/medical_images_card/EyiOJRNs6wUPi7sgQoMJVhGrrlJBri6NiemLHDDP.jpg\", \"organization_email\": \"klimashevskijvova@gmail.com\"}]', NULL, '2023-10-06 09:56:20', '2023-10-06 09:56:20', NULL);
INSERT INTO `payments` (`id`, `email`, `name`, `surname`, `phone`, `user_id`, `name_product`, `date_product`, `total_price_product`, `amount`, `orderId`, `status`, `products`, `promocode`, `created_at`, `updated_at`, `email_status`) VALUES
(91048, 'hopd@tut.by', 'Дмитрий', 'Нор', '12', '12', 'Медицинский центр', '07.10.2023', '2200', '22000', '1449', '1', '[{\"id\": 1449, \"date\": \"07.10.2023\", \"role\": \"Мед.центр\", \"user_id\": 12, \"products\": \"{\\\"date\\\": \\\"07.10.2023\\\", \\\"title\\\": \\\"Медицинский центр\\\", \\\"people\\\": 1, \\\"product\\\": null, \\\"totalPrice\\\": 2200, \\\"productList\\\": [{\\\"id\\\": 1, \\\"qty\\\": 1, \\\"price\\\": \\\"300\\\", \\\"product\\\": \\\"Консультация дермалогога\\\"}, {\\\"id\\\": 3, \\\"qty\\\": 1, \\\"price\\\": \\\"1400\\\", \\\"product\\\": \\\"Цифровая дерматоскопия\\\"}, {\\\"id\\\": 12, \\\"qty\\\": 1, \\\"price\\\": \\\"500\\\", \\\"product\\\": \\\"УЗИ печени и желчного пузыря\\\"}]}\", \"created_at\": \"2023-10-06 12:55:35\", \"updated_at\": \"2023-10-06 12:55:35\", \"total_price\": 2200, \"name_product\": \"Медицинский центр\", \"image_product\": \"https://tourmeddriver.com/public/storage/medical_images_card/EyiOJRNs6wUPi7sgQoMJVhGrrlJBri6NiemLHDDP.jpg\", \"organization_email\": \"klimashevskijvova@gmail.com\"}]', 'caXjw1tH', '2023-10-06 10:17:46', '2023-10-06 10:27:31', 'otpravlen'),
(91049, 'user@mail.ru', 'Bombaa', 'lalala1', '+375889658745', '13', 'Медицинский центр', '12.10.2023', '1300', '13000', '1452', '1', '[{\"id\": 1452, \"date\": \"12.10.2023\", \"role\": \"Мед.центр\", \"user_id\": 13, \"products\": \"{\\\"date\\\": \\\"12.10.2023\\\", \\\"title\\\": \\\"Медицинский центр\\\", \\\"people\\\": 1, \\\"product\\\": null, \\\"totalPrice\\\": 1300, \\\"productList\\\": [{\\\"id\\\": 2, \\\"qty\\\": 1, \\\"price\\\": \\\"1300\\\", \\\"product\\\": \\\"Трихоскопия\\\"}]}\", \"created_at\": \"2023-10-07 10:52:49\", \"updated_at\": \"2023-10-07 10:52:49\", \"total_price\": 1300, \"name_product\": \"Медицинский центр\", \"image_product\": \"https://tourmeddriver.com/public/storage/medical_images_card/EyiOJRNs6wUPi7sgQoMJVhGrrlJBri6NiemLHDDP.jpg\", \"organization_email\": \"klimashevskijvova@gmail.com\"}]', 'pozHWIYL', '2023-10-07 07:52:52', '2023-10-07 07:53:11', NULL),
(91050, 'user@mail.ru', 'Bombaa', 'lalala1', '+375889658745', '13', 'Медицинский центр', '20.10.2023', '1900', '19000', '1453', '1', '[{\"id\": 1453, \"date\": \"20.10.2023\", \"role\": \"Мед.центр\", \"user_id\": 13, \"products\": \"{\\\"date\\\": \\\"20.10.2023\\\", \\\"title\\\": \\\"Медицинский центр\\\", \\\"people\\\": 1, \\\"product\\\": null, \\\"totalPrice\\\": 1900, \\\"productList\\\": [{\\\"id\\\": 1, \\\"qty\\\": 2, \\\"price\\\": \\\"300\\\", \\\"product\\\": \\\"Консультация дермалогога\\\"}, {\\\"id\\\": 2, \\\"qty\\\": 1, \\\"price\\\": \\\"1300\\\", \\\"product\\\": \\\"Трихоскопия\\\"}]}\", \"created_at\": \"2023-10-07 11:26:01\", \"updated_at\": \"2023-10-07 11:26:01\", \"total_price\": 1900, \"name_product\": \"Медицинский центр\", \"image_product\": \"https://tourmeddriver.com/public/storage/medical_images_card/EyiOJRNs6wUPi7sgQoMJVhGrrlJBri6NiemLHDDP.jpg\", \"organization_email\": \"klimashevskijvova@gmail.com\"}]', '9MZX6tdN', '2023-10-07 08:26:05', '2023-10-07 08:26:26', NULL),
(91051, 'user@mail.ru', 'Bombaa', 'lalala1', '+375889658745', '13', 'Медицинский центр', '20.10.2023', '1300', '13000', '1456', '1', '[{\"id\": 1456, \"date\": \"20.10.2023\", \"role\": \"Мед.центр\", \"user_id\": 13, \"products\": \"{\\\"date\\\": \\\"20.10.2023\\\", \\\"title\\\": \\\"Медицинский центр\\\", \\\"people\\\": 1, \\\"product\\\": null, \\\"totalPrice\\\": 1300, \\\"productList\\\": [{\\\"id\\\": 2, \\\"qty\\\": 1, \\\"price\\\": \\\"1300\\\", \\\"product\\\": \\\"Трихоскопия\\\"}]}\", \"created_at\": \"2023-10-08 08:24:26\", \"updated_at\": \"2023-10-08 08:24:26\", \"total_price\": 1300, \"name_product\": \"Медицинский центр\", \"image_product\": \"https://tourmeddriver.com/public/storage/medical_images_card/EyiOJRNs6wUPi7sgQoMJVhGrrlJBri6NiemLHDDP.jpg\", \"organization_email\": \"klimashevskijvova@gmail.com\"}]', 'fnXrDExi', '2023-10-09 11:21:19', '2023-10-09 11:23:10', NULL),
(91052, 'user@mail.ru', 'Bombaa', 'lalala1', '+375889658745', '13', 'Медицинский центр', '20.10.2023', '2800', '28000', '1462', '1', '[{\"id\": 1462, \"date\": \"20.10.2023\", \"role\": \"Мед.центр\", \"user_id\": 13, \"products\": \"{\\\"date\\\": \\\"20.10.2023\\\", \\\"title\\\": \\\"Медицинский центр\\\", \\\"people\\\": 1, \\\"product\\\": null, \\\"totalPrice\\\": 2800, \\\"productList\\\": [{\\\"id\\\": 3, \\\"qty\\\": 2, \\\"price\\\": \\\"1400\\\", \\\"product\\\": \\\"Цифровая дерматоскопия\\\"}]}\", \"created_at\": \"2023-10-09 14:23:27\", \"updated_at\": \"2023-10-09 14:23:27\", \"total_price\": 2800, \"name_product\": \"Медицинский центр\", \"image_product\": \"https://tourmeddriver.com/public/storage/medical_images_card/EyiOJRNs6wUPi7sgQoMJVhGrrlJBri6NiemLHDDP.jpg\", \"organization_email\": \"klimashevskijvova@gmail.com\"}]', '8ZWshAHN', '2023-10-09 11:23:36', '2023-10-09 11:24:50', NULL),
(91053, 'user@mail.ru', 'Bombaa', 'lalala1', '+375889658745', '13', 'Медицинский центр', '11.10.2023', '300', '3000', '1463', '1', '[{\"id\": 1463, \"date\": \"11.10.2023\", \"role\": \"Мед.центр\", \"user_id\": 13, \"products\": \"{\\\"date\\\": \\\"11.10.2023\\\", \\\"title\\\": \\\"Медицинский центр\\\", \\\"people\\\": 1, \\\"product\\\": null, \\\"totalPrice\\\": 300, \\\"productList\\\": [{\\\"id\\\": 1, \\\"qty\\\": 1, \\\"price\\\": \\\"300\\\", \\\"product\\\": \\\"Консультация дермалогога\\\"}]}\", \"created_at\": \"2023-10-09 14:26:11\", \"updated_at\": \"2023-10-09 14:26:11\", \"total_price\": 300, \"name_product\": \"Медицинский центр\", \"image_product\": \"https://tourmeddriver.com/public/storage/medical_images_card/EyiOJRNs6wUPi7sgQoMJVhGrrlJBri6NiemLHDDP.jpg\", \"organization_email\": \"klimashevskijvova@gmail.com\"}]', 'UC4vXrR2', '2023-10-09 11:26:18', '2023-10-09 11:26:36', NULL),
(91054, 'user@mail.ru', 'Bombaa', 'lalala1', '+375889658745', '13', 'Одноместный', '-', '3900', '39000', '1464', '1', '[{\"id\": 1464, \"date\": \"-\", \"role\": \"sanatorium\", \"user_id\": 13, \"products\": \"{\\\"id\\\": 1, \\\"date\\\": [\\\"18.10.2023\\\", \\\"20.10.2023\\\"], \\\"berth\\\": \\\"1\\\", \\\"title\\\": \\\"Одноместный\\\", \\\"product\\\": null, \\\"category\\\": \\\"Одноместный\\\", \\\"totalPrice\\\": 1500, \\\"productList\\\": [{\\\"id\\\": 0, \\\"qty\\\": 0, \\\"price\\\": 1200, \\\"product\\\": \\\"Одноместный\\\"}, {\\\"id\\\": 1, \\\"qty\\\": 1, \\\"price\\\": \\\"300\\\", \\\"product\\\": \\\"Ванна жемчужная\\\"}]}\", \"created_at\": \"2023-10-09 14:29:06\", \"updated_at\": \"2023-10-09 14:29:06\", \"total_price\": 3900, \"name_product\": \"Одноместный\", \"image_product\": \"https://tourmeddriver.com/public/storage/sanatorium_images/yCI0WVfFKT9yoUj31QI9hddZCj1xgE4tRe9Tv79n.jpg\", \"organization_email\": \"san@mail.ru\"}]', 'on1uUKRl', '2023-10-09 11:29:13', '2023-10-09 11:29:31', NULL),
(91055, 'user@mail.ru', 'Bombaa', 'lalala1', '+375889658745', '13', 'Одноместный', '-', '3900', '39000', '1465', '1', '[{\"id\": 1465, \"date\": \"-\", \"role\": \"sanatorium\", \"user_id\": 13, \"products\": \"{\\\"id\\\": 1, \\\"date\\\": [\\\"18.10.2023\\\", \\\"20.10.2023\\\"], \\\"berth\\\": \\\"1\\\", \\\"title\\\": \\\"Одноместный\\\", \\\"product\\\": null, \\\"category\\\": \\\"Одноместный\\\", \\\"totalPrice\\\": 1500, \\\"productList\\\": [{\\\"id\\\": 0, \\\"qty\\\": 0, \\\"price\\\": 1200, \\\"product\\\": \\\"Одноместный\\\"}, {\\\"id\\\": 1, \\\"qty\\\": 1, \\\"price\\\": \\\"300\\\", \\\"product\\\": \\\"Ванна жемчужная\\\"}]}\", \"created_at\": \"2023-10-09 14:29:42\", \"updated_at\": \"2023-10-09 14:29:42\", \"total_price\": 3900, \"name_product\": \"Одноместный\", \"image_product\": \"https://tourmeddriver.com/public/storage/sanatorium_images/yCI0WVfFKT9yoUj31QI9hddZCj1xgE4tRe9Tv79n.jpg\", \"organization_email\": \"san@mail.ru\"}]', '09Z7PrDf', '2023-10-09 11:29:49', '2023-10-09 11:30:14', NULL),
(91056, 'user@mail.ru', 'Bombaa', 'lalala1', '+375889658745', '13', 'Одноместный', '-', '4900', '116000', '1472', '1', '[{\"id\": 1471, \"date\": \"-\", \"role\": \"sanatorium\", \"user_id\": 13, \"products\": \"{\\\"id\\\": 2, \\\"date\\\": [\\\"18.10.2023\\\", \\\"20.10.2023\\\"], \\\"berth\\\": \\\"2\\\", \\\"title\\\": \\\"Двухместный\\\", \\\"product\\\": null, \\\"category\\\": \\\"Двухместный\\\", \\\"totalPrice\\\": 2900, \\\"productList\\\": [{\\\"id\\\": 0, \\\"qty\\\": 0, \\\"price\\\": 1900, \\\"product\\\": \\\"Двухместный\\\"}, {\\\"id\\\": 2, \\\"qty\\\": 1, \\\"price\\\": \\\"1000\\\", \\\"product\\\": \\\"Ванна хвойная\\\"}]}\", \"created_at\": \"2023-10-09 14:59:09\", \"updated_at\": \"2023-10-09 14:59:09\", \"total_price\": 6700, \"name_product\": \"Двухместный\", \"image_product\": \"https://tourmeddriver.com/public/storage/sanatorium_images/asa3jyT7c6lah1RgnN9mje9vJoaM3zB5V94zPn20.jpg\", \"organization_email\": \"san@mail.ru\"}, {\"id\": 1472, \"date\": \"-\", \"role\": \"sanatorium\", \"user_id\": 13, \"products\": \"{\\\"id\\\": 1, \\\"date\\\": [\\\"18.10.2023\\\", \\\"20.10.2023\\\"], \\\"berth\\\": \\\"1\\\", \\\"title\\\": \\\"Одноместный\\\", \\\"product\\\": null, \\\"category\\\": \\\"Одноместный\\\", \\\"totalPrice\\\": 2500, \\\"productList\\\": [{\\\"id\\\": 0, \\\"qty\\\": 0, \\\"price\\\": 1200, \\\"product\\\": \\\"Одноместный\\\"}, {\\\"id\\\": 1, \\\"qty\\\": 1, \\\"price\\\": \\\"300\\\", \\\"product\\\": \\\"Ванна жемчужная\\\"}, {\\\"id\\\": 2, \\\"qty\\\": 1, \\\"price\\\": \\\"1000\\\", \\\"product\\\": \\\"Ванна хвойная\\\"}]}\", \"created_at\": \"2023-10-09 15:05:04\", \"updated_at\": \"2023-10-09 15:05:04\", \"total_price\": 4900, \"name_product\": \"Одноместный\", \"image_product\": \"https://tourmeddriver.com/public/storage/sanatorium_images/yCI0WVfFKT9yoUj31QI9hddZCj1xgE4tRe9Tv79n.jpg\", \"organization_email\": \"san@mail.ru\"}]', 'otVXgwMY', '2023-10-09 12:05:26', '2023-10-09 12:05:43', NULL),
(91057, 'user@mail.ru', 'Bombaa', 'lalala1', '+375889658745', '13', 'Двухместный', '-', '6000', '60000', '1473', '1', '[{\"id\": 1473, \"date\": \"-\", \"role\": \"sanatorium\", \"user_id\": 13, \"products\": \"{\\\"id\\\": 2, \\\"date\\\": [\\\"12.10.2023\\\", \\\"14.10.2023\\\"], \\\"berth\\\": \\\"2\\\", \\\"title\\\": \\\"Двухместный\\\", \\\"product\\\": null, \\\"category\\\": \\\"Двухместный\\\", \\\"totalPrice\\\": 2200, \\\"productList\\\": [{\\\"id\\\": 0, \\\"qty\\\": 0, \\\"price\\\": 1900, \\\"product\\\": \\\"Двухместный\\\"}, {\\\"id\\\": 1, \\\"qty\\\": 1, \\\"price\\\": \\\"300\\\", \\\"product\\\": \\\"Ванна жемчужная\\\"}]}\", \"created_at\": \"2023-10-09 15:06:10\", \"updated_at\": \"2023-10-09 15:06:10\", \"total_price\": 6000, \"name_product\": \"Двухместный\", \"image_product\": \"https://tourmeddriver.com/public/storage/sanatorium_images/asa3jyT7c6lah1RgnN9mje9vJoaM3zB5V94zPn20.jpg\", \"organization_email\": \"san@mail.ru\"}]', '5hPqroWc', '2023-10-09 12:06:16', '2023-10-09 12:06:38', NULL),
(91058, 'user@mail.ru', 'Bombaa', 'lalala1', '+375889658745', '13', 'Одноместный', '-', '4200', '42000', '1474', '1', '[{\"id\": 1474, \"date\": \"-\", \"role\": \"sanatorium\", \"user_id\": 13, \"products\": \"{\\\"id\\\": 1, \\\"date\\\": [\\\"11.10.2023\\\", \\\"13.10.2023\\\"], \\\"berth\\\": \\\"1\\\", \\\"title\\\": \\\"Одноместный\\\", \\\"product\\\": null, \\\"category\\\": \\\"Одноместный\\\", \\\"totalPrice\\\": 1800, \\\"productList\\\": [{\\\"id\\\": 0, \\\"qty\\\": 0, \\\"price\\\": 1200, \\\"product\\\": \\\"Одноместный\\\"}, {\\\"id\\\": 1, \\\"qty\\\": 2, \\\"price\\\": \\\"300\\\", \\\"product\\\": \\\"Ванна жемчужная\\\"}]}\", \"created_at\": \"2023-10-09 15:13:49\", \"updated_at\": \"2023-10-09 15:13:49\", \"total_price\": 4200, \"name_product\": \"Одноместный\", \"image_product\": \"https://tourmeddriver.com/public/storage/sanatorium_images/yCI0WVfFKT9yoUj31QI9hddZCj1xgE4tRe9Tv79n.jpg\", \"organization_email\": \"san@mail.ru\"}]', 'YCTBR38H', '2023-10-09 12:13:53', '2023-10-09 12:14:10', NULL),
(91059, 'user@mail.ru', 'Bombaa', 'lalala1', '+375889658745', '13', 'Одноместный', '-', '13500', '135000', '1475', '1', '[{\"id\": 1475, \"date\": \"-\", \"role\": \"sanatorium\", \"user_id\": 13, \"products\": \"{\\\"id\\\": 1, \\\"date\\\": [\\\"18.10.2023\\\", \\\"21.10.2023\\\"], \\\"berth\\\": \\\"1\\\", \\\"title\\\": \\\"Одноместный\\\", \\\"product\\\": null, \\\"category\\\": \\\"Одноместный\\\", \\\"totalPrice\\\": 9900, \\\"productList\\\": [{\\\"id\\\": 0, \\\"qty\\\": 0, \\\"price\\\": 1200, \\\"product\\\": \\\"Одноместный\\\"}, {\\\"id\\\": 1, \\\"qty\\\": 6, \\\"price\\\": \\\"300\\\", \\\"product\\\": \\\"Ванна жемчужная\\\"}, {\\\"id\\\": 2, \\\"qty\\\": 4, \\\"price\\\": \\\"1000\\\", \\\"product\\\": \\\"Ванна хвойная\\\"}]}\", \"created_at\": \"2023-10-09 15:16:56\", \"updated_at\": \"2023-10-09 15:16:56\", \"total_price\": 13500, \"name_product\": \"Одноместный\", \"image_product\": \"https://tourmeddriver.com/public/storage/sanatorium_images/yCI0WVfFKT9yoUj31QI9hddZCj1xgE4tRe9Tv79n.jpg\", \"organization_email\": \"san@mail.ru\"}]', 'A2cJWZmM', '2023-10-09 12:17:03', '2023-10-09 12:17:20', NULL),
(91060, 'user@mail.ru', 'Bombaa', 'lalala1', '+375889658745', '13', 'Медицинский центр', '21.10.2023', '600', '6000', '1476', '1', '[{\"id\": 1476, \"date\": \"21.10.2023\", \"role\": \"Мед.центр\", \"user_id\": 13, \"products\": \"{\\\"date\\\": \\\"21.10.2023\\\", \\\"title\\\": \\\"Медицинский центр\\\", \\\"people\\\": 2, \\\"product\\\": null, \\\"totalPrice\\\": 600, \\\"productList\\\": [{\\\"id\\\": 1, \\\"qty\\\": 2, \\\"price\\\": \\\"300\\\", \\\"product\\\": \\\"Консультация дермалогога\\\"}]}\", \"created_at\": \"2023-10-09 16:06:54\", \"updated_at\": \"2023-10-09 16:06:54\", \"total_price\": 600, \"name_product\": \"Медицинский центр\", \"image_product\": \"https://tourmeddriver.com/public/storage/medical_images_card/EyiOJRNs6wUPi7sgQoMJVhGrrlJBri6NiemLHDDP.jpg\", \"organization_email\": \"klimashevskijvova@gmail.com\"}]', 'TDBYg2Z8', '2023-10-09 13:06:57', '2023-10-09 13:07:27', NULL),
(91061, 'user@mail.ru', 'Bombaa', 'lalala1', '+375889658745', '13', 'Клиника \"Семерида\"', '19.10.2023', '78500', '785000', '1478', '1', '[{\"id\": 1478, \"date\": \"19.10.2023\", \"role\": \"Мед.центр\", \"user_id\": 13, \"products\": \"{\\\"date\\\": \\\"19.10.2023\\\", \\\"title\\\": \\\"Клиника \\\\\\\"Семерида\\\\\\\"\\\", \\\"people\\\": 1, \\\"product\\\": null, \\\"totalPrice\\\": 78500, \\\"productList\\\": [{\\\"id\\\": 34, \\\"qty\\\": 1, \\\"price\\\": \\\"8000\\\", \\\"product\\\": \\\"Золотое омоложение\\\"}, {\\\"id\\\": 35, \\\"qty\\\": 1, \\\"price\\\": \\\"8500\\\", \\\"product\\\": \\\"Антикуперозная программа с крио\\\"}, {\\\"id\\\": 66, \\\"qty\\\": 1, \\\"price\\\": \\\"27000\\\", \\\"product\\\": \\\"HyaluForm\\\"}, {\\\"id\\\": 77, \\\"qty\\\": 1, \\\"price\\\": \\\"35000\\\", \\\"product\\\": \\\"Mesoeye C71\\\"}]}\", \"created_at\": \"2023-10-09 16:15:26\", \"updated_at\": \"2023-10-09 16:15:26\", \"total_price\": 78500, \"name_product\": \"Клиника \\\"Семерида\\\"\", \"image_product\": \"https://tourmeddriver.com/public/storage/medical_images_card/wSkU0SPbTnrEQEWADsx35uiLWdfJvmaJqIYezkUn.jpg\", \"organization_email\": \"admin@mail.ru\"}]', 'W5hgVUx0', '2023-10-09 13:15:48', '2023-10-09 13:16:09', NULL),
(91062, 'user@mail.ru', 'Bombaa', 'lalala1', '+375889658745', '13', 'Клиника \"Семерида\"', '19.10.2023', '2500', '25000', '1479', '1', '[{\"id\": 1479, \"date\": \"19.10.2023\", \"role\": \"Мед.центр\", \"user_id\": 13, \"products\": \"{\\\"date\\\": \\\"19.10.2023\\\", \\\"title\\\": \\\"Клиника \\\\\\\"Семерида\\\\\\\"\\\", \\\"people\\\": 1, \\\"product\\\": null, \\\"totalPrice\\\": 2500, \\\"productList\\\": [{\\\"id\\\": 22, \\\"qty\\\": 1, \\\"price\\\": \\\"2500\\\", \\\"product\\\": \\\"Прием врача-косметолога повторный (осмотр, консультация)\\\"}]}\", \"created_at\": \"2023-10-09 16:16:39\", \"updated_at\": \"2023-10-09 16:16:39\", \"total_price\": 2500, \"name_product\": \"Клиника \\\"Семерида\\\"\", \"image_product\": \"https://tourmeddriver.com/public/storage/medical_images_card/wSkU0SPbTnrEQEWADsx35uiLWdfJvmaJqIYezkUn.jpg\", \"organization_email\": \"admin@mail.ru\"}]', '8ly7IQOg', '2023-10-09 13:16:45', '2023-10-09 13:17:10', NULL),
(91063, 'user@mail.ru', 'Bombaa', 'lalala1', '+375889658745', '13', 'Клиника \"Семерида\"', '12.10.2023', '15000', '150000', '1480', '1', '[{\"id\": 1480, \"date\": \"12.10.2023\", \"role\": \"Мед.центр\", \"user_id\": 13, \"products\": \"{\\\"date\\\": \\\"12.10.2023\\\", \\\"title\\\": \\\"Клиника \\\\\\\"Семерида\\\\\\\"\\\", \\\"people\\\": 2, \\\"product\\\": null, \\\"totalPrice\\\": 15000, \\\"productList\\\": [{\\\"id\\\": 21, \\\"qty\\\": 2, \\\"price\\\": \\\"5000\\\", \\\"product\\\": \\\"Прием врача-косметолога первичный (осмотр, консультация)\\\"}, {\\\"id\\\": 22, \\\"qty\\\": 2, \\\"price\\\": \\\"2500\\\", \\\"product\\\": \\\"Прием врача-косметолога повторный (осмотр, консультация)\\\"}]}\", \"created_at\": \"2023-10-09 16:18:55\", \"updated_at\": \"2023-10-09 16:18:55\", \"total_price\": 15000, \"name_product\": \"Клиника \\\"Семерида\\\"\", \"image_product\": \"https://tourmeddriver.com/public/storage/medical_images_card/wSkU0SPbTnrEQEWADsx35uiLWdfJvmaJqIYezkUn.jpg\", \"organization_email\": \"admin@mail.ru\"}]', 'aXRVtQJw', '2023-10-09 13:18:59', '2023-10-09 13:19:19', NULL),
(91064, 'user@mail.ru', 'Bombaa', 'lalala1', '+375889658745', '13', 'Клиника \"Семерида\"', '12.10.2023', '15000', '150000', '1480', '1', '[{\"id\": 1480, \"date\": \"12.10.2023\", \"role\": \"Мед.центр\", \"user_id\": 13, \"products\": \"{\\\"date\\\": \\\"12.10.2023\\\", \\\"title\\\": \\\"Клиника \\\\\\\"Семерида\\\\\\\"\\\", \\\"people\\\": 2, \\\"product\\\": null, \\\"totalPrice\\\": 15000, \\\"productList\\\": [{\\\"id\\\": 21, \\\"qty\\\": 2, \\\"price\\\": \\\"5000\\\", \\\"product\\\": \\\"Прием врача-косметолога первичный (осмотр, консультация)\\\"}, {\\\"id\\\": 22, \\\"qty\\\": 2, \\\"price\\\": \\\"2500\\\", \\\"product\\\": \\\"Прием врача-косметолога повторный (осмотр, консультация)\\\"}]}\", \"created_at\": \"2023-10-09 16:18:55\", \"updated_at\": \"2023-10-09 16:18:55\", \"total_price\": 15000, \"name_product\": \"Клиника \\\"Семерида\\\"\", \"image_product\": \"https://tourmeddriver.com/public/storage/medical_images_card/wSkU0SPbTnrEQEWADsx35uiLWdfJvmaJqIYezkUn.jpg\", \"organization_email\": \"admin@mail.ru\"}]', 'BVmtzrKy', '2023-10-09 13:20:16', '2023-10-09 13:20:35', NULL),
(91065, 'user@mail.ru', 'Bombaa', 'lalala1', '+375889658745', '13', 'Клиника \"Семерида\"', '13.10.2023', '7500', '75000', '1481', '1', '[{\"id\": 1481, \"date\": \"13.10.2023\", \"role\": \"Мед.центр\", \"user_id\": 13, \"products\": \"{\\\"date\\\": \\\"13.10.2023\\\", \\\"title\\\": \\\"Клиника \\\\\\\"Семерида\\\\\\\"\\\", \\\"people\\\": 1, \\\"product\\\": null, \\\"totalPrice\\\": 7500, \\\"productList\\\": [{\\\"id\\\": 22, \\\"qty\\\": 3, \\\"price\\\": \\\"2500\\\", \\\"product\\\": \\\"Прием врача-косметолога повторный (осмотр, консультация)\\\"}]}\", \"created_at\": \"2023-10-09 16:25:13\", \"updated_at\": \"2023-10-09 16:25:13\", \"total_price\": 7500, \"name_product\": \"Клиника \\\"Семерида\\\"\", \"image_product\": \"https://tourmeddriver.com/public/storage/medical_images_card/wSkU0SPbTnrEQEWADsx35uiLWdfJvmaJqIYezkUn.jpg\", \"organization_email\": \"admin@mail.ru\"}]', 'vgKMSU7T', '2023-10-09 13:25:22', '2023-10-09 14:13:04', NULL),
(91066, 'user@mail.ru', 'Bombaa', 'lalala1', '+375889658745', '13', 'Двухместный', '-', '8950', '95500', '1485', '0', '[{\"id\": 1484, \"date\": \"20.10.2023\", \"role\": \"Мед.центр\", \"user_id\": 13, \"products\": \"{\\\"date\\\": \\\"20.10.2023\\\", \\\"title\\\": \\\"Медицинский центр\\\", \\\"people\\\": 1, \\\"product\\\": null, \\\"totalPrice\\\": 600, \\\"productList\\\": [{\\\"id\\\": 1, \\\"qty\\\": 2, \\\"price\\\": \\\"300\\\", \\\"product\\\": \\\"Консультация дермалогога\\\"}]}\", \"created_at\": \"2023-10-09 17:22:07\", \"updated_at\": \"2023-10-09 17:22:07\", \"total_price\": 600, \"name_product\": \"Медицинский центр\", \"image_product\": \"https://tourmeddriver.com/public/storage/medical_images_card/EyiOJRNs6wUPi7sgQoMJVhGrrlJBri6NiemLHDDP.jpg\", \"organization_email\": \"klimashevskijvova@gmail.com\"}, {\"id\": 1485, \"date\": \"-\", \"role\": \"sanatorium\", \"user_id\": 13, \"products\": \"{\\\"id\\\": 2, \\\"date\\\": [\\\"19.10.2023\\\", \\\"21.10.2023\\\"], \\\"berth\\\": \\\"2\\\", \\\"title\\\": \\\"Двухместный\\\", \\\"product\\\": null, \\\"category\\\": \\\"Двухместный\\\", \\\"totalPrice\\\": 5150, \\\"productList\\\": [{\\\"id\\\": 0, \\\"qty\\\": 0, \\\"price\\\": 1900, \\\"product\\\": \\\"Двухместный\\\"}, {\\\"id\\\": 2, \\\"qty\\\": 3, \\\"price\\\": \\\"1000\\\", \\\"product\\\": \\\"Ванна хвойная\\\"}, {\\\"id\\\": 3, \\\"qty\\\": 1, \\\"price\\\": \\\"250\\\", \\\"product\\\": \\\"Ванна шоколадная\\\"}]}\", \"created_at\": \"2023-10-09 17:22:27\", \"updated_at\": \"2023-10-09 17:22:27\", \"total_price\": 8950, \"name_product\": \"Двухместный\", \"image_product\": \"https://tourmeddriver.com/public/storage/sanatorium_images/asa3jyT7c6lah1RgnN9mje9vJoaM3zB5V94zPn20.jpg\", \"organization_email\": \"san@mail.ru\"}]', NULL, '2023-10-09 14:22:34', '2023-10-09 14:22:34', NULL),
(91067, 'user@mail.ru', 'Bombaa', 'lalala1', '+375889658745', '13', 'Двухместный', '-', '8950', '95500', '1485', '1', '[{\"id\": 1484, \"date\": \"20.10.2023\", \"role\": \"Мед.центр\", \"user_id\": 13, \"products\": \"{\\\"date\\\": \\\"20.10.2023\\\", \\\"title\\\": \\\"Медицинский центр\\\", \\\"people\\\": 1, \\\"product\\\": null, \\\"totalPrice\\\": 600, \\\"productList\\\": [{\\\"id\\\": 1, \\\"qty\\\": 2, \\\"price\\\": \\\"300\\\", \\\"product\\\": \\\"Консультация дермалогога\\\"}]}\", \"created_at\": \"2023-10-09 17:22:07\", \"updated_at\": \"2023-10-09 17:22:07\", \"total_price\": 600, \"name_product\": \"Медицинский центр\", \"image_product\": \"https://tourmeddriver.com/public/storage/medical_images_card/EyiOJRNs6wUPi7sgQoMJVhGrrlJBri6NiemLHDDP.jpg\", \"organization_email\": \"klimashevskijvova@gmail.com\"}, {\"id\": 1485, \"date\": \"-\", \"role\": \"sanatorium\", \"user_id\": 13, \"products\": \"{\\\"id\\\": 2, \\\"date\\\": [\\\"19.10.2023\\\", \\\"21.10.2023\\\"], \\\"berth\\\": \\\"2\\\", \\\"title\\\": \\\"Двухместный\\\", \\\"product\\\": null, \\\"category\\\": \\\"Двухместный\\\", \\\"totalPrice\\\": 5150, \\\"productList\\\": [{\\\"id\\\": 0, \\\"qty\\\": 0, \\\"price\\\": 1900, \\\"product\\\": \\\"Двухместный\\\"}, {\\\"id\\\": 2, \\\"qty\\\": 3, \\\"price\\\": \\\"1000\\\", \\\"product\\\": \\\"Ванна хвойная\\\"}, {\\\"id\\\": 3, \\\"qty\\\": 1, \\\"price\\\": \\\"250\\\", \\\"product\\\": \\\"Ванна шоколадная\\\"}]}\", \"created_at\": \"2023-10-09 17:22:27\", \"updated_at\": \"2023-10-09 17:22:27\", \"total_price\": 8950, \"name_product\": \"Двухместный\", \"image_product\": \"https://tourmeddriver.com/public/storage/sanatorium_images/asa3jyT7c6lah1RgnN9mje9vJoaM3zB5V94zPn20.jpg\", \"organization_email\": \"san@mail.ru\"}]', 'So3vgBfc', '2023-10-09 14:25:19', '2023-10-09 14:25:35', NULL),
(91068, 'user@mail.ru', 'Bombaa', 'lalala1', '+375889658745', '13', 'Клиника \"Семерида\"', '19.10.2023', '5000', '50000', '1486', '1', '[{\"id\": 1486, \"date\": \"19.10.2023\", \"role\": \"Мед.центр\", \"user_id\": 13, \"products\": \"{\\\"date\\\": \\\"19.10.2023\\\", \\\"title\\\": \\\"Клиника \\\\\\\"Семерида\\\\\\\"\\\", \\\"people\\\": 2, \\\"product\\\": null, \\\"totalPrice\\\": 5000, \\\"productList\\\": [{\\\"id\\\": 22, \\\"qty\\\": 2, \\\"price\\\": \\\"2500\\\", \\\"product\\\": \\\"Прием врача-косметолога повторный (осмотр, консультация)\\\"}]}\", \"created_at\": \"2023-10-09 17:28:50\", \"updated_at\": \"2023-10-09 17:28:50\", \"total_price\": 5000, \"name_product\": \"Клиника \\\"Семерида\\\"\", \"image_product\": \"https://tourmeddriver.com/public/storage/medical_images_card/wSkU0SPbTnrEQEWADsx35uiLWdfJvmaJqIYezkUn.jpg\", \"organization_email\": \"admin@mail.ru\"}]', 'UpiMWqna', '2023-10-09 14:28:56', '2023-10-09 14:29:16', NULL),
(91069, 'user@mail.ru', 'Bombaa', 'lalala1', '+375889658745', '13', 'Люкс', '-', '16100', '263500', '1488', '1', '[{\"id\": 1487, \"date\": \"-\", \"role\": \"sanatorium\", \"user_id\": 13, \"products\": \"{\\\"id\\\": 3, \\\"date\\\": [\\\"11.10.2023\\\", \\\"13.10.2023\\\"], \\\"berth\\\": \\\"2\\\", \\\"title\\\": \\\"Двухместный люкс\\\", \\\"product\\\": null, \\\"category\\\": \\\"Двухместный люкс\\\", \\\"totalPrice\\\": 4450, \\\"productList\\\": [{\\\"id\\\": 0, \\\"qty\\\": 0, \\\"price\\\": 2900, \\\"product\\\": \\\"Двухместный люкс\\\"}, {\\\"id\\\": 1, \\\"qty\\\": 1, \\\"price\\\": \\\"300\\\", \\\"product\\\": \\\"Ванна жемчужная\\\"}, {\\\"id\\\": 2, \\\"qty\\\": 1, \\\"price\\\": \\\"1000\\\", \\\"product\\\": \\\"Ванна хвойная\\\"}, {\\\"id\\\": 3, \\\"qty\\\": 1, \\\"price\\\": \\\"250\\\", \\\"product\\\": \\\"Ванна шоколадная\\\"}]}\", \"created_at\": \"2023-10-09 17:30:26\", \"updated_at\": \"2023-10-09 17:30:26\", \"total_price\": 10250, \"name_product\": \"Двухместный люкс\", \"image_product\": \"https://tourmeddriver.com/public/storage/sanatorium_images/x1zMsgC0hcMhoYLJYeLwsjsMkyit2Med97wJnYQy.jpg\", \"organization_email\": \"san@mail.ru\"}, {\"id\": 1488, \"date\": \"-\", \"role\": \"sport\", \"user_id\": 13, \"products\": \"{\\\"id\\\": 2, \\\"date\\\": [\\\"17.10.2023\\\", \\\"31.10.2023\\\"], \\\"berth\\\": \\\"1\\\", \\\"title\\\": \\\"Люкс\\\", \\\"product\\\": null, \\\"category\\\": \\\"Люкс\\\", \\\"totalPrice\\\": 6300, \\\"productList\\\": [{\\\"id\\\": 0, \\\"qty\\\": 0, \\\"price\\\": 700, \\\"product\\\": \\\"Люкс\\\"}, {\\\"id\\\": 1, \\\"qty\\\": 1, \\\"price\\\": \\\"4100\\\", \\\"product\\\": \\\"Теннисный корт\\\"}, {\\\"id\\\": 2, \\\"qty\\\": 1, \\\"price\\\": \\\"300\\\", \\\"product\\\": \\\"Ракетка\\\"}, {\\\"id\\\": 3, \\\"qty\\\": 1, \\\"price\\\": \\\"1200\\\", \\\"product\\\": \\\"Бассейн\\\"}]}\", \"created_at\": \"2023-10-09 17:31:51\", \"updated_at\": \"2023-10-09 17:31:51\", \"total_price\": 16100, \"name_product\": \"Люкс\", \"image_product\": \"https://tourmeddriver.com/public/storage/sport_images/SDK8pzgAbyCObsIMX2WIDQVw7fZQdtedccJikoHU.jpg\", \"organization_email\": \"sport@mail.ru\"}]', 'eoPmM4Uc', '2023-10-09 14:31:59', '2023-10-09 14:32:15', NULL),
(91070, 'user@mail.ru', 'Bombaa', 'lalala1', '+375889658745', '13', 'Клиника \"Семерида\"', '21.10.2023', '26900', '302000', '1490', '1', '[{\"id\": 1489, \"date\": \"20.10.2023\", \"role\": \"cafe\", \"user_id\": 13, \"products\": \"{\\\"date\\\": \\\"20.10.2023\\\", \\\"title\\\": \\\"Кафе «Баку»\\\", \\\"people\\\": 2, \\\"product\\\": null, \\\"totalPrice\\\": 3300, \\\"productList\\\": [{\\\"id\\\": 27, \\\"qty\\\": 1, \\\"price\\\": \\\"500\\\", \\\"product\\\": \\\"Аджика\\\"}, {\\\"id\\\": 29, \\\"qty\\\": 1, \\\"price\\\": \\\"500\\\", \\\"product\\\": \\\"Солянка\\\"}, {\\\"id\\\": 30, \\\"qty\\\": 1, \\\"price\\\": \\\"500\\\", \\\"product\\\": \\\"Тайский суп\\\"}, {\\\"id\\\": 32, \\\"qty\\\": 1, \\\"price\\\": \\\"500\\\", \\\"product\\\": \\\"Маргарита\\\"}, {\\\"id\\\": 33, \\\"qty\\\": 1, \\\"price\\\": \\\"1300\\\", \\\"product\\\": \\\"Гавайская\\\"}]}\", \"created_at\": \"2023-10-09 17:51:40\", \"updated_at\": \"2023-10-09 17:51:40\", \"total_price\": 3300, \"name_product\": \"Кафе «Баку»\", \"image_product\": \"https://tourmeddriver.com/public/storage/cafe_images_card/Bf620TfVhX7NAblSAGdbFh48myWnPlVF9NTLumoT.jpg\", \"organization_email\": \"cafe@mail.ru\"}, {\"id\": 1490, \"date\": \"21.10.2023\", \"role\": \"Мед.центр\", \"user_id\": 13, \"products\": \"{\\\"date\\\": \\\"21.10.2023\\\", \\\"title\\\": \\\"Клиника \\\\\\\"Семерида\\\\\\\"\\\", \\\"people\\\": 1, \\\"product\\\": null, \\\"totalPrice\\\": 26900, \\\"productList\\\": [{\\\"id\\\": 27, \\\"qty\\\": 1, \\\"price\\\": \\\"3000\\\", \\\"product\\\": \\\"Гипсовая\\\"}, {\\\"id\\\": 28, \\\"qty\\\": 1, \\\"price\\\": \\\"3000\\\", \\\"product\\\": \\\"Кислородная\\\"}, {\\\"id\\\": 29, \\\"qty\\\": 1, \\\"price\\\": \\\"3000\\\", \\\"product\\\": \\\"Скульптурная\\\"}, {\\\"id\\\": 43, \\\"qty\\\": 1, \\\"price\\\": \\\"7500\\\", \\\"product\\\": \\\"Скульптурный\\\"}, {\\\"id\\\": 45, \\\"qty\\\": 1, \\\"price\\\": \\\"5200\\\", \\\"product\\\": \\\"Лицо, шея, зона декольте\\\"}, {\\\"id\\\": 47, \\\"qty\\\": 1, \\\"price\\\": \\\"5200\\\", \\\"product\\\": \\\"Лимфодренажный\\\"}]}\", \"created_at\": \"2023-10-09 17:52:00\", \"updated_at\": \"2023-10-09 17:52:00\", \"total_price\": 26900, \"name_product\": \"Клиника \\\"Семерида\\\"\", \"image_product\": \"https://tourmeddriver.com/public/storage/medical_images_card/wSkU0SPbTnrEQEWADsx35uiLWdfJvmaJqIYezkUn.jpg\", \"organization_email\": \"admin@mail.ru\"}]', 'hEUD4GK1', '2023-10-09 14:52:11', '2023-10-09 14:52:34', NULL),
(91071, 'hopd@tut.by', 'Дмитрий', 'Нор', '375297678871', '12', 'Центр укрепления здоровья \"Боли-Нет\"', '17.10.2023', '5500', '214000', '1461', '1', '[{\"id\": 1451, \"date\": \"-\", \"role\": \"sanatorium\", \"user_id\": 12, \"products\": \"{\\\"id\\\": 2, \\\"date\\\": [\\\"07.10.2023\\\", \\\"09.10.2023\\\"], \\\"berth\\\": \\\"2\\\", \\\"title\\\": \\\"Двухместный\\\", \\\"product\\\": null, \\\"category\\\": \\\"Двухместный\\\", \\\"totalPrice\\\": 4000, \\\"productList\\\": [{\\\"id\\\": 0, \\\"qty\\\": 0, \\\"price\\\": 1900, \\\"product\\\": \\\"Двухместный\\\"}, {\\\"id\\\": 1, \\\"qty\\\": 1, \\\"price\\\": \\\"300\\\", \\\"product\\\": \\\"Ванна жемчужная\\\"}, {\\\"id\\\": 6, \\\"qty\\\": 1, \\\"price\\\": \\\"1000\\\", \\\"product\\\": \\\"Подводный душ-массаж\\\"}, {\\\"id\\\": 8, \\\"qty\\\": 1, \\\"price\\\": \\\"800\\\", \\\"product\\\": \\\"Электролечение\\\"}]}\", \"created_at\": \"2023-10-06 14:51:15\", \"updated_at\": \"2023-10-06 14:51:15\", \"total_price\": 7800, \"name_product\": \"Двухместный\", \"image_product\": \"https://tourmeddriver.com/public/storage/sanatorium_images/asa3jyT7c6lah1RgnN9mje9vJoaM3zB5V94zPn20.jpg\", \"organization_email\": \"san@mail.ru\"}, {\"id\": 1454, \"date\": \"17.10.2023\", \"role\": \"Мед.центр\", \"user_id\": 12, \"products\": \"{\\\"date\\\": \\\"17.10.2023\\\", \\\"title\\\": \\\"Медицинский центр\\\", \\\"people\\\": 2, \\\"product\\\": null, \\\"totalPrice\\\": 6500, \\\"productList\\\": [{\\\"id\\\": 3, \\\"qty\\\": 1, \\\"price\\\": \\\"1400\\\", \\\"product\\\": \\\"Цифровая дерматоскопия\\\"}, {\\\"id\\\": 15, \\\"qty\\\": 2, \\\"price\\\": \\\"2300\\\", \\\"product\\\": \\\"УЗИ почек и надпочечников\\\"}, {\\\"id\\\": 17, \\\"qty\\\": 1, \\\"price\\\": \\\"500\\\", \\\"product\\\": \\\"Ректальный осмотр простаты\\\"}]}\", \"created_at\": \"2023-10-08 07:53:37\", \"updated_at\": \"2023-10-08 07:53:37\", \"total_price\": 6500, \"name_product\": \"Медицинский центр\", \"image_product\": \"https://tourmeddriver.com/public/storage/medical_images_card/EyiOJRNs6wUPi7sgQoMJVhGrrlJBri6NiemLHDDP.jpg\", \"organization_email\": \"klimashevskijvova@gmail.com\"}, {\"id\": 1455, \"date\": \"18.10.2023\", \"role\": \"Мед.центр\", \"user_id\": 12, \"products\": \"{\\\"date\\\": \\\"18.10.2023\\\", \\\"title\\\": \\\"Медицинский центр\\\", \\\"people\\\": 1, \\\"product\\\": null, \\\"totalPrice\\\": 1600, \\\"productList\\\": [{\\\"id\\\": 1, \\\"qty\\\": 1, \\\"price\\\": \\\"300\\\", \\\"product\\\": \\\"Консультация дермалогога\\\"}, {\\\"id\\\": 2, \\\"qty\\\": 1, \\\"price\\\": \\\"1300\\\", \\\"product\\\": \\\"Трихоскопия\\\"}]}\", \"created_at\": \"2023-10-08 07:57:28\", \"updated_at\": \"2023-10-08 07:57:28\", \"total_price\": 1600, \"name_product\": \"Медицинский центр\", \"image_product\": \"https://tourmeddriver.com/public/storage/medical_images_card/EyiOJRNs6wUPi7sgQoMJVhGrrlJBri6NiemLHDDP.jpg\", \"organization_email\": \"klimashevskijvova@gmail.com\"}, {\"id\": 1461, \"date\": \"17.10.2023\", \"role\": \"Мед.центр\", \"user_id\": 12, \"products\": \"{\\\"date\\\": \\\"17.10.2023\\\", \\\"title\\\": \\\"Центр укрепления здоровья \\\\\\\"Боли-Нет\\\\\\\"\\\", \\\"people\\\": 2, \\\"product\\\": null, \\\"totalPrice\\\": 5500, \\\"productList\\\": [{\\\"id\\\": 230, \\\"qty\\\": 1, \\\"price\\\": \\\"3500\\\", \\\"product\\\": \\\"Сеанс приват доцента Академии натуропатии Глущенко Анатолия Николаевича\\\"}, {\\\"id\\\": 231, \\\"qty\\\": 1, \\\"price\\\": \\\"2000\\\", \\\"product\\\": \\\"Комплексная коррекция позвоночника и суставов\\\"}]}\", \"created_at\": \"2023-10-08 13:54:44\", \"updated_at\": \"2023-10-08 13:54:44\", \"total_price\": 5500, \"name_product\": \"Центр укрепления здоровья \\\"Боли-Нет\\\"\", \"image_product\": \"https://tourmeddriver.com/public/storage/medical_images_card/skSKHCT4Xj3ffhAv4bhS6RZ0btvRBtD9vQEaw5iw.jpg\", \"organization_email\": \"bolinetanapa@yandex.ru\"}]', '6tfkclJh', '2023-10-09 17:10:15', '2023-10-09 17:11:09', NULL),
(91072, 'hopd@tut.by', 'Дмитрий', 'Нор', '375297678871', '12', 'Бали', '-', '130000', '1317000', '1492', '1', '[{\"id\": 1491, \"date\": \"11.10.2023\", \"role\": \"Мед.центр\", \"user_id\": 12, \"products\": \"{\\\"date\\\": \\\"11.10.2023\\\", \\\"title\\\": \\\"Медицинский центр\\\", \\\"people\\\": 2, \\\"product\\\": null, \\\"totalPrice\\\": 1700, \\\"productList\\\": [{\\\"id\\\": 1, \\\"qty\\\": 1, \\\"price\\\": \\\"300\\\", \\\"product\\\": \\\"Консультация дермалогога\\\"}, {\\\"id\\\": 3, \\\"qty\\\": 1, \\\"price\\\": \\\"1400\\\", \\\"product\\\": \\\"Цифровая дерматоскопия\\\"}]}\", \"created_at\": \"2023-10-10 06:08:53\", \"updated_at\": \"2023-10-10 06:08:53\", \"total_price\": 1700, \"name_product\": \"Медицинский центр\", \"image_product\": \"https://tourmeddriver.com/public/storage/medical_images_card/EyiOJRNs6wUPi7sgQoMJVhGrrlJBri6NiemLHDDP.jpg\", \"organization_email\": \"klimashevskijvova@gmail.com\"}, {\"id\": 1492, \"date\": \"-\", \"role\": \"tur\", \"user_id\": 12, \"products\": \"{\\\"id\\\": 2, \\\"date\\\": \\\"12.10.2023  - 17.10.2023\\\", \\\"berth\\\": 2, \\\"price\\\": 130000, \\\"title\\\": \\\"Бали\\\", \\\"category\\\": \\\"Отель 3 звезды\\\"}\", \"created_at\": \"2023-10-10 06:10:18\", \"updated_at\": \"2023-10-10 06:10:18\", \"total_price\": 130000, \"name_product\": \"Бали\", \"image_product\": \"https://tourmeddriver.com/public/storage/turoperator_images/xLv2OdcCbsa7RP004l13IeRGyjVGcztH5dkek7GJ.jpg\", \"organization_email\": \"tur@mail.ru\"}]', 'uzCLSWET', '2023-10-10 05:18:18', '2023-10-10 05:18:59', NULL),
(91073, 'user@mail.ru', 'Bombaa', 'lalala1', '+375889658745', '13', 'Медицинский центр', '19.10.2023', '2600', '26000', '1496', '1', '[{\"id\": 1496, \"date\": \"19.10.2023\", \"role\": \"Мед.центр\", \"user_id\": 13, \"products\": \"{\\\"date\\\": \\\"19.10.2023\\\", \\\"title\\\": \\\"Медицинский центр\\\", \\\"people\\\": 2, \\\"product\\\": null, \\\"totalPrice\\\": 2600, \\\"productList\\\": [{\\\"id\\\": 2, \\\"qty\\\": 2, \\\"price\\\": \\\"1300\\\", \\\"product\\\": \\\"Трихоскопия\\\"}]}\", \"created_at\": \"2023-10-16 13:46:51\", \"updated_at\": \"2023-10-16 13:46:51\", \"total_price\": 2600, \"name_product\": \"Медицинский центр\", \"image_product\": \"https://tourmeddriver.com/public/storage/medical_images_card/EyiOJRNs6wUPi7sgQoMJVhGrrlJBri6NiemLHDDP.jpg\", \"organization_email\": \"klimashevskijvova@gmail.com\"}]', 'thfZ9jJA', '2023-10-16 10:46:59', '2023-11-10 13:10:43', 'otpravlen'),
(91074, 'vladuk92@mail.ru', 'vova', 'Lddd', '+375173478834', '16', 'Море Барабульки', '29 11 2023 20:17', '2470', '164700', '1502', '1', '[{\"id\": 1501, \"date\": \"30 11 2023 20:15\", \"role\": \"Мед.центр\", \"user_id\": 16, \"products\": \"{\\\"date\\\": \\\"30 11 2023 20:15\\\", \\\"people\\\": 1, \\\"product\\\": null, \\\"totalPrice\\\": 14000, \\\"productList\\\": [{\\\"id\\\": 21, \\\"qty\\\": 1, \\\"price\\\": \\\"5000\\\", \\\"product\\\": \\\"Прием врача-косметолога первичный (осмотр, консультация)\\\"}, {\\\"id\\\": 22, \\\"qty\\\": 1, \\\"price\\\": \\\"2500\\\", \\\"product\\\": \\\"Прием врача-косметолога повторный (осмотр, консультация)\\\"}, {\\\"id\\\": 23, \\\"qty\\\": 1, \\\"price\\\": \\\"3500\\\", \\\"product\\\": \\\"Осмотр кожи под дермоскопом\\\"}, {\\\"id\\\": 24, \\\"qty\\\": 1, \\\"price\\\": \\\"1500\\\", \\\"product\\\": \\\"Местная анастезия\\\"}, {\\\"id\\\": 25, \\\"qty\\\": 1, \\\"price\\\": \\\"1500\\\", \\\"product\\\": \\\"Инфильтрационная анастезия, Лидокаин 1 ампула\\\"}]}\", \"created_at\": \"2023-11-27 17:16:07\", \"updated_at\": \"2023-11-27 17:16:07\", \"total_price\": 14000, \"name_product\": \"Клиника \\\"Семерида\\\"\", \"image_product\": \"https://tourmeddriver.com/storage/medical_images_card/wSkU0SPbTnrEQEWADsx35uiLWdfJvmaJqIYezkUn.jpg\", \"organization_email\": \"admin@mail.ru\"}, {\"id\": 1502, \"date\": \"29 11 2023 20:17\", \"role\": \"cafe\", \"user_id\": 16, \"products\": \"{\\\"date\\\": \\\"29 11 2023 20:17\\\", \\\"people\\\": 1, \\\"product\\\": null, \\\"totalPrice\\\": 2470, \\\"productList\\\": [{\\\"id\\\": 39, \\\"qty\\\": 1, \\\"price\\\": \\\"950\\\", \\\"product\\\": \\\"Дорадо на гриле\\\"}, {\\\"id\\\": 40, \\\"qty\\\": 1, \\\"price\\\": \\\"990\\\", \\\"product\\\": \\\"Камбала-калкан\\\"}, {\\\"id\\\": 41, \\\"qty\\\": 1, \\\"price\\\": \\\"390\\\", \\\"product\\\": \\\"Ставрида\\\"}, {\\\"id\\\": 59, \\\"qty\\\": 1, \\\"price\\\": \\\"70\\\", \\\"product\\\": \\\"Соус сладкий чили\\\"}, {\\\"id\\\": 58, \\\"qty\\\": 1, \\\"price\\\": \\\"70\\\", \\\"product\\\": \\\"Кетчуп томатный\\\"}]}\", \"created_at\": \"2023-11-27 17:17:35\", \"updated_at\": \"2023-11-27 17:17:35\", \"total_price\": 2470, \"name_product\": \"Море Барабульки\", \"image_product\": \"https://tourmeddriver.com/storage/cafe_images_card/XLhBDSF94w1IMO2Eqhv7yxIdnEzYIWR1Bml389Vk.jpg\", \"organization_email\": \"barabulka.fish@bk.ru\"}]', 'beBvCfR8', '2023-11-27 14:21:01', '2023-11-27 14:22:56', 'otpravlen'),
(91075, 'hopd@tut.by', 'Дмитрий', 'Нор', '375297678871', '12', 'Медицинский центр', '30 11 2023 13:00', '3300', '33000', '1503', '1', '[{\"id\": 1503, \"date\": \"30 11 2023 13:00\", \"role\": \"Мед.центр\", \"user_id\": 12, \"products\": \"{\\\"date\\\": \\\"30 11 2023 13:00\\\", \\\"people\\\": 1, \\\"product\\\": null, \\\"totalPrice\\\": 3300, \\\"productList\\\": [{\\\"id\\\": 1, \\\"qty\\\": 2, \\\"price\\\": 600, \\\"product\\\": \\\"Консультация дермалогога\\\"}, {\\\"id\\\": 2, \\\"qty\\\": 1, \\\"price\\\": \\\"1300\\\", \\\"product\\\": \\\"Трихоскопия\\\"}, {\\\"id\\\": 3, \\\"qty\\\": 1, \\\"price\\\": \\\"1400\\\", \\\"product\\\": \\\"Цифровая дерматоскопия\\\"}]}\", \"created_at\": \"2023-11-30 08:54:06\", \"updated_at\": \"2023-11-30 08:54:06\", \"total_price\": 3300, \"name_product\": \"Медицинский центр\", \"image_product\": \"https://tourmeddriver.com/storage/medical_images_card/EyiOJRNs6wUPi7sgQoMJVhGrrlJBri6NiemLHDDP.jpg\", \"organization_email\": \"klimashevskijvova@gmail.com\"}]', 'kr69sipl', '2023-11-30 05:58:35', '2023-11-30 06:02:29', 'otpravlen'),
(91076, 'user@mail.ru', 'Bombaa', 'lalala1', '+375889658745', '13', 'Люкс', '-', '7200', '72000', '1505', '0', '[{\"id\": 1505, \"date\": \"-\", \"role\": \"sport\", \"user_id\": 13, \"products\": \"{\\\"id\\\": 2, \\\"date\\\": [\\\"14.12.2023\\\", \\\"17.12.2023\\\"], \\\"berth\\\": \\\"1\\\", \\\"title\\\": \\\"Люкс\\\", \\\"product\\\": null, \\\"category\\\": \\\"Люкс\\\", \\\"totalPrice\\\": 5100, \\\"productList\\\": [{\\\"id\\\": 0, \\\"qty\\\": 0, \\\"price\\\": 700, \\\"product\\\": \\\"Люкс\\\"}, {\\\"id\\\": 1, \\\"qty\\\": 1, \\\"price\\\": \\\"4100\\\", \\\"product\\\": \\\"Теннисный корт\\\"}, {\\\"id\\\": 2, \\\"qty\\\": 1, \\\"price\\\": \\\"300\\\", \\\"product\\\": \\\"Ракетка\\\"}]}\", \"created_at\": \"2023-12-01 16:05:20\", \"updated_at\": \"2023-12-01 16:05:20\", \"total_price\": 7200, \"name_product\": \"Люкс\", \"image_product\": \"https://tourmeddriver.com/public/storage/sport_images/SDK8pzgAbyCObsIMX2WIDQVw7fZQdtedccJikoHU.jpg\", \"organization_email\": \"sport@mail.ru\"}]', NULL, '2023-12-01 13:05:30', '2023-12-01 13:05:30', NULL),
(91077, 'user@mail.ru', 'Bombaa', 'lalala12', '+375889658745', '13', 'Медицинский центр', '15.12.2023', '2900', '29000', '1507', '0', '[{\"id\": 1507, \"date\": \"15.12.2023\", \"role\": \"Мед.центр\", \"user_id\": 13, \"products\": \"{\\\"date\\\": \\\"15.12.2023\\\", \\\"title\\\": \\\"Медицинский центр\\\", \\\"people\\\": 1, \\\"product\\\": null, \\\"totalPrice\\\": 2900, \\\"productList\\\": [{\\\"id\\\": 1, \\\"qty\\\": 1, \\\"price\\\": \\\"300\\\", \\\"product\\\": \\\"Консультация дермалогога\\\"}, {\\\"id\\\": 2, \\\"qty\\\": 2, \\\"price\\\": \\\"1300\\\", \\\"product\\\": \\\"Трихоскопия\\\"}]}\", \"created_at\": \"2023-12-04 17:34:06\", \"updated_at\": \"2023-12-04 17:34:06\", \"total_price\": 2900, \"name_product\": \"Медицинский центр\", \"image_product\": \"https://tourmeddriver.com/public/storage/medical_images_card/EyiOJRNs6wUPi7sgQoMJVhGrrlJBri6NiemLHDDP.jpg\", \"organization_email\": \"klimashevskijvova@gmail.com\"}]', NULL, '2023-12-04 14:34:12', '2023-12-04 14:34:12', NULL),
(91078, 'hopd@tut.by', 'Дмитрий', 'Нор', '375297678871', '12', 'Медицинский центр', '14 12 2023 20:00', '2300', '23000', '1508', '0', '[{\"id\": 1508, \"date\": \"14 12 2023 20:00\", \"role\": \"Мед.центр\", \"user_id\": 12, \"products\": \"{\\\"date\\\": \\\"14 12 2023 20:00\\\", \\\"people\\\": 1, \\\"product\\\": null, \\\"totalPrice\\\": 2300, \\\"productList\\\": [{\\\"id\\\": 1, \\\"qty\\\": 1, \\\"price\\\": \\\"300\\\", \\\"product\\\": \\\"Консультация дермалогога\\\"}, {\\\"id\\\": 3, \\\"qty\\\": 1, \\\"price\\\": \\\"1400\\\", \\\"product\\\": \\\"Цифровая дерматоскопия\\\"}, {\\\"id\\\": 14, \\\"qty\\\": 2, \\\"price\\\": 600, \\\"product\\\": \\\"УЗИ брюшной полости и почек\\\"}]}\", \"created_at\": \"2023-12-13 17:05:02\", \"updated_at\": \"2023-12-13 17:05:02\", \"total_price\": 2300, \"name_product\": \"Медицинский центр\", \"image_product\": \"https://tourmeddriver.com/storage/medical_images_card/EyiOJRNs6wUPi7sgQoMJVhGrrlJBri6NiemLHDDP.jpg\", \"organization_email\": \"klimashevskijvova@gmail.com\"}]', NULL, '2023-12-13 14:05:15', '2023-12-13 14:05:15', NULL),
(91079, 'hopd@tut.by', 'Дмитрий', 'Нор', '375297678871', '12', 'Клиника \"Семерида\"', '27.12.2023', '6500', '88000', '1509', '0', '[{\"id\": 1508, \"date\": \"14 12 2023 20:00\", \"role\": \"Мед.центр\", \"user_id\": 12, \"products\": \"{\\\"date\\\": \\\"14 12 2023 20:00\\\", \\\"people\\\": 1, \\\"product\\\": null, \\\"totalPrice\\\": 2300, \\\"productList\\\": [{\\\"id\\\": 1, \\\"qty\\\": 1, \\\"price\\\": \\\"300\\\", \\\"product\\\": \\\"Консультация дермалогога\\\"}, {\\\"id\\\": 3, \\\"qty\\\": 1, \\\"price\\\": \\\"1400\\\", \\\"product\\\": \\\"Цифровая дерматоскопия\\\"}, {\\\"id\\\": 14, \\\"qty\\\": 2, \\\"price\\\": 600, \\\"product\\\": \\\"УЗИ брюшной полости и почек\\\"}]}\", \"created_at\": \"2023-12-13 17:05:02\", \"updated_at\": \"2023-12-13 17:05:02\", \"total_price\": 2300, \"name_product\": \"Медицинский центр\", \"image_product\": \"https://tourmeddriver.com/storage/medical_images_card/EyiOJRNs6wUPi7sgQoMJVhGrrlJBri6NiemLHDDP.jpg\", \"organization_email\": \"klimashevskijvova@gmail.com\"}, {\"id\": 1509, \"date\": \"27.12.2023\", \"role\": \"Мед.центр\", \"user_id\": 12, \"products\": \"{\\\"date\\\": \\\"27.12.2023\\\", \\\"title\\\": \\\"Клиника \\\\\\\"Семерида\\\\\\\"\\\", \\\"people\\\": 1, \\\"product\\\": null, \\\"totalPrice\\\": 6500, \\\"productList\\\": [{\\\"id\\\": 21, \\\"qty\\\": 1, \\\"price\\\": \\\"5000\\\", \\\"product\\\": \\\"Прием врача-косметолога первичный (осмотр, консультация)\\\"}, {\\\"id\\\": 24, \\\"qty\\\": 1, \\\"price\\\": \\\"1500\\\", \\\"product\\\": \\\"Местная анастезия\\\"}]}\", \"created_at\": \"2023-12-26 09:54:41\", \"updated_at\": \"2023-12-26 09:54:41\", \"total_price\": 6500, \"name_product\": \"Клиника \\\"Семерида\\\"\", \"image_product\": \"https://tourmeddriver.com/public/storage/medical_images_card/wSkU0SPbTnrEQEWADsx35uiLWdfJvmaJqIYezkUn.jpg\", \"organization_email\": \"admin@mail.ru\"}]', NULL, '2023-12-26 06:54:49', '2023-12-26 06:54:49', NULL),
(91080, 'user@mail.ru', 'Bombaa', 'lalala12', '+375889658745', '13', 'Салон красоты', '29.12.2023', '2600', '26000', '1510', '0', '[{\"id\": 1510, \"date\": \"29.12.2023\", \"role\": \"spa\", \"user_id\": 13, \"products\": \"{\\\"date\\\": \\\"29.12.2023\\\", \\\"title\\\": \\\"Салон красоты\\\", \\\"people\\\": 2, \\\"product\\\": null, \\\"totalPrice\\\": 2600, \\\"productList\\\": [{\\\"id\\\": 1, \\\"qty\\\": 1, \\\"price\\\": \\\"1300\\\", \\\"product\\\": \\\"Холистик SPA-уход\\\"}, {\\\"id\\\": 2, \\\"qty\\\": 1, \\\"price\\\": \\\"1300\\\", \\\"product\\\": \\\"Фитнес SPA-уход\\\"}]}\", \"created_at\": \"2023-12-27 16:22:44\", \"updated_at\": \"2023-12-27 16:22:44\", \"total_price\": 2600, \"name_product\": \"Салон красоты\", \"image_product\": \"https://tourmeddriver.com/public/storage/spa_images_card/7GsR2QNuInI8oMHqp9kiP6Fh5cCwYoNAqNCM7Ao8.jpg\", \"organization_email\": \"vladuk92@mail.ru\"}]', NULL, '2023-12-27 13:23:52', '2023-12-27 13:23:52', NULL),
(91081, 'user@mail.ru', 'Bombaa', 'lalala12', '+375889658745', '13', 'Салон красоты', '29.12.2023', '2600', '26000', '1510', '0', '[{\"id\": 1510, \"date\": \"29.12.2023\", \"role\": \"spa\", \"user_id\": 13, \"products\": \"{\\\"date\\\": \\\"29.12.2023\\\", \\\"title\\\": \\\"Салон красоты\\\", \\\"people\\\": 2, \\\"product\\\": null, \\\"totalPrice\\\": 2600, \\\"productList\\\": [{\\\"id\\\": 1, \\\"qty\\\": 1, \\\"price\\\": \\\"1300\\\", \\\"product\\\": \\\"Холистик SPA-уход\\\"}, {\\\"id\\\": 2, \\\"qty\\\": 1, \\\"price\\\": \\\"1300\\\", \\\"product\\\": \\\"Фитнес SPA-уход\\\"}]}\", \"created_at\": \"2023-12-27 16:22:44\", \"updated_at\": \"2023-12-27 16:22:44\", \"total_price\": 2600, \"name_product\": \"Салон красоты\", \"image_product\": \"https://tourmeddriver.com/public/storage/spa_images_card/7GsR2QNuInI8oMHqp9kiP6Fh5cCwYoNAqNCM7Ao8.jpg\", \"organization_email\": \"vladuk92@mail.ru\"}]', NULL, '2023-12-27 13:23:57', '2023-12-27 13:23:57', NULL),
(91082, 'user@mail.ru', 'Bombaa', 'lalala12', '+375889658745', '13', 'Pheasants', '-', '20300', '203000', '1512', '0', '[{\"id\": 1512, \"date\": \"-\", \"role\": \"hostel\", \"user_id\": 13, \"products\": \"{\\\"id\\\": 1, \\\"date\\\": [\\\"05 02 2024\\\", \\\"11 02 2024\\\"], \\\"berth\\\": \\\"2\\\", \\\"price\\\": 20300, \\\"title\\\": \\\"Двухместный люкс\\\", \\\"category\\\": \\\"Двухместные люкс\\\"}\", \"created_at\": \"2024-01-28 08:56:14\", \"updated_at\": \"2024-01-28 08:56:14\", \"total_price\": 20300, \"name_product\": \"Pheasants\", \"image_product\": \"https://tourmeddriver.com/storage/hostel_images_card/4xpsDC6PwXRoFZcZszLNGaxKYeW31Tp4NcA6RLev.jpg\", \"organization_email\": \"hostel@mail.ru\"}]', NULL, '2024-01-28 05:57:13', '2024-01-28 05:57:13', NULL),
(91083, 'user@mail.ru', 'Bombaa', 'lalala12', '+375889658745', '13', 'Клиника \"Семерида\"', '31 01 2024 17:02', '50000', '500000', '1514', '0', '[{\"id\": 1514, \"date\": \"31 01 2024 17:02\", \"role\": \"Мед.центр\", \"user_id\": 13, \"products\": \"{\\\"date\\\": \\\"31 01 2024 17:02\\\", \\\"people\\\": 1, \\\"product\\\": null, \\\"totalPrice\\\": 50000, \\\"productList\\\": [{\\\"id\\\": 45, \\\"qty\\\": 1, \\\"price\\\": \\\"5200\\\", \\\"product\\\": \\\"Лицо, шея, зона декольте\\\"}, {\\\"id\\\": 53, \\\"qty\\\": 1, \\\"price\\\": \\\"7200\\\", \\\"product\\\": \\\"RF лифтинг\\\"}, {\\\"id\\\": 52, \\\"qty\\\": 1, \\\"price\\\": \\\"6400\\\", \\\"product\\\": \\\"Микротоковая терапия\\\"}, {\\\"id\\\": 135, \\\"qty\\\": 1, \\\"price\\\": \\\"12200\\\", \\\"product\\\": \\\"Капельница Лаеннек\\\"}, {\\\"id\\\": 134, \\\"qty\\\": 1, \\\"price\\\": \\\"9500\\\", \\\"product\\\": \\\"Капельница Здоровье Сосудов\\\"}, {\\\"id\\\": 133, \\\"qty\\\": 1, \\\"price\\\": \\\"9500\\\", \\\"product\\\": \\\"Капельница Здоровая Печень\\\"}]}\", \"created_at\": \"2024-01-28 09:02:20\", \"updated_at\": \"2024-01-28 09:02:20\", \"total_price\": 50000, \"name_product\": \"Клиника \\\"Семерида\\\"\", \"image_product\": \"https://tourmeddriver.com/storage/medical_images_card/wSkU0SPbTnrEQEWADsx35uiLWdfJvmaJqIYezkUn.jpg\", \"organization_email\": \"admin@mail.ru\"}]', NULL, '2024-01-28 06:02:44', '2024-01-28 06:02:44', NULL);
INSERT INTO `payments` (`id`, `email`, `name`, `surname`, `phone`, `user_id`, `name_product`, `date_product`, `total_price_product`, `amount`, `orderId`, `status`, `products`, `promocode`, `created_at`, `updated_at`, `email_status`) VALUES
(91084, 'user@mail.ru', 'Bombaa', 'lalala12', '+375889658745', '13', 'Медицинский центр', '29 02 2024 14:14', '1300', '709000', '1521', '0', '[{\"id\": 1514, \"date\": \"31 01 2024 17:02\", \"role\": \"Мед.центр\", \"user_id\": 13, \"products\": \"{\\\"date\\\": \\\"31 01 2024 17:02\\\", \\\"people\\\": 1, \\\"product\\\": null, \\\"totalPrice\\\": 50000, \\\"productList\\\": [{\\\"id\\\": 45, \\\"qty\\\": 1, \\\"price\\\": \\\"5200\\\", \\\"product\\\": \\\"Лицо, шея, зона декольте\\\"}, {\\\"id\\\": 53, \\\"qty\\\": 1, \\\"price\\\": \\\"7200\\\", \\\"product\\\": \\\"RF лифтинг\\\"}, {\\\"id\\\": 52, \\\"qty\\\": 1, \\\"price\\\": \\\"6400\\\", \\\"product\\\": \\\"Микротоковая терапия\\\"}, {\\\"id\\\": 135, \\\"qty\\\": 1, \\\"price\\\": \\\"12200\\\", \\\"product\\\": \\\"Капельница Лаеннек\\\"}, {\\\"id\\\": 134, \\\"qty\\\": 1, \\\"price\\\": \\\"9500\\\", \\\"product\\\": \\\"Капельница Здоровье Сосудов\\\"}, {\\\"id\\\": 133, \\\"qty\\\": 1, \\\"price\\\": \\\"9500\\\", \\\"product\\\": \\\"Капельница Здоровая Печень\\\"}]}\", \"created_at\": \"2024-01-28 09:02:20\", \"updated_at\": \"2024-01-28 09:02:20\", \"total_price\": 50000, \"name_product\": \"Клиника \\\"Семерида\\\"\", \"image_product\": \"https://tourmeddriver.com/storage/medical_images_card/wSkU0SPbTnrEQEWADsx35uiLWdfJvmaJqIYezkUn.jpg\", \"organization_email\": \"admin@mail.ru\"}, {\"id\": 1516, \"date\": \"02 02 2024 13:45\", \"role\": \"spa\", \"user_id\": 13, \"products\": \"{\\\"date\\\": \\\"02 02 2024 13:45\\\", \\\"people\\\": \\\"2\\\", \\\"product\\\": null, \\\"totalPrice\\\": 3000, \\\"productList\\\": [{\\\"id\\\": 31, \\\"qty\\\": 1, \\\"price\\\": \\\"3000\\\", \\\"product\\\": \\\"Массаж\\\"}, {\\\"id\\\": 34, \\\"qty\\\": 0, \\\"price\\\": 0, \\\"product\\\": \\\"Йога групповое занятие\\\"}, {\\\"id\\\": 41, \\\"qty\\\": 0, \\\"price\\\": 0, \\\"product\\\": \\\"Коррекция позвоночника\\\"}, {\\\"id\\\": 42, \\\"qty\\\": 0, \\\"price\\\": 0, \\\"product\\\": \\\"Мануальная коррекция\\\"}]}\", \"created_at\": \"2024-02-01 05:51:37\", \"updated_at\": \"2024-02-01 05:51:37\", \"total_price\": 3000, \"name_product\": \"Just Kinesio\", \"image_product\": \"https://tourmeddriver.com/storage/spa_images_card/GGmX6ZWnxcarKwc0jXAsYzXyGAXLcXZ5VXMugPqh.jpg\", \"organization_email\": \"satxs4426@gmail.com\"}, {\"id\": 1517, \"date\": \"02 02 2024 13:45\", \"role\": \"spa\", \"user_id\": 13, \"products\": \"{\\\"date\\\": \\\"02 02 2024 13:45\\\", \\\"people\\\": \\\"2\\\", \\\"product\\\": null, \\\"totalPrice\\\": 8000, \\\"productList\\\": [{\\\"id\\\": 42, \\\"qty\\\": 2, \\\"price\\\": 8000, \\\"product\\\": \\\"Мануальная коррекция\\\"}]}\", \"created_at\": \"2024-02-01 05:51:53\", \"updated_at\": \"2024-02-01 05:51:53\", \"total_price\": 8000, \"name_product\": \"Just Kinesio\", \"image_product\": \"https://tourmeddriver.com/storage/spa_images_card/GGmX6ZWnxcarKwc0jXAsYzXyGAXLcXZ5VXMugPqh.jpg\", \"organization_email\": \"satxs4426@gmail.com\"}, {\"id\": 1518, \"date\": \"12 02 2024 13:56\", \"role\": \"Мед.центр\", \"user_id\": 13, \"products\": \"{\\\"date\\\": \\\"12 02 2024 13:56\\\", \\\"people\\\": \\\"2\\\", \\\"product\\\": null, \\\"totalPrice\\\": 4300, \\\"productList\\\": [{\\\"id\\\": 16, \\\"qty\\\": 1, \\\"price\\\": \\\"1300\\\", \\\"product\\\": \\\"Первичный прием врача уролога\\\"}, {\\\"id\\\": 17, \\\"qty\\\": 1, \\\"price\\\": \\\"500\\\", \\\"product\\\": \\\"Ректальный осмотр простаты\\\"}, {\\\"id\\\": 18, \\\"qty\\\": 1, \\\"price\\\": \\\"2500\\\", \\\"product\\\": \\\"Цистоскопия\\\"}]}\", \"created_at\": \"2024-02-01 05:56:42\", \"updated_at\": \"2024-02-01 05:56:42\", \"total_price\": 4300, \"name_product\": \"Медицинский центр\", \"image_product\": \"https://tourmeddriver.com/storage/medical_images_card/EyiOJRNs6wUPi7sgQoMJVhGrrlJBri6NiemLHDDP.jpg\", \"organization_email\": \"klimashevskijvova@gmail.com\"}, {\"id\": 1520, \"date\": \"29 02 2024 14:14\", \"role\": \"Мед.центр\", \"user_id\": 13, \"products\": \"{\\\"date\\\": \\\"29 02 2024 14:14\\\", \\\"people\\\": 1, \\\"product\\\": null, \\\"totalPrice\\\": 4300, \\\"productList\\\": [{\\\"id\\\": 16, \\\"qty\\\": 1, \\\"price\\\": \\\"1300\\\", \\\"product\\\": \\\"Первичный прием врача уролога\\\"}, {\\\"id\\\": 17, \\\"qty\\\": 1, \\\"price\\\": \\\"500\\\", \\\"product\\\": \\\"Ректальный осмотр простаты\\\"}, {\\\"id\\\": 18, \\\"qty\\\": 1, \\\"price\\\": \\\"2500\\\", \\\"product\\\": \\\"Цистоскопия\\\"}]}\", \"created_at\": \"2024-02-01 06:14:18\", \"updated_at\": \"2024-02-01 06:14:18\", \"total_price\": 4300, \"name_product\": \"Медицинский центр\", \"image_product\": \"https://tourmeddriver.com/storage/medical_images_card/EyiOJRNs6wUPi7sgQoMJVhGrrlJBri6NiemLHDDP.jpg\", \"organization_email\": \"klimashevskijvova@gmail.com\"}, {\"id\": 1521, \"date\": \"29 02 2024 14:14\", \"role\": \"Мед.центр\", \"user_id\": 13, \"products\": \"{\\\"date\\\": \\\"29 02 2024 14:14\\\", \\\"people\\\": 1, \\\"product\\\": null, \\\"totalPrice\\\": 1300, \\\"productList\\\": [{\\\"id\\\": 16, \\\"qty\\\": 1, \\\"price\\\": \\\"1300\\\", \\\"product\\\": \\\"Первичный прием врача уролога\\\"}, {\\\"id\\\": 17, \\\"qty\\\": 0, \\\"price\\\": 0, \\\"product\\\": \\\"Ректальный осмотр простаты\\\"}, {\\\"id\\\": 18, \\\"qty\\\": 0, \\\"price\\\": 0, \\\"product\\\": \\\"Цистоскопия\\\"}]}\", \"created_at\": \"2024-02-01 06:14:22\", \"updated_at\": \"2024-02-01 06:14:22\", \"total_price\": 1300, \"name_product\": \"Медицинский центр\", \"image_product\": \"https://tourmeddriver.com/storage/medical_images_card/EyiOJRNs6wUPi7sgQoMJVhGrrlJBri6NiemLHDDP.jpg\", \"organization_email\": \"klimashevskijvova@gmail.com\"}]', NULL, '2024-02-01 03:27:50', '2024-02-01 03:27:50', NULL),
(91085, 'user@mail.ru', 'Bombaa', 'lalala12', '+375889658745', '13', 'Медицинский центр', '29 02 2024 14:14', '1300', '709000', '1521', '1', '[{\"id\": 1514, \"date\": \"31 01 2024 17:02\", \"role\": \"Мед.центр\", \"user_id\": 13, \"products\": \"{\\\"date\\\": \\\"31 01 2024 17:02\\\", \\\"people\\\": 1, \\\"product\\\": null, \\\"totalPrice\\\": 50000, \\\"productList\\\": [{\\\"id\\\": 45, \\\"qty\\\": 1, \\\"price\\\": \\\"5200\\\", \\\"product\\\": \\\"Лицо, шея, зона декольте\\\"}, {\\\"id\\\": 53, \\\"qty\\\": 1, \\\"price\\\": \\\"7200\\\", \\\"product\\\": \\\"RF лифтинг\\\"}, {\\\"id\\\": 52, \\\"qty\\\": 1, \\\"price\\\": \\\"6400\\\", \\\"product\\\": \\\"Микротоковая терапия\\\"}, {\\\"id\\\": 135, \\\"qty\\\": 1, \\\"price\\\": \\\"12200\\\", \\\"product\\\": \\\"Капельница Лаеннек\\\"}, {\\\"id\\\": 134, \\\"qty\\\": 1, \\\"price\\\": \\\"9500\\\", \\\"product\\\": \\\"Капельница Здоровье Сосудов\\\"}, {\\\"id\\\": 133, \\\"qty\\\": 1, \\\"price\\\": \\\"9500\\\", \\\"product\\\": \\\"Капельница Здоровая Печень\\\"}]}\", \"created_at\": \"2024-01-28 09:02:20\", \"updated_at\": \"2024-01-28 09:02:20\", \"total_price\": 50000, \"name_product\": \"Клиника \\\"Семерида\\\"\", \"image_product\": \"https://tourmeddriver.com/storage/medical_images_card/wSkU0SPbTnrEQEWADsx35uiLWdfJvmaJqIYezkUn.jpg\", \"organization_email\": \"admin@mail.ru\"}, {\"id\": 1516, \"date\": \"02 02 2024 13:45\", \"role\": \"spa\", \"user_id\": 13, \"products\": \"{\\\"date\\\": \\\"02 02 2024 13:45\\\", \\\"people\\\": \\\"2\\\", \\\"product\\\": null, \\\"totalPrice\\\": 3000, \\\"productList\\\": [{\\\"id\\\": 31, \\\"qty\\\": 1, \\\"price\\\": \\\"3000\\\", \\\"product\\\": \\\"Массаж\\\"}, {\\\"id\\\": 34, \\\"qty\\\": 0, \\\"price\\\": 0, \\\"product\\\": \\\"Йога групповое занятие\\\"}, {\\\"id\\\": 41, \\\"qty\\\": 0, \\\"price\\\": 0, \\\"product\\\": \\\"Коррекция позвоночника\\\"}, {\\\"id\\\": 42, \\\"qty\\\": 0, \\\"price\\\": 0, \\\"product\\\": \\\"Мануальная коррекция\\\"}]}\", \"created_at\": \"2024-02-01 05:51:37\", \"updated_at\": \"2024-02-01 05:51:37\", \"total_price\": 3000, \"name_product\": \"Just Kinesio\", \"image_product\": \"https://tourmeddriver.com/storage/spa_images_card/GGmX6ZWnxcarKwc0jXAsYzXyGAXLcXZ5VXMugPqh.jpg\", \"organization_email\": \"satxs4426@gmail.com\"}, {\"id\": 1517, \"date\": \"02 02 2024 13:45\", \"role\": \"spa\", \"user_id\": 13, \"products\": \"{\\\"date\\\": \\\"02 02 2024 13:45\\\", \\\"people\\\": \\\"2\\\", \\\"product\\\": null, \\\"totalPrice\\\": 8000, \\\"productList\\\": [{\\\"id\\\": 42, \\\"qty\\\": 2, \\\"price\\\": 8000, \\\"product\\\": \\\"Мануальная коррекция\\\"}]}\", \"created_at\": \"2024-02-01 05:51:53\", \"updated_at\": \"2024-02-01 05:51:53\", \"total_price\": 8000, \"name_product\": \"Just Kinesio\", \"image_product\": \"https://tourmeddriver.com/storage/spa_images_card/GGmX6ZWnxcarKwc0jXAsYzXyGAXLcXZ5VXMugPqh.jpg\", \"organization_email\": \"satxs4426@gmail.com\"}, {\"id\": 1518, \"date\": \"12 02 2024 13:56\", \"role\": \"Мед.центр\", \"user_id\": 13, \"products\": \"{\\\"date\\\": \\\"12 02 2024 13:56\\\", \\\"people\\\": \\\"2\\\", \\\"product\\\": null, \\\"totalPrice\\\": 4300, \\\"productList\\\": [{\\\"id\\\": 16, \\\"qty\\\": 1, \\\"price\\\": \\\"1300\\\", \\\"product\\\": \\\"Первичный прием врача уролога\\\"}, {\\\"id\\\": 17, \\\"qty\\\": 1, \\\"price\\\": \\\"500\\\", \\\"product\\\": \\\"Ректальный осмотр простаты\\\"}, {\\\"id\\\": 18, \\\"qty\\\": 1, \\\"price\\\": \\\"2500\\\", \\\"product\\\": \\\"Цистоскопия\\\"}]}\", \"created_at\": \"2024-02-01 05:56:42\", \"updated_at\": \"2024-02-01 05:56:42\", \"total_price\": 4300, \"name_product\": \"Медицинский центр\", \"image_product\": \"https://tourmeddriver.com/storage/medical_images_card/EyiOJRNs6wUPi7sgQoMJVhGrrlJBri6NiemLHDDP.jpg\", \"organization_email\": \"klimashevskijvova@gmail.com\"}, {\"id\": 1520, \"date\": \"29 02 2024 14:14\", \"role\": \"Мед.центр\", \"user_id\": 13, \"products\": \"{\\\"date\\\": \\\"29 02 2024 14:14\\\", \\\"people\\\": 1, \\\"product\\\": null, \\\"totalPrice\\\": 4300, \\\"productList\\\": [{\\\"id\\\": 16, \\\"qty\\\": 1, \\\"price\\\": \\\"1300\\\", \\\"product\\\": \\\"Первичный прием врача уролога\\\"}, {\\\"id\\\": 17, \\\"qty\\\": 1, \\\"price\\\": \\\"500\\\", \\\"product\\\": \\\"Ректальный осмотр простаты\\\"}, {\\\"id\\\": 18, \\\"qty\\\": 1, \\\"price\\\": \\\"2500\\\", \\\"product\\\": \\\"Цистоскопия\\\"}]}\", \"created_at\": \"2024-02-01 06:14:18\", \"updated_at\": \"2024-02-01 06:14:18\", \"total_price\": 4300, \"name_product\": \"Медицинский центр\", \"image_product\": \"https://tourmeddriver.com/storage/medical_images_card/EyiOJRNs6wUPi7sgQoMJVhGrrlJBri6NiemLHDDP.jpg\", \"organization_email\": \"klimashevskijvova@gmail.com\"}, {\"id\": 1521, \"date\": \"29 02 2024 14:14\", \"role\": \"Мед.центр\", \"user_id\": 13, \"products\": \"{\\\"date\\\": \\\"29 02 2024 14:14\\\", \\\"people\\\": 1, \\\"product\\\": null, \\\"totalPrice\\\": 1300, \\\"productList\\\": [{\\\"id\\\": 16, \\\"qty\\\": 1, \\\"price\\\": \\\"1300\\\", \\\"product\\\": \\\"Первичный прием врача уролога\\\"}, {\\\"id\\\": 17, \\\"qty\\\": 0, \\\"price\\\": 0, \\\"product\\\": \\\"Ректальный осмотр простаты\\\"}, {\\\"id\\\": 18, \\\"qty\\\": 0, \\\"price\\\": 0, \\\"product\\\": \\\"Цистоскопия\\\"}]}\", \"created_at\": \"2024-02-01 06:14:22\", \"updated_at\": \"2024-02-01 06:14:22\", \"total_price\": 1300, \"name_product\": \"Медицинский центр\", \"image_product\": \"https://tourmeddriver.com/storage/medical_images_card/EyiOJRNs6wUPi7sgQoMJVhGrrlJBri6NiemLHDDP.jpg\", \"organization_email\": \"klimashevskijvova@gmail.com\"}]', 'PenCIwsm', '2024-02-01 03:30:52', '2024-02-01 03:33:18', 'otpravlen'),
(91086, 'hopd@tut.by', 'Дмитрий', 'Нор', '375297678871', '12', 'Люкс', '-', '28320', '283200', '1541', '1', '[{\"id\": 1541, \"date\": \"-\", \"role\": \"sport\", \"user_id\": 12, \"products\": \"{\\\"id\\\": 2, \\\"date\\\": [\\\"02.02.2024\\\", \\\"04.02.2024\\\"], \\\"berth\\\": \\\"1\\\", \\\"title\\\": \\\"Люкс\\\", \\\"product\\\": null, \\\"category\\\": \\\"Люкс\\\", \\\"totalPrice\\\": 26920, \\\"productList\\\": [{\\\"id\\\": 0, \\\"qty\\\": 0, \\\"price\\\": 700, \\\"product\\\": \\\"Люкс\\\"}, {\\\"id\\\": 1, \\\"qty\\\": 1, \\\"price\\\": \\\"4100\\\", \\\"product\\\": \\\"Теннисный корт\\\"}, {\\\"id\\\": 4, \\\"qty\\\": 1, \\\"price\\\": \\\"120\\\", \\\"product\\\": \\\"Очки для плавания\\\"}, {\\\"id\\\": 5, \\\"qty\\\": 1, \\\"price\\\": \\\"22000\\\", \\\"product\\\": \\\"Стадион\\\"}]}\", \"created_at\": \"2024-02-02 10:37:44\", \"updated_at\": \"2024-02-02 10:37:44\", \"total_price\": 28320, \"name_product\": \"Люкс\", \"image_product\": \"https://tourmeddriver.com/public/storage/sport_images/SDK8pzgAbyCObsIMX2WIDQVw7fZQdtedccJikoHU.jpg\", \"organization_email\": \"sport@mail.ru\"}]', 'ikUDzf1m', '2024-02-12 04:51:13', '2024-02-12 04:52:43', 'otpravlen'),
(91087, 'hopd@tut.by', 'Дмитрий', 'Нор', '375297678871', '12', 'Кафе «Баку»', '11 04 2024 00:11', '800', '8000', '1543', '1', '[{\"id\": 1543, \"date\": \"11 04 2024 00:11\", \"role\": \"cafe\", \"user_id\": 12, \"products\": \"{\\\"date\\\": \\\"11 04 2024 00:11\\\", \\\"people\\\": \\\"2\\\", \\\"product\\\": null, \\\"totalPrice\\\": 800, \\\"productList\\\": [{\\\"id\\\": 21, \\\"qty\\\": 1, \\\"price\\\": \\\"500\\\", \\\"product\\\": \\\"Овощи гриль\\\"}, {\\\"id\\\": 24, \\\"qty\\\": 1, \\\"price\\\": \\\"300\\\", \\\"product\\\": \\\"Капуста брюссельская\\\"}]}\", \"created_at\": \"2024-02-12 21:12:49\", \"updated_at\": \"2024-02-12 21:12:49\", \"total_price\": 800, \"name_product\": \"Кафе «Баку»\", \"image_product\": \"https://tourmeddriver.com/storage/cafe_images_card/Bf620TfVhX7NAblSAGdbFh48myWnPlVF9NTLumoT.jpg\", \"organization_email\": \"cafe@mail.ru\"}]', 't5I8Mziw', '2024-02-12 18:13:08', '2024-02-12 18:14:55', 'otpravlen'),
(91088, 'hopd@tut.by', 'Дмитрий', 'Нор', '375297678871', '12', 'Кафе \"Здравствуйте\"', '06 03 2024 09:40', '1950', '60500', '1568', '1', '[{\"id\": 1567, \"date\": \"05 03 2024 09:33\", \"role\": \"Мед.центр\", \"user_id\": 12, \"products\": \"{\\\"date\\\": \\\"05 03 2024 09:33\\\", \\\"people\\\": \\\"2\\\", \\\"product\\\": null, \\\"totalPrice\\\": 4100, \\\"productList\\\": [{\\\"id\\\": 230, \\\"qty\\\": 1, \\\"price\\\": \\\"3500\\\", \\\"product\\\": \\\"Сеанс приват доцента Академии натуропатии Глущенко Анатолия Николаевича\\\"}, {\\\"id\\\": 233, \\\"qty\\\": 0, \\\"price\\\": null, \\\"product\\\": \\\"Определение состава тела\\\"}, {\\\"id\\\": 234, \\\"qty\\\": 1, \\\"price\\\": \\\"600\\\", \\\"product\\\": \\\"SPA Капсула HK-7000\\\"}]}\", \"created_at\": \"2024-03-03 06:36:11\", \"updated_at\": \"2024-03-03 06:36:11\", \"total_price\": 4100, \"name_product\": \"Центр укрепления здоровья \\\"Боли-Нет\\\"\", \"image_product\": \"https://tourmeddriver.com/storage/medical_images_card/skSKHCT4Xj3ffhAv4bhS6RZ0btvRBtD9vQEaw5iw.jpg\", \"organization_email\": \"bolinetanapa@yandex.ru\"}, {\"id\": 1568, \"date\": \"06 03 2024 09:40\", \"role\": \"cafe\", \"user_id\": 12, \"products\": \"{\\\"date\\\": \\\"06 03 2024 09:40\\\", \\\"people\\\": 1, \\\"product\\\": null, \\\"totalPrice\\\": 1950, \\\"productList\\\": [{\\\"id\\\": 91, \\\"qty\\\": 1, \\\"price\\\": \\\"650\\\", \\\"product\\\": \\\"Маргарита\\\"}, {\\\"id\\\": 93, \\\"qty\\\": 2, \\\"price\\\": 1300, \\\"product\\\": \\\"Сицилия\\\"}]}\", \"created_at\": \"2024-03-03 06:39:39\", \"updated_at\": \"2024-03-03 06:39:39\", \"total_price\": 1950, \"name_product\": \"Кафе \\\"Здравствуйте\\\"\", \"image_product\": \"https://tourmeddriver.com/storage/cafe_images_card/7Cy9j9o4ebL4GDgA8q5rVfav97mWk3laZsdsIbhe.jpg\", \"organization_email\": \"zdravstvuite30@yandex.ru\"}]', 'vIMcr3Cl', '2024-03-03 03:40:09', '2024-03-03 03:41:59', 'otpravlen'),
(91089, 'hopd@tut.by', 'Дмитрий', 'Нор', '375297678871', '12', 'Медицинский центр', '05.03.2024', '1700', '17000', '1569', '0', '[{\"id\": 1569, \"date\": \"05.03.2024\", \"role\": \"Мед.центр\", \"user_id\": 12, \"products\": \"{\\\"date\\\": \\\"05.03.2024\\\", \\\"title\\\": \\\"Медицинский центр\\\", \\\"people\\\": 1, \\\"product\\\": null, \\\"totalPrice\\\": 1700, \\\"productList\\\": [{\\\"id\\\": 1, \\\"qty\\\": 1, \\\"price\\\": \\\"300\\\", \\\"product\\\": \\\"Консультация дермалогога\\\"}, {\\\"id\\\": 3, \\\"qty\\\": 1, \\\"price\\\": \\\"1400\\\", \\\"product\\\": \\\"Цифровая дерматоскопия\\\"}]}\", \"created_at\": \"2024-03-04 13:42:02\", \"updated_at\": \"2024-03-04 13:42:02\", \"total_price\": 1700, \"name_product\": \"Медицинский центр\", \"image_product\": \"https://tourmeddriver.com/public/storage/medical_images_card/EyiOJRNs6wUPi7sgQoMJVhGrrlJBri6NiemLHDDP.jpg\", \"organization_email\": \"klimashevskijvova@gmail.com\"}]', NULL, '2024-03-04 10:42:14', '2024-03-04 10:42:14', NULL),
(91090, 'hopd@tut.by', 'Дмитрий', 'Нор', '375297678871', '12', 'Люкс', '-', '33500', '389000', '1571', '1', '[{\"id\": 1569, \"date\": \"05.03.2024\", \"role\": \"Мед.центр\", \"user_id\": 12, \"products\": \"{\\\"date\\\": \\\"05.03.2024\\\", \\\"title\\\": \\\"Медицинский центр\\\", \\\"people\\\": 1, \\\"product\\\": null, \\\"totalPrice\\\": 1700, \\\"productList\\\": [{\\\"id\\\": 1, \\\"qty\\\": 1, \\\"price\\\": \\\"300\\\", \\\"product\\\": \\\"Консультация дермалогога\\\"}, {\\\"id\\\": 3, \\\"qty\\\": 1, \\\"price\\\": \\\"1400\\\", \\\"product\\\": \\\"Цифровая дерматоскопия\\\"}]}\", \"created_at\": \"2024-03-04 13:42:02\", \"updated_at\": \"2024-03-04 13:42:02\", \"total_price\": 1700, \"name_product\": \"Медицинский центр\", \"image_product\": \"https://tourmeddriver.com/public/storage/medical_images_card/EyiOJRNs6wUPi7sgQoMJVhGrrlJBri6NiemLHDDP.jpg\", \"organization_email\": \"klimashevskijvova@gmail.com\"}, {\"id\": 1570, \"date\": \"14.03.2024\", \"role\": \"spa\", \"user_id\": 12, \"products\": \"{\\\"date\\\": \\\"14.03.2024\\\", \\\"title\\\": \\\"Студия красоты Zеркала\\\", \\\"people\\\": 1, \\\"product\\\": null, \\\"totalPrice\\\": 3700, \\\"productList\\\": [{\\\"id\\\": 20, \\\"qty\\\": 1, \\\"price\\\": \\\"900\\\", \\\"product\\\": \\\"Классический маникюр + покрытие ELPAZA\\\"}, {\\\"id\\\": 21, \\\"qty\\\": 1, \\\"price\\\": \\\"1300\\\", \\\"product\\\": \\\"Маникюр классический/комби или аппарат + покрытие гель-лаком UNO\\\"}, {\\\"id\\\": 22, \\\"qty\\\": 1, \\\"price\\\": \\\"1500\\\", \\\"product\\\": \\\"Маникюр классический/комби или аппаратный + покрытие гель-лаком UNO + выравнивание\\\"}]}\", \"created_at\": \"2024-03-04 13:49:39\", \"updated_at\": \"2024-03-04 13:49:39\", \"total_price\": 3700, \"name_product\": \"Студия красоты Zеркала\", \"image_product\": \"https://tourmeddriver.com/public/storage/spa_images_card/gJiGmw2TNnDMF2usXvl0uOVO42gucJeo5AG590rc.jpg\", \"organization_email\": \"admin@mail.ru\"}, {\"id\": 1571, \"date\": \"-\", \"role\": \"sport\", \"user_id\": 12, \"products\": \"{\\\"id\\\": 2, \\\"date\\\": [\\\"05.03.2024\\\", \\\"14.03.2024\\\"], \\\"berth\\\": \\\"1\\\", \\\"title\\\": \\\"Люкс\\\", \\\"product\\\": null, \\\"category\\\": \\\"Люкс\\\", \\\"totalPrice\\\": 27200, \\\"productList\\\": [{\\\"id\\\": 0, \\\"qty\\\": 0, \\\"price\\\": 700, \\\"product\\\": \\\"Люкс\\\"}, {\\\"id\\\": 1, \\\"qty\\\": 1, \\\"price\\\": \\\"4100\\\", \\\"product\\\": \\\"Теннисный корт\\\"}, {\\\"id\\\": 2, \\\"qty\\\": 1, \\\"price\\\": \\\"300\\\", \\\"product\\\": \\\"Ракетка\\\"}, {\\\"id\\\": 5, \\\"qty\\\": 1, \\\"price\\\": \\\"22000\\\", \\\"product\\\": \\\"Стадион\\\"}, {\\\"id\\\": 6, \\\"qty\\\": 1, \\\"price\\\": \\\"100\\\", \\\"product\\\": \\\"Мяч\\\"}]}\", \"created_at\": \"2024-03-04 13:50:22\", \"updated_at\": \"2024-03-04 13:50:22\", \"total_price\": 33500, \"name_product\": \"Люкс\", \"image_product\": \"https://tourmeddriver.com/public/storage/sport_images/SDK8pzgAbyCObsIMX2WIDQVw7fZQdtedccJikoHU.jpg\", \"organization_email\": \"sport@mail.ru\"}]', 'JVHf0avI', '2024-03-04 10:50:55', '2024-03-06 14:24:29', 'otpravlen'),
(91091, 'vladuk92@mail.ru', 'vova', 'klim', '+375173478834', '16', 'Медицинский центр', '15 03 2024 15:45', '1600', '16000', '1579', '1', '[{\"id\": 1579, \"date\": \"15 03 2024 15:45\", \"role\": \"Мед.центр\", \"user_id\": 16, \"products\": \"{\\\"date\\\": \\\"15 03 2024 15:45\\\", \\\"people\\\": 1, \\\"product\\\": null, \\\"totalPrice\\\": 1600, \\\"productList\\\": [{\\\"id\\\": 1, \\\"qty\\\": 1, \\\"price\\\": \\\"300\\\", \\\"product\\\": \\\"Консультация дермалогога\\\"}, {\\\"id\\\": 2, \\\"qty\\\": 1, \\\"price\\\": \\\"1300\\\", \\\"product\\\": \\\"Трихоскопия\\\"}]}\", \"created_at\": \"2024-03-13 12:45:49\", \"updated_at\": \"2024-03-13 12:45:49\", \"total_price\": 1600, \"name_product\": \"Медицинский центр\", \"image_product\": \"https://tourmeddriver.com/storage/medical_images_card/EyiOJRNs6wUPi7sgQoMJVhGrrlJBri6NiemLHDDP.jpg\", \"organization_email\": \"klimashevskijvova@gmail.com\"}]', 'obIjJi2y', '2024-03-13 09:45:53', '2024-03-13 09:46:11', 'otpravlen'),
(91092, 'hopd@tut.by', 'Дмитрий', 'Нор', '375297678871', '12', 'Медицинский центр', '15 03 2024 11:03', '3700', '37000', '1584', '1', '[{\"id\": 1584, \"date\": \"15 03 2024 11:03\", \"role\": \"Мед.центр\", \"user_id\": 12, \"products\": \"{\\\"date\\\": \\\"15 03 2024 11:03\\\", \\\"people\\\": 1, \\\"product\\\": null, \\\"totalPrice\\\": 3700, \\\"productList\\\": [{\\\"id\\\": 3, \\\"qty\\\": 1, \\\"price\\\": \\\"1400\\\", \\\"product\\\": \\\"Цифровая дерматоскопия\\\"}, {\\\"id\\\": 9, \\\"qty\\\": 1, \\\"price\\\": \\\"2300\\\", \\\"product\\\": \\\"Первичный прием эндокринолога\\\"}]}\", \"created_at\": \"2024-03-14 08:04:55\", \"updated_at\": \"2024-03-14 08:04:55\", \"total_price\": 3700, \"name_product\": \"Медицинский центр\", \"image_product\": \"https://tourmeddriver.com/storage/medical_images_card/EyiOJRNs6wUPi7sgQoMJVhGrrlJBri6NiemLHDDP.jpg\", \"organization_email\": \"klimashevskijvova@gmail.com\"}]', 'QNBwkuO3', '2024-03-14 05:05:27', '2024-03-14 05:05:58', 'otpravlen'),
(91093, 'polia_koteika@mail.ru', 'Polina', '', 'не указан', '69', 'Медицинский центр', '16.03.2024', '1600', '16000', '1591', '0', '[{\"id\": 1591, \"date\": \"16.03.2024\", \"role\": \"Мед.центр\", \"user_id\": 69, \"products\": \"{\\\"date\\\": \\\"16.03.2024\\\", \\\"title\\\": \\\"Медицинский центр\\\", \\\"people\\\": 2, \\\"product\\\": null, \\\"totalPrice\\\": 1600, \\\"productList\\\": [{\\\"id\\\": 1, \\\"qty\\\": 1, \\\"price\\\": \\\"300\\\", \\\"product\\\": \\\"Консультация дермалогога\\\"}, {\\\"id\\\": 2, \\\"qty\\\": 1, \\\"price\\\": \\\"1300\\\", \\\"product\\\": \\\"Трихоскопия\\\"}]}\", \"created_at\": \"2024-03-15 11:58:47\", \"updated_at\": \"2024-03-15 11:58:47\", \"total_price\": 1600, \"name_product\": \"Медицинский центр\", \"image_product\": \"https://tourmeddriver.com/public/storage/medical_images_card/EyiOJRNs6wUPi7sgQoMJVhGrrlJBri6NiemLHDDP.jpg\", \"organization_email\": \"klimashevskijvova@gmail.com\"}]', NULL, '2024-03-15 08:58:57', '2024-03-15 08:58:57', NULL),
(91094, 'polia_koteika@mail.ru', 'Polina', '', 'не указан', '69', 'Медицинский центр', '16.03.2024', '1600', '16000', '1591', '0', '[{\"id\": 1591, \"date\": \"16.03.2024\", \"role\": \"Мед.центр\", \"user_id\": 69, \"products\": \"{\\\"date\\\": \\\"16.03.2024\\\", \\\"title\\\": \\\"Медицинский центр\\\", \\\"people\\\": 2, \\\"product\\\": null, \\\"totalPrice\\\": 1600, \\\"productList\\\": [{\\\"id\\\": 1, \\\"qty\\\": 1, \\\"price\\\": \\\"300\\\", \\\"product\\\": \\\"Консультация дермалогога\\\"}, {\\\"id\\\": 2, \\\"qty\\\": 1, \\\"price\\\": \\\"1300\\\", \\\"product\\\": \\\"Трихоскопия\\\"}]}\", \"created_at\": \"2024-03-15 11:58:47\", \"updated_at\": \"2024-03-15 11:58:47\", \"total_price\": 1600, \"name_product\": \"Медицинский центр\", \"image_product\": \"https://tourmeddriver.com/public/storage/medical_images_card/EyiOJRNs6wUPi7sgQoMJVhGrrlJBri6NiemLHDDP.jpg\", \"organization_email\": \"klimashevskijvova@gmail.com\"}]', NULL, '2024-03-15 09:00:28', '2024-03-15 09:00:28', NULL),
(91095, 'asdsad@mail.ru', 'rfdsdsfdsf', '', 'не указан', '71', 'Двухместный люкс', '-', '33600', '336000', '1600', '0', '[{\"id\": 1600, \"date\": \"-\", \"role\": \"sanatorium\", \"user_id\": 71, \"products\": \"{\\\"id\\\": 3, \\\"date\\\": [\\\"18.04.2024\\\", \\\"27.04.2024\\\"], \\\"berth\\\": \\\"2\\\", \\\"title\\\": \\\"Двухместный люкс\\\", \\\"product\\\": null, \\\"category\\\": \\\"Двухместный люкс\\\", \\\"totalPrice\\\": 7500, \\\"productList\\\": [{\\\"id\\\": 0, \\\"qty\\\": 0, \\\"price\\\": 2900, \\\"product\\\": \\\"Двухместный люкс\\\"}, {\\\"id\\\": 5, \\\"qty\\\": 1, \\\"price\\\": \\\"800\\\", \\\"product\\\": \\\"Ручной массаж всего тела\\\"}, {\\\"id\\\": 6, \\\"qty\\\": 1, \\\"price\\\": \\\"1000\\\", \\\"product\\\": \\\"Подводный душ-массаж\\\"}, {\\\"id\\\": 7, \\\"qty\\\": 1, \\\"price\\\": \\\"2000\\\", \\\"product\\\": \\\"Аквамассаж\\\"}, {\\\"id\\\": 8, \\\"qty\\\": 1, \\\"price\\\": \\\"800\\\", \\\"product\\\": \\\"Электролечение\\\"}]}\", \"created_at\": \"2024-04-02 08:11:46\", \"updated_at\": \"2024-04-02 08:11:46\", \"total_price\": 33600, \"name_product\": \"Двухместный люкс\", \"image_product\": \"https://tourmeddriver.com/public/storage/sanatorium_images/x1zMsgC0hcMhoYLJYeLwsjsMkyit2Med97wJnYQy.jpg\", \"organization_email\": \"san@mail.ru\"}]', NULL, '2024-04-02 05:19:22', '2024-04-02 05:19:22', NULL),
(91096, 'hopd@tut.by', 'Дмитрий', 'Нор', '375297678871', '12', 'Центр укрепления здоровья \"Боли-Нет\"', '04.04.2024', '4100', '666400', '1603', '0', '[{\"id\": 1585, \"date\": \"11 04 2024 11:10\", \"role\": \"cafe\", \"user_id\": 12, \"products\": \"{\\\"date\\\": \\\"11 04 2024 11:10\\\", \\\"people\\\": 1, \\\"product\\\": null, \\\"totalPrice\\\": 3700, \\\"productList\\\": [{\\\"id\\\": 20, \\\"qty\\\": 1, \\\"price\\\": \\\"500\\\", \\\"product\\\": \\\"Стейк из куриного филе\\\"}, {\\\"id\\\": 22, \\\"qty\\\": 1, \\\"price\\\": \\\"600\\\", \\\"product\\\": \\\"Картофель Фри\\\"}, {\\\"id\\\": 33, \\\"qty\\\": 2, \\\"price\\\": 2600, \\\"product\\\": \\\"Гавайская\\\"}]}\", \"created_at\": \"2024-03-14 08:11:13\", \"updated_at\": \"2024-03-14 08:11:13\", \"total_price\": 3700, \"name_product\": \"Кафе «Баку»\", \"image_product\": \"https://tourmeddriver.com/storage/cafe_images_card/Bf620TfVhX7NAblSAGdbFh48myWnPlVF9NTLumoT.jpg\", \"organization_email\": \"cafe@mail.ru\"}, {\"id\": 1586, \"date\": \"-\", \"role\": \"sport\", \"user_id\": 12, \"products\": \"{\\\"id\\\": 1, \\\"date\\\": [\\\"14 03 2024\\\", \\\"20 03 2024\\\"], \\\"berth\\\": \\\"1\\\", \\\"title\\\": \\\"Стандарт\\\", \\\"product\\\": null, \\\"category\\\": \\\"Стандарт\\\", \\\"totalPrice\\\": 1800, \\\"productList\\\": [{\\\"id\\\": 2, \\\"qty\\\": 1, \\\"price\\\": \\\"300\\\", \\\"product\\\": \\\"Ракетка\\\"}, {\\\"id\\\": 3, \\\"qty\\\": 1, \\\"price\\\": \\\"1200\\\", \\\"product\\\": \\\"Бассейн\\\"}]}\", \"created_at\": \"2024-03-14 08:24:44\", \"updated_at\": \"2024-03-14 08:24:44\", \"total_price\": 3300, \"name_product\": \"Спорт-база “Сила”\", \"image_product\": \"https://tourmeddriver.com/storage/sport_images_card/sD7aWmfj97N6NBdW4p1NmcNC3RtJF7WaMa8QG7VX.jpg\", \"organization_email\": \"sport@mail.ru\"}, {\"id\": 1587, \"date\": \"-\", \"role\": \"hostel\", \"user_id\": 12, \"products\": \"{\\\"id\\\": 15, \\\"date\\\": [\\\"14 03 2024\\\", \\\"16 03 2024\\\"], \\\"berth\\\": \\\"2\\\", \\\"price\\\": 15840, \\\"title\\\": \\\"Двухместный стандарт\\\", \\\"category\\\": \\\"Двухместный стандарт\\\"}\", \"created_at\": \"2024-03-14 09:19:23\", \"updated_at\": \"2024-03-14 09:19:23\", \"total_price\": 15840, \"name_product\": \"Golden Kids\", \"image_product\": \"https://tourmeddriver.com/storage/hostel_images_card/pnHqpAVN0TC5bOeps4sRRSUzvg0IJUxRO88QCy2E.jpg\", \"organization_email\": \"admin@mail.ru\"}, {\"id\": 1588, \"date\": \"-\", \"role\": \"hostel\", \"user_id\": 12, \"products\": \"{\\\"id\\\": 31, \\\"date\\\": [\\\"20 03 2024\\\", \\\"24 03 2024\\\"], \\\"berth\\\": \\\"4\\\", \\\"price\\\": 14000, \\\"title\\\": \\\"Люкс на первом этаже\\\", \\\"category\\\": \\\"Люкс на первом этаже\\\"}\", \"created_at\": \"2024-03-14 09:21:08\", \"updated_at\": \"2024-03-14 09:21:08\", \"total_price\": 14000, \"name_product\": \"Гостевой дом \\\"Валентин\\\"\", \"image_product\": \"https://tourmeddriver.com/storage/hostel_images_card/EMrRGQkNmYczDkTcoe2yX8wrAkgeSBHX8Lt3b1Pt.jpg\", \"organization_email\": \"admin@mail.ru\"}, {\"id\": 1590, \"date\": \"-\", \"role\": \"sport\", \"user_id\": 12, \"products\": \"{\\\"id\\\": 1, \\\"date\\\": [\\\"14 03 2024\\\", \\\"17 03 2024\\\"], \\\"berth\\\": \\\"1\\\", \\\"title\\\": \\\"Стандарт\\\", \\\"product\\\": null, \\\"category\\\": \\\"Стандарт\\\", \\\"totalPrice\\\": 22400, \\\"productList\\\": [{\\\"id\\\": 5, \\\"qty\\\": 1, \\\"price\\\": \\\"22000\\\", \\\"product\\\": \\\"Стадион\\\"}, {\\\"id\\\": 6, \\\"qty\\\": 1, \\\"price\\\": \\\"100\\\", \\\"product\\\": \\\"Мяч\\\"}]}\", \"created_at\": \"2024-03-14 09:24:57\", \"updated_at\": \"2024-03-14 09:24:57\", \"total_price\": 23000, \"name_product\": \"Спорт-база “Сила”\", \"image_product\": \"https://tourmeddriver.com/storage/sport_images_card/sD7aWmfj97N6NBdW4p1NmcNC3RtJF7WaMa8QG7VX.jpg\", \"organization_email\": \"sport@mail.ru\"}, {\"id\": 1597, \"date\": \"04.04.2024\", \"role\": \"Мед.центр\", \"user_id\": 12, \"products\": \"{\\\"date\\\": \\\"04.04.2024\\\", \\\"title\\\": \\\"Медицинский центр\\\", \\\"people\\\": 1, \\\"product\\\": null, \\\"totalPrice\\\": 2700, \\\"productList\\\": [{\\\"id\\\": 2, \\\"qty\\\": 1, \\\"price\\\": \\\"1300\\\", \\\"product\\\": \\\"Трихоскопия\\\"}, {\\\"id\\\": 3, \\\"qty\\\": 1, \\\"price\\\": \\\"1400\\\", \\\"product\\\": \\\"Цифровая дерматоскопия\\\"}]}\", \"created_at\": \"2024-03-31 04:20:43\", \"updated_at\": \"2024-03-31 04:20:43\", \"total_price\": 2700, \"name_product\": \"Медицинский центр\", \"image_product\": \"https://tourmeddriver.com/public/storage/medical_images_card/EyiOJRNs6wUPi7sgQoMJVhGrrlJBri6NiemLHDDP.jpg\", \"organization_email\": \"klimashevskijvova@gmail.com\"}, {\"id\": 1603, \"date\": \"04.04.2024\", \"role\": \"Мед.центр\", \"user_id\": 12, \"products\": \"{\\\"date\\\": \\\"04.04.2024\\\", \\\"title\\\": \\\"Центр укрепления здоровья \\\\\\\"Боли-Нет\\\\\\\"\\\", \\\"people\\\": 1, \\\"product\\\": null, \\\"totalPrice\\\": 4100, \\\"productList\\\": [{\\\"id\\\": 230, \\\"qty\\\": 1, \\\"price\\\": \\\"3500\\\", \\\"product\\\": \\\"Сеанс приват доцента Академии натуропатии Глущенко Анатолия Николаевича\\\"}, {\\\"id\\\": 235, \\\"qty\\\": 1, \\\"price\\\": \\\"600\\\", \\\"product\\\": \\\"SPA Ионный детокс\\\"}]}\", \"created_at\": \"2024-04-02 12:09:35\", \"updated_at\": \"2024-04-02 12:09:35\", \"total_price\": 4100, \"name_product\": \"Центр укрепления здоровья \\\"Боли-Нет\\\"\", \"image_product\": \"https://tourmeddriver.com/public/storage/medical_images_card/skSKHCT4Xj3ffhAv4bhS6RZ0btvRBtD9vQEaw5iw.jpg\", \"organization_email\": \"bolinetanapa@yandex.ru\"}]', NULL, '2024-04-02 09:09:52', '2024-04-02 09:09:52', NULL),
(91097, 'hopd@tut.by', 'Дмитрий', 'Нор', '375297678871', '12', 'Центр укрепления здоровья \"Боли-Нет\"', '04.04.2024', '4100', '666400', '1603', '0', '[{\"id\": 1585, \"date\": \"11 04 2024 11:10\", \"role\": \"cafe\", \"user_id\": 12, \"products\": \"{\\\"date\\\": \\\"11 04 2024 11:10\\\", \\\"people\\\": 1, \\\"product\\\": null, \\\"totalPrice\\\": 3700, \\\"productList\\\": [{\\\"id\\\": 20, \\\"qty\\\": 1, \\\"price\\\": \\\"500\\\", \\\"product\\\": \\\"Стейк из куриного филе\\\"}, {\\\"id\\\": 22, \\\"qty\\\": 1, \\\"price\\\": \\\"600\\\", \\\"product\\\": \\\"Картофель Фри\\\"}, {\\\"id\\\": 33, \\\"qty\\\": 2, \\\"price\\\": 2600, \\\"product\\\": \\\"Гавайская\\\"}]}\", \"created_at\": \"2024-03-14 08:11:13\", \"updated_at\": \"2024-03-14 08:11:13\", \"total_price\": 3700, \"name_product\": \"Кафе «Баку»\", \"image_product\": \"https://tourmeddriver.com/storage/cafe_images_card/Bf620TfVhX7NAblSAGdbFh48myWnPlVF9NTLumoT.jpg\", \"organization_email\": \"cafe@mail.ru\"}, {\"id\": 1586, \"date\": \"-\", \"role\": \"sport\", \"user_id\": 12, \"products\": \"{\\\"id\\\": 1, \\\"date\\\": [\\\"14 03 2024\\\", \\\"20 03 2024\\\"], \\\"berth\\\": \\\"1\\\", \\\"title\\\": \\\"Стандарт\\\", \\\"product\\\": null, \\\"category\\\": \\\"Стандарт\\\", \\\"totalPrice\\\": 1800, \\\"productList\\\": [{\\\"id\\\": 2, \\\"qty\\\": 1, \\\"price\\\": \\\"300\\\", \\\"product\\\": \\\"Ракетка\\\"}, {\\\"id\\\": 3, \\\"qty\\\": 1, \\\"price\\\": \\\"1200\\\", \\\"product\\\": \\\"Бассейн\\\"}]}\", \"created_at\": \"2024-03-14 08:24:44\", \"updated_at\": \"2024-03-14 08:24:44\", \"total_price\": 3300, \"name_product\": \"Спорт-база “Сила”\", \"image_product\": \"https://tourmeddriver.com/storage/sport_images_card/sD7aWmfj97N6NBdW4p1NmcNC3RtJF7WaMa8QG7VX.jpg\", \"organization_email\": \"sport@mail.ru\"}, {\"id\": 1587, \"date\": \"-\", \"role\": \"hostel\", \"user_id\": 12, \"products\": \"{\\\"id\\\": 15, \\\"date\\\": [\\\"14 03 2024\\\", \\\"16 03 2024\\\"], \\\"berth\\\": \\\"2\\\", \\\"price\\\": 15840, \\\"title\\\": \\\"Двухместный стандарт\\\", \\\"category\\\": \\\"Двухместный стандарт\\\"}\", \"created_at\": \"2024-03-14 09:19:23\", \"updated_at\": \"2024-03-14 09:19:23\", \"total_price\": 15840, \"name_product\": \"Golden Kids\", \"image_product\": \"https://tourmeddriver.com/storage/hostel_images_card/pnHqpAVN0TC5bOeps4sRRSUzvg0IJUxRO88QCy2E.jpg\", \"organization_email\": \"admin@mail.ru\"}, {\"id\": 1588, \"date\": \"-\", \"role\": \"hostel\", \"user_id\": 12, \"products\": \"{\\\"id\\\": 31, \\\"date\\\": [\\\"20 03 2024\\\", \\\"24 03 2024\\\"], \\\"berth\\\": \\\"4\\\", \\\"price\\\": 14000, \\\"title\\\": \\\"Люкс на первом этаже\\\", \\\"category\\\": \\\"Люкс на первом этаже\\\"}\", \"created_at\": \"2024-03-14 09:21:08\", \"updated_at\": \"2024-03-14 09:21:08\", \"total_price\": 14000, \"name_product\": \"Гостевой дом \\\"Валентин\\\"\", \"image_product\": \"https://tourmeddriver.com/storage/hostel_images_card/EMrRGQkNmYczDkTcoe2yX8wrAkgeSBHX8Lt3b1Pt.jpg\", \"organization_email\": \"admin@mail.ru\"}, {\"id\": 1590, \"date\": \"-\", \"role\": \"sport\", \"user_id\": 12, \"products\": \"{\\\"id\\\": 1, \\\"date\\\": [\\\"14 03 2024\\\", \\\"17 03 2024\\\"], \\\"berth\\\": \\\"1\\\", \\\"title\\\": \\\"Стандарт\\\", \\\"product\\\": null, \\\"category\\\": \\\"Стандарт\\\", \\\"totalPrice\\\": 22400, \\\"productList\\\": [{\\\"id\\\": 5, \\\"qty\\\": 1, \\\"price\\\": \\\"22000\\\", \\\"product\\\": \\\"Стадион\\\"}, {\\\"id\\\": 6, \\\"qty\\\": 1, \\\"price\\\": \\\"100\\\", \\\"product\\\": \\\"Мяч\\\"}]}\", \"created_at\": \"2024-03-14 09:24:57\", \"updated_at\": \"2024-03-14 09:24:57\", \"total_price\": 23000, \"name_product\": \"Спорт-база “Сила”\", \"image_product\": \"https://tourmeddriver.com/storage/sport_images_card/sD7aWmfj97N6NBdW4p1NmcNC3RtJF7WaMa8QG7VX.jpg\", \"organization_email\": \"sport@mail.ru\"}, {\"id\": 1597, \"date\": \"04.04.2024\", \"role\": \"Мед.центр\", \"user_id\": 12, \"products\": \"{\\\"date\\\": \\\"04.04.2024\\\", \\\"title\\\": \\\"Медицинский центр\\\", \\\"people\\\": 1, \\\"product\\\": null, \\\"totalPrice\\\": 2700, \\\"productList\\\": [{\\\"id\\\": 2, \\\"qty\\\": 1, \\\"price\\\": \\\"1300\\\", \\\"product\\\": \\\"Трихоскопия\\\"}, {\\\"id\\\": 3, \\\"qty\\\": 1, \\\"price\\\": \\\"1400\\\", \\\"product\\\": \\\"Цифровая дерматоскопия\\\"}]}\", \"created_at\": \"2024-03-31 04:20:43\", \"updated_at\": \"2024-03-31 04:20:43\", \"total_price\": 2700, \"name_product\": \"Медицинский центр\", \"image_product\": \"https://tourmeddriver.com/public/storage/medical_images_card/EyiOJRNs6wUPi7sgQoMJVhGrrlJBri6NiemLHDDP.jpg\", \"organization_email\": \"klimashevskijvova@gmail.com\"}, {\"id\": 1603, \"date\": \"04.04.2024\", \"role\": \"Мед.центр\", \"user_id\": 12, \"products\": \"{\\\"date\\\": \\\"04.04.2024\\\", \\\"title\\\": \\\"Центр укрепления здоровья \\\\\\\"Боли-Нет\\\\\\\"\\\", \\\"people\\\": 1, \\\"product\\\": null, \\\"totalPrice\\\": 4100, \\\"productList\\\": [{\\\"id\\\": 230, \\\"qty\\\": 1, \\\"price\\\": \\\"3500\\\", \\\"product\\\": \\\"Сеанс приват доцента Академии натуропатии Глущенко Анатолия Николаевича\\\"}, {\\\"id\\\": 235, \\\"qty\\\": 1, \\\"price\\\": \\\"600\\\", \\\"product\\\": \\\"SPA Ионный детокс\\\"}]}\", \"created_at\": \"2024-04-02 12:09:35\", \"updated_at\": \"2024-04-02 12:09:35\", \"total_price\": 4100, \"name_product\": \"Центр укрепления здоровья \\\"Боли-Нет\\\"\", \"image_product\": \"https://tourmeddriver.com/public/storage/medical_images_card/skSKHCT4Xj3ffhAv4bhS6RZ0btvRBtD9vQEaw5iw.jpg\", \"organization_email\": \"bolinetanapa@yandex.ru\"}]', NULL, '2024-04-02 09:11:56', '2024-04-02 09:11:56', NULL),
(91098, 'hopd@tut.by', 'Дмитрий', 'Нор', '375297678871', '12', 'Центр укрепления здоровья \"Боли-Нет\"', '04.04.2024', '4100', '666400', '1603', '1', '[{\"id\": 1585, \"date\": \"11 04 2024 11:10\", \"role\": \"cafe\", \"user_id\": 12, \"products\": \"{\\\"date\\\": \\\"11 04 2024 11:10\\\", \\\"people\\\": 1, \\\"product\\\": null, \\\"totalPrice\\\": 3700, \\\"productList\\\": [{\\\"id\\\": 20, \\\"qty\\\": 1, \\\"price\\\": \\\"500\\\", \\\"product\\\": \\\"Стейк из куриного филе\\\"}, {\\\"id\\\": 22, \\\"qty\\\": 1, \\\"price\\\": \\\"600\\\", \\\"product\\\": \\\"Картофель Фри\\\"}, {\\\"id\\\": 33, \\\"qty\\\": 2, \\\"price\\\": 2600, \\\"product\\\": \\\"Гавайская\\\"}]}\", \"created_at\": \"2024-03-14 08:11:13\", \"updated_at\": \"2024-03-14 08:11:13\", \"total_price\": 3700, \"name_product\": \"Кафе «Баку»\", \"image_product\": \"https://tourmeddriver.com/storage/cafe_images_card/Bf620TfVhX7NAblSAGdbFh48myWnPlVF9NTLumoT.jpg\", \"organization_email\": \"cafe@mail.ru\"}, {\"id\": 1586, \"date\": \"-\", \"role\": \"sport\", \"user_id\": 12, \"products\": \"{\\\"id\\\": 1, \\\"date\\\": [\\\"14 03 2024\\\", \\\"20 03 2024\\\"], \\\"berth\\\": \\\"1\\\", \\\"title\\\": \\\"Стандарт\\\", \\\"product\\\": null, \\\"category\\\": \\\"Стандарт\\\", \\\"totalPrice\\\": 1800, \\\"productList\\\": [{\\\"id\\\": 2, \\\"qty\\\": 1, \\\"price\\\": \\\"300\\\", \\\"product\\\": \\\"Ракетка\\\"}, {\\\"id\\\": 3, \\\"qty\\\": 1, \\\"price\\\": \\\"1200\\\", \\\"product\\\": \\\"Бассейн\\\"}]}\", \"created_at\": \"2024-03-14 08:24:44\", \"updated_at\": \"2024-03-14 08:24:44\", \"total_price\": 3300, \"name_product\": \"Спорт-база “Сила”\", \"image_product\": \"https://tourmeddriver.com/storage/sport_images_card/sD7aWmfj97N6NBdW4p1NmcNC3RtJF7WaMa8QG7VX.jpg\", \"organization_email\": \"sport@mail.ru\"}, {\"id\": 1587, \"date\": \"-\", \"role\": \"hostel\", \"user_id\": 12, \"products\": \"{\\\"id\\\": 15, \\\"date\\\": [\\\"14 03 2024\\\", \\\"16 03 2024\\\"], \\\"berth\\\": \\\"2\\\", \\\"price\\\": 15840, \\\"title\\\": \\\"Двухместный стандарт\\\", \\\"category\\\": \\\"Двухместный стандарт\\\"}\", \"created_at\": \"2024-03-14 09:19:23\", \"updated_at\": \"2024-03-14 09:19:23\", \"total_price\": 15840, \"name_product\": \"Golden Kids\", \"image_product\": \"https://tourmeddriver.com/storage/hostel_images_card/pnHqpAVN0TC5bOeps4sRRSUzvg0IJUxRO88QCy2E.jpg\", \"organization_email\": \"admin@mail.ru\"}, {\"id\": 1588, \"date\": \"-\", \"role\": \"hostel\", \"user_id\": 12, \"products\": \"{\\\"id\\\": 31, \\\"date\\\": [\\\"20 03 2024\\\", \\\"24 03 2024\\\"], \\\"berth\\\": \\\"4\\\", \\\"price\\\": 14000, \\\"title\\\": \\\"Люкс на первом этаже\\\", \\\"category\\\": \\\"Люкс на первом этаже\\\"}\", \"created_at\": \"2024-03-14 09:21:08\", \"updated_at\": \"2024-03-14 09:21:08\", \"total_price\": 14000, \"name_product\": \"Гостевой дом \\\"Валентин\\\"\", \"image_product\": \"https://tourmeddriver.com/storage/hostel_images_card/EMrRGQkNmYczDkTcoe2yX8wrAkgeSBHX8Lt3b1Pt.jpg\", \"organization_email\": \"admin@mail.ru\"}, {\"id\": 1590, \"date\": \"-\", \"role\": \"sport\", \"user_id\": 12, \"products\": \"{\\\"id\\\": 1, \\\"date\\\": [\\\"14 03 2024\\\", \\\"17 03 2024\\\"], \\\"berth\\\": \\\"1\\\", \\\"title\\\": \\\"Стандарт\\\", \\\"product\\\": null, \\\"category\\\": \\\"Стандарт\\\", \\\"totalPrice\\\": 22400, \\\"productList\\\": [{\\\"id\\\": 5, \\\"qty\\\": 1, \\\"price\\\": \\\"22000\\\", \\\"product\\\": \\\"Стадион\\\"}, {\\\"id\\\": 6, \\\"qty\\\": 1, \\\"price\\\": \\\"100\\\", \\\"product\\\": \\\"Мяч\\\"}]}\", \"created_at\": \"2024-03-14 09:24:57\", \"updated_at\": \"2024-03-14 09:24:57\", \"total_price\": 23000, \"name_product\": \"Спорт-база “Сила”\", \"image_product\": \"https://tourmeddriver.com/storage/sport_images_card/sD7aWmfj97N6NBdW4p1NmcNC3RtJF7WaMa8QG7VX.jpg\", \"organization_email\": \"sport@mail.ru\"}, {\"id\": 1597, \"date\": \"04.04.2024\", \"role\": \"Мед.центр\", \"user_id\": 12, \"products\": \"{\\\"date\\\": \\\"04.04.2024\\\", \\\"title\\\": \\\"Медицинский центр\\\", \\\"people\\\": 1, \\\"product\\\": null, \\\"totalPrice\\\": 2700, \\\"productList\\\": [{\\\"id\\\": 2, \\\"qty\\\": 1, \\\"price\\\": \\\"1300\\\", \\\"product\\\": \\\"Трихоскопия\\\"}, {\\\"id\\\": 3, \\\"qty\\\": 1, \\\"price\\\": \\\"1400\\\", \\\"product\\\": \\\"Цифровая дерматоскопия\\\"}]}\", \"created_at\": \"2024-03-31 04:20:43\", \"updated_at\": \"2024-03-31 04:20:43\", \"total_price\": 2700, \"name_product\": \"Медицинский центр\", \"image_product\": \"https://tourmeddriver.com/public/storage/medical_images_card/EyiOJRNs6wUPi7sgQoMJVhGrrlJBri6NiemLHDDP.jpg\", \"organization_email\": \"klimashevskijvova@gmail.com\"}, {\"id\": 1603, \"date\": \"04.04.2024\", \"role\": \"Мед.центр\", \"user_id\": 12, \"products\": \"{\\\"date\\\": \\\"04.04.2024\\\", \\\"title\\\": \\\"Центр укрепления здоровья \\\\\\\"Боли-Нет\\\\\\\"\\\", \\\"people\\\": 1, \\\"product\\\": null, \\\"totalPrice\\\": 4100, \\\"productList\\\": [{\\\"id\\\": 230, \\\"qty\\\": 1, \\\"price\\\": \\\"3500\\\", \\\"product\\\": \\\"Сеанс приват доцента Академии натуропатии Глущенко Анатолия Николаевича\\\"}, {\\\"id\\\": 235, \\\"qty\\\": 1, \\\"price\\\": \\\"600\\\", \\\"product\\\": \\\"SPA Ионный детокс\\\"}]}\", \"created_at\": \"2024-04-02 12:09:35\", \"updated_at\": \"2024-04-02 12:09:35\", \"total_price\": 4100, \"name_product\": \"Центр укрепления здоровья \\\"Боли-Нет\\\"\", \"image_product\": \"https://tourmeddriver.com/public/storage/medical_images_card/skSKHCT4Xj3ffhAv4bhS6RZ0btvRBtD9vQEaw5iw.jpg\", \"organization_email\": \"bolinetanapa@yandex.ru\"}]', 'kHGDFxVA', '2024-04-02 09:13:54', '2024-04-02 09:14:44', 'otpravlen'),
(91099, 'hopd@tut.by', 'Дмитрий', 'Нор', '375297678871', '12', 'Салон красоты', '03.04.2024', '3500', '76000', '1606', '0', '[{\"id\": 1604, \"date\": \"03.04.2024\", \"role\": \"Мед.центр\", \"user_id\": 12, \"products\": \"{\\\"date\\\": \\\"03.04.2024\\\", \\\"title\\\": \\\"Медицинский центр\\\", \\\"people\\\": 1, \\\"product\\\": null, \\\"totalPrice\\\": 1600, \\\"productList\\\": [{\\\"id\\\": 1, \\\"qty\\\": 1, \\\"price\\\": \\\"300\\\", \\\"product\\\": \\\"Консультация дермалогога\\\"}, {\\\"id\\\": 2, \\\"qty\\\": 1, \\\"price\\\": \\\"1300\\\", \\\"product\\\": \\\"Трихоскопия\\\"}]}\", \"created_at\": \"2024-04-02 12:33:31\", \"updated_at\": \"2024-04-02 12:33:31\", \"total_price\": 1600, \"name_product\": \"Медицинский центр\", \"image_product\": \"https://tourmeddriver.com/public/storage/medical_images_card/EyiOJRNs6wUPi7sgQoMJVhGrrlJBri6NiemLHDDP.jpg\", \"organization_email\": \"klimashevskijvova@gmail.com\"}, {\"id\": 1605, \"date\": \"03.04.2024\", \"role\": \"spa\", \"user_id\": 12, \"products\": \"{\\\"date\\\": \\\"03.04.2024\\\", \\\"title\\\": \\\"Салон красоты\\\", \\\"people\\\": 1, \\\"product\\\": null, \\\"totalPrice\\\": 2500, \\\"productList\\\": [{\\\"id\\\": 1, \\\"qty\\\": 1, \\\"price\\\": \\\"1300\\\", \\\"product\\\": \\\"Холистик SPA-уход\\\"}, {\\\"id\\\": 3, \\\"qty\\\": 1, \\\"price\\\": \\\"1200\\\", \\\"product\\\": \\\"Арома SPA-уход\\\"}]}\", \"created_at\": \"2024-04-02 12:33:49\", \"updated_at\": \"2024-04-02 12:33:49\", \"total_price\": 2500, \"name_product\": \"Салон красоты\", \"image_product\": \"https://tourmeddriver.com/public/storage/spa_images_card/7GsR2QNuInI8oMHqp9kiP6Fh5cCwYoNAqNCM7Ao8.jpg\", \"organization_email\": \"vladuk92@mail.ru\"}, {\"id\": 1606, \"date\": \"03.04.2024\", \"role\": \"spa\", \"user_id\": 12, \"products\": \"{\\\"date\\\": \\\"03.04.2024\\\", \\\"title\\\": \\\"Салон красоты\\\", \\\"people\\\": 1, \\\"product\\\": null, \\\"totalPrice\\\": 3500, \\\"productList\\\": [{\\\"id\\\": 1, \\\"qty\\\": 1, \\\"price\\\": \\\"1300\\\", \\\"product\\\": \\\"Холистик SPA-уход\\\"}, {\\\"id\\\": 3, \\\"qty\\\": 1, \\\"price\\\": \\\"1200\\\", \\\"product\\\": \\\"Арома SPA-уход\\\"}, {\\\"id\\\": 16, \\\"qty\\\": 1, \\\"price\\\": \\\"500\\\", \\\"product\\\": \\\"Маникюр классический\\\"}, {\\\"id\\\": 17, \\\"qty\\\": 1, \\\"price\\\": \\\"500\\\", \\\"product\\\": \\\"Маникюр аппаратный\\\"}]}\", \"created_at\": \"2024-04-02 12:34:34\", \"updated_at\": \"2024-04-02 12:34:34\", \"total_price\": 3500, \"name_product\": \"Салон красоты\", \"image_product\": \"https://tourmeddriver.com/public/storage/spa_images_card/7GsR2QNuInI8oMHqp9kiP6Fh5cCwYoNAqNCM7Ao8.jpg\", \"organization_email\": \"vladuk92@mail.ru\"}]', NULL, '2024-04-02 09:49:39', '2024-04-02 09:49:39', NULL),
(91100, 'hopd@tut.by', 'Дмитрий', 'Нор', '375297678871', '12', 'Салон красоты', '03.04.2024', '3500', '76000', '1606', '0', '[{\"id\": 1604, \"date\": \"03.04.2024\", \"role\": \"Мед.центр\", \"user_id\": 12, \"products\": \"{\\\"date\\\": \\\"03.04.2024\\\", \\\"title\\\": \\\"Медицинский центр\\\", \\\"people\\\": 1, \\\"product\\\": null, \\\"totalPrice\\\": 1600, \\\"productList\\\": [{\\\"id\\\": 1, \\\"qty\\\": 1, \\\"price\\\": \\\"300\\\", \\\"product\\\": \\\"Консультация дермалогога\\\"}, {\\\"id\\\": 2, \\\"qty\\\": 1, \\\"price\\\": \\\"1300\\\", \\\"product\\\": \\\"Трихоскопия\\\"}]}\", \"created_at\": \"2024-04-02 12:33:31\", \"updated_at\": \"2024-04-02 12:33:31\", \"total_price\": 1600, \"name_product\": \"Медицинский центр\", \"image_product\": \"https://tourmeddriver.com/public/storage/medical_images_card/EyiOJRNs6wUPi7sgQoMJVhGrrlJBri6NiemLHDDP.jpg\", \"organization_email\": \"klimashevskijvova@gmail.com\"}, {\"id\": 1605, \"date\": \"03.04.2024\", \"role\": \"spa\", \"user_id\": 12, \"products\": \"{\\\"date\\\": \\\"03.04.2024\\\", \\\"title\\\": \\\"Салон красоты\\\", \\\"people\\\": 1, \\\"product\\\": null, \\\"totalPrice\\\": 2500, \\\"productList\\\": [{\\\"id\\\": 1, \\\"qty\\\": 1, \\\"price\\\": \\\"1300\\\", \\\"product\\\": \\\"Холистик SPA-уход\\\"}, {\\\"id\\\": 3, \\\"qty\\\": 1, \\\"price\\\": \\\"1200\\\", \\\"product\\\": \\\"Арома SPA-уход\\\"}]}\", \"created_at\": \"2024-04-02 12:33:49\", \"updated_at\": \"2024-04-02 12:33:49\", \"total_price\": 2500, \"name_product\": \"Салон красоты\", \"image_product\": \"https://tourmeddriver.com/public/storage/spa_images_card/7GsR2QNuInI8oMHqp9kiP6Fh5cCwYoNAqNCM7Ao8.jpg\", \"organization_email\": \"vladuk92@mail.ru\"}, {\"id\": 1606, \"date\": \"03.04.2024\", \"role\": \"spa\", \"user_id\": 12, \"products\": \"{\\\"date\\\": \\\"03.04.2024\\\", \\\"title\\\": \\\"Салон красоты\\\", \\\"people\\\": 1, \\\"product\\\": null, \\\"totalPrice\\\": 3500, \\\"productList\\\": [{\\\"id\\\": 1, \\\"qty\\\": 1, \\\"price\\\": \\\"1300\\\", \\\"product\\\": \\\"Холистик SPA-уход\\\"}, {\\\"id\\\": 3, \\\"qty\\\": 1, \\\"price\\\": \\\"1200\\\", \\\"product\\\": \\\"Арома SPA-уход\\\"}, {\\\"id\\\": 16, \\\"qty\\\": 1, \\\"price\\\": \\\"500\\\", \\\"product\\\": \\\"Маникюр классический\\\"}, {\\\"id\\\": 17, \\\"qty\\\": 1, \\\"price\\\": \\\"500\\\", \\\"product\\\": \\\"Маникюр аппаратный\\\"}]}\", \"created_at\": \"2024-04-02 12:34:34\", \"updated_at\": \"2024-04-02 12:34:34\", \"total_price\": 3500, \"name_product\": \"Салон красоты\", \"image_product\": \"https://tourmeddriver.com/public/storage/spa_images_card/7GsR2QNuInI8oMHqp9kiP6Fh5cCwYoNAqNCM7Ao8.jpg\", \"organization_email\": \"vladuk92@mail.ru\"}]', NULL, '2024-04-02 09:49:53', '2024-04-02 09:49:53', NULL);
INSERT INTO `payments` (`id`, `email`, `name`, `surname`, `phone`, `user_id`, `name_product`, `date_product`, `total_price_product`, `amount`, `orderId`, `status`, `products`, `promocode`, `created_at`, `updated_at`, `email_status`) VALUES
(91101, 'hopd@tut.by', 'Дмитрий', 'Нор', '375297678871', '12', 'Салон красоты', '03.04.2024', '3500', '76000', '1606', '0', '[{\"id\": 1604, \"date\": \"03.04.2024\", \"role\": \"Мед.центр\", \"user_id\": 12, \"products\": \"{\\\"date\\\": \\\"03.04.2024\\\", \\\"title\\\": \\\"Медицинский центр\\\", \\\"people\\\": 1, \\\"product\\\": null, \\\"totalPrice\\\": 1600, \\\"productList\\\": [{\\\"id\\\": 1, \\\"qty\\\": 1, \\\"price\\\": \\\"300\\\", \\\"product\\\": \\\"Консультация дермалогога\\\"}, {\\\"id\\\": 2, \\\"qty\\\": 1, \\\"price\\\": \\\"1300\\\", \\\"product\\\": \\\"Трихоскопия\\\"}]}\", \"created_at\": \"2024-04-02 12:33:31\", \"updated_at\": \"2024-04-02 12:33:31\", \"total_price\": 1600, \"name_product\": \"Медицинский центр\", \"image_product\": \"https://tourmeddriver.com/public/storage/medical_images_card/EyiOJRNs6wUPi7sgQoMJVhGrrlJBri6NiemLHDDP.jpg\", \"organization_email\": \"klimashevskijvova@gmail.com\"}, {\"id\": 1605, \"date\": \"03.04.2024\", \"role\": \"spa\", \"user_id\": 12, \"products\": \"{\\\"date\\\": \\\"03.04.2024\\\", \\\"title\\\": \\\"Салон красоты\\\", \\\"people\\\": 1, \\\"product\\\": null, \\\"totalPrice\\\": 2500, \\\"productList\\\": [{\\\"id\\\": 1, \\\"qty\\\": 1, \\\"price\\\": \\\"1300\\\", \\\"product\\\": \\\"Холистик SPA-уход\\\"}, {\\\"id\\\": 3, \\\"qty\\\": 1, \\\"price\\\": \\\"1200\\\", \\\"product\\\": \\\"Арома SPA-уход\\\"}]}\", \"created_at\": \"2024-04-02 12:33:49\", \"updated_at\": \"2024-04-02 12:33:49\", \"total_price\": 2500, \"name_product\": \"Салон красоты\", \"image_product\": \"https://tourmeddriver.com/public/storage/spa_images_card/7GsR2QNuInI8oMHqp9kiP6Fh5cCwYoNAqNCM7Ao8.jpg\", \"organization_email\": \"vladuk92@mail.ru\"}, {\"id\": 1606, \"date\": \"03.04.2024\", \"role\": \"spa\", \"user_id\": 12, \"products\": \"{\\\"date\\\": \\\"03.04.2024\\\", \\\"title\\\": \\\"Салон красоты\\\", \\\"people\\\": 1, \\\"product\\\": null, \\\"totalPrice\\\": 3500, \\\"productList\\\": [{\\\"id\\\": 1, \\\"qty\\\": 1, \\\"price\\\": \\\"1300\\\", \\\"product\\\": \\\"Холистик SPA-уход\\\"}, {\\\"id\\\": 3, \\\"qty\\\": 1, \\\"price\\\": \\\"1200\\\", \\\"product\\\": \\\"Арома SPA-уход\\\"}, {\\\"id\\\": 16, \\\"qty\\\": 1, \\\"price\\\": \\\"500\\\", \\\"product\\\": \\\"Маникюр классический\\\"}, {\\\"id\\\": 17, \\\"qty\\\": 1, \\\"price\\\": \\\"500\\\", \\\"product\\\": \\\"Маникюр аппаратный\\\"}]}\", \"created_at\": \"2024-04-02 12:34:34\", \"updated_at\": \"2024-04-02 12:34:34\", \"total_price\": 3500, \"name_product\": \"Салон красоты\", \"image_product\": \"https://tourmeddriver.com/public/storage/spa_images_card/7GsR2QNuInI8oMHqp9kiP6Fh5cCwYoNAqNCM7Ao8.jpg\", \"organization_email\": \"vladuk92@mail.ru\"}]', NULL, '2024-04-02 09:51:50', '2024-04-02 09:51:50', NULL),
(91102, 'sdfdsf@mail.ru', 'sdsdf', '', 'не указан', '73', 'Медицинский центр', '24.04.2024', '300', '3000', '1607', '0', '[{\"id\": 1607, \"date\": \"24.04.2024\", \"role\": \"Мед.центр\", \"user_id\": 73, \"products\": \"{\\\"date\\\": \\\"24.04.2024\\\", \\\"title\\\": \\\"Медицинский центр\\\", \\\"people\\\": 2, \\\"product\\\": null, \\\"totalPrice\\\": 300, \\\"productList\\\": [{\\\"id\\\": 1, \\\"qty\\\": 1, \\\"price\\\": \\\"300\\\", \\\"product\\\": \\\"Консультация дермалогога\\\"}]}\", \"created_at\": \"2024-04-02 15:20:52\", \"updated_at\": \"2024-04-02 15:20:52\", \"total_price\": 300, \"name_product\": \"Медицинский центр\", \"image_product\": \"https://tourmeddriver.com/public/storage/medical_images_card/EyiOJRNs6wUPi7sgQoMJVhGrrlJBri6NiemLHDDP.jpg\", \"organization_email\": \"klimashevskijvova@gmail.com\"}]', NULL, '2024-04-02 12:20:56', '2024-04-02 12:20:56', NULL),
(91103, 'lalaal@mail.ru', 'Lala', '', 'не указан', '75', 'Медицинский центр', '19 04 2024 15:24', '1300', '26000', '1619', '0', '[{\"id\": 1618, \"date\": \"19 04 2024 15:24\", \"role\": \"Мед.центр\", \"user_id\": 75, \"products\": \"{\\\"date\\\": \\\"19 04 2024 15:24\\\", \\\"people\\\": 1, \\\"product\\\": null, \\\"totalPrice\\\": 1300, \\\"productList\\\": [{\\\"id\\\": 2, \\\"qty\\\": 1, \\\"price\\\": \\\"1300\\\", \\\"product\\\": \\\"Трихоскопия\\\"}]}\", \"created_at\": \"2024-04-13 12:24:12\", \"updated_at\": \"2024-04-13 12:24:12\", \"total_price\": 1300, \"name_product\": \"Медицинский центр\", \"image_product\": \"https://tourmeddriver.com/storage/medical_images_card/EyiOJRNs6wUPi7sgQoMJVhGrrlJBri6NiemLHDDP.jpg\", \"organization_email\": \"klimashevskijvova@gmail.com\"}, {\"id\": 1619, \"date\": \"19 04 2024 15:24\", \"role\": \"Мед.центр\", \"user_id\": 75, \"products\": \"{\\\"date\\\": \\\"19 04 2024 15:24\\\", \\\"people\\\": 1, \\\"product\\\": null, \\\"totalPrice\\\": 1300, \\\"productList\\\": [{\\\"id\\\": 2, \\\"qty\\\": 1, \\\"price\\\": \\\"1300\\\", \\\"product\\\": \\\"Трихоскопия\\\"}]}\", \"created_at\": \"2024-04-13 12:24:33\", \"updated_at\": \"2024-04-13 12:24:33\", \"total_price\": 1300, \"name_product\": \"Медицинский центр\", \"image_product\": \"https://tourmeddriver.com/storage/medical_images_card/EyiOJRNs6wUPi7sgQoMJVhGrrlJBri6NiemLHDDP.jpg\", \"organization_email\": \"klimashevskijvova@gmail.com\"}]', NULL, '2024-04-13 09:25:13', '2024-04-13 09:25:13', NULL),
(91104, 'lalaal@mail.ru', 'Lala', '', 'не указан', '75', 'Медицинский центр', '19 04 2024 15:24', '1300', '26000', '1619', '0', '[{\"id\": 1618, \"date\": \"19 04 2024 15:24\", \"role\": \"Мед.центр\", \"user_id\": 75, \"products\": \"{\\\"date\\\": \\\"19 04 2024 15:24\\\", \\\"people\\\": 1, \\\"product\\\": null, \\\"totalPrice\\\": 1300, \\\"productList\\\": [{\\\"id\\\": 2, \\\"qty\\\": 1, \\\"price\\\": \\\"1300\\\", \\\"product\\\": \\\"Трихоскопия\\\"}]}\", \"created_at\": \"2024-04-13 12:24:12\", \"updated_at\": \"2024-04-13 12:24:12\", \"total_price\": 1300, \"name_product\": \"Медицинский центр\", \"image_product\": \"https://tourmeddriver.com/storage/medical_images_card/EyiOJRNs6wUPi7sgQoMJVhGrrlJBri6NiemLHDDP.jpg\", \"organization_email\": \"klimashevskijvova@gmail.com\"}, {\"id\": 1619, \"date\": \"19 04 2024 15:24\", \"role\": \"Мед.центр\", \"user_id\": 75, \"products\": \"{\\\"date\\\": \\\"19 04 2024 15:24\\\", \\\"people\\\": 1, \\\"product\\\": null, \\\"totalPrice\\\": 1300, \\\"productList\\\": [{\\\"id\\\": 2, \\\"qty\\\": 1, \\\"price\\\": \\\"1300\\\", \\\"product\\\": \\\"Трихоскопия\\\"}]}\", \"created_at\": \"2024-04-13 12:24:33\", \"updated_at\": \"2024-04-13 12:24:33\", \"total_price\": 1300, \"name_product\": \"Медицинский центр\", \"image_product\": \"https://tourmeddriver.com/storage/medical_images_card/EyiOJRNs6wUPi7sgQoMJVhGrrlJBri6NiemLHDDP.jpg\", \"organization_email\": \"klimashevskijvova@gmail.com\"}]', NULL, '2024-04-13 09:26:36', '2024-04-13 09:26:36', NULL),
(91105, 'hopd@tut.by', 'Дмитрий', 'Нор', '375297678871', '12', 'Клиника \"Семерида\"', '16.04.2024', '29300', '369000', '1620', '0', '[{\"id\": 1604, \"date\": \"03.04.2024\", \"role\": \"Мед.центр\", \"user_id\": 12, \"products\": \"{\\\"date\\\": \\\"03.04.2024\\\", \\\"title\\\": \\\"Медицинский центр\\\", \\\"people\\\": 1, \\\"product\\\": null, \\\"totalPrice\\\": 1600, \\\"productList\\\": [{\\\"id\\\": 1, \\\"qty\\\": 1, \\\"price\\\": \\\"300\\\", \\\"product\\\": \\\"Консультация дермалогога\\\"}, {\\\"id\\\": 2, \\\"qty\\\": 1, \\\"price\\\": \\\"1300\\\", \\\"product\\\": \\\"Трихоскопия\\\"}]}\", \"created_at\": \"2024-04-02 12:33:31\", \"updated_at\": \"2024-04-02 12:33:31\", \"total_price\": 1600, \"name_product\": \"Медицинский центр\", \"image_product\": \"https://tourmeddriver.com/public/storage/medical_images_card/EyiOJRNs6wUPi7sgQoMJVhGrrlJBri6NiemLHDDP.jpg\", \"organization_email\": \"klimashevskijvova@gmail.com\"}, {\"id\": 1605, \"date\": \"03.04.2024\", \"role\": \"spa\", \"user_id\": 12, \"products\": \"{\\\"date\\\": \\\"03.04.2024\\\", \\\"title\\\": \\\"Салон красоты\\\", \\\"people\\\": 1, \\\"product\\\": null, \\\"totalPrice\\\": 2500, \\\"productList\\\": [{\\\"id\\\": 1, \\\"qty\\\": 1, \\\"price\\\": \\\"1300\\\", \\\"product\\\": \\\"Холистик SPA-уход\\\"}, {\\\"id\\\": 3, \\\"qty\\\": 1, \\\"price\\\": \\\"1200\\\", \\\"product\\\": \\\"Арома SPA-уход\\\"}]}\", \"created_at\": \"2024-04-02 12:33:49\", \"updated_at\": \"2024-04-02 12:33:49\", \"total_price\": 2500, \"name_product\": \"Салон красоты\", \"image_product\": \"https://tourmeddriver.com/public/storage/spa_images_card/7GsR2QNuInI8oMHqp9kiP6Fh5cCwYoNAqNCM7Ao8.jpg\", \"organization_email\": \"vladuk92@mail.ru\"}, {\"id\": 1606, \"date\": \"03.04.2024\", \"role\": \"spa\", \"user_id\": 12, \"products\": \"{\\\"date\\\": \\\"03.04.2024\\\", \\\"title\\\": \\\"Салон красоты\\\", \\\"people\\\": 1, \\\"product\\\": null, \\\"totalPrice\\\": 3500, \\\"productList\\\": [{\\\"id\\\": 1, \\\"qty\\\": 1, \\\"price\\\": \\\"1300\\\", \\\"product\\\": \\\"Холистик SPA-уход\\\"}, {\\\"id\\\": 3, \\\"qty\\\": 1, \\\"price\\\": \\\"1200\\\", \\\"product\\\": \\\"Арома SPA-уход\\\"}, {\\\"id\\\": 16, \\\"qty\\\": 1, \\\"price\\\": \\\"500\\\", \\\"product\\\": \\\"Маникюр классический\\\"}, {\\\"id\\\": 17, \\\"qty\\\": 1, \\\"price\\\": \\\"500\\\", \\\"product\\\": \\\"Маникюр аппаратный\\\"}]}\", \"created_at\": \"2024-04-02 12:34:34\", \"updated_at\": \"2024-04-02 12:34:34\", \"total_price\": 3500, \"name_product\": \"Салон красоты\", \"image_product\": \"https://tourmeddriver.com/public/storage/spa_images_card/7GsR2QNuInI8oMHqp9kiP6Fh5cCwYoNAqNCM7Ao8.jpg\", \"organization_email\": \"vladuk92@mail.ru\"}, {\"id\": 1620, \"date\": \"16.04.2024\", \"role\": \"Мед.центр\", \"user_id\": 12, \"products\": \"{\\\"date\\\": \\\"16.04.2024\\\", \\\"title\\\": \\\"Клиника \\\\\\\"Семерида\\\\\\\"\\\", \\\"people\\\": 1, \\\"product\\\": null, \\\"totalPrice\\\": 29300, \\\"productList\\\": [{\\\"id\\\": 21, \\\"qty\\\": 1, \\\"price\\\": \\\"5000\\\", \\\"product\\\": \\\"Прием врача-косметолога первичный (осмотр, консультация)\\\"}, {\\\"id\\\": 22, \\\"qty\\\": 1, \\\"price\\\": \\\"2500\\\", \\\"product\\\": \\\"Прием врача-косметолога повторный (осмотр, консультация)\\\"}, {\\\"id\\\": 27, \\\"qty\\\": 2, \\\"price\\\": \\\"3000\\\", \\\"product\\\": \\\"Гипсовая\\\"}, {\\\"id\\\": 29, \\\"qty\\\": 1, \\\"price\\\": \\\"3000\\\", \\\"product\\\": \\\"Скульптурная\\\"}, {\\\"id\\\": 58, \\\"qty\\\": 1, \\\"price\\\": \\\"6400\\\", \\\"product\\\": \\\"Газожидкостный пилинг\\\"}, {\\\"id\\\": 59, \\\"qty\\\": 1, \\\"price\\\": \\\"6400\\\", \\\"product\\\": \\\"Электропорация\\\"}]}\", \"created_at\": \"2024-04-13 18:24:32\", \"updated_at\": \"2024-04-13 18:24:32\", \"total_price\": 29300, \"name_product\": \"Клиника \\\"Семерида\\\"\", \"image_product\": \"https://tourmeddriver.com/public/storage/medical_images_card/wSkU0SPbTnrEQEWADsx35uiLWdfJvmaJqIYezkUn.jpg\", \"organization_email\": \"admin@mail.ru\"}]', NULL, '2024-04-13 15:24:56', '2024-04-13 15:24:56', NULL),
(91106, 'lalaal@mail.ru', 'Lala', '', 'не указан', '75', 'Медицинский центр', '17.04.2024', '300', '29000', '1621', '0', '[{\"id\": 1618, \"date\": \"19 04 2024 15:24\", \"role\": \"Мед.центр\", \"user_id\": 75, \"products\": \"{\\\"date\\\": \\\"19 04 2024 15:24\\\", \\\"people\\\": 1, \\\"product\\\": null, \\\"totalPrice\\\": 1300, \\\"productList\\\": [{\\\"id\\\": 2, \\\"qty\\\": 1, \\\"price\\\": \\\"1300\\\", \\\"product\\\": \\\"Трихоскопия\\\"}]}\", \"created_at\": \"2024-04-13 12:24:12\", \"updated_at\": \"2024-04-13 12:24:12\", \"total_price\": 1300, \"name_product\": \"Медицинский центр\", \"image_product\": \"https://tourmeddriver.com/storage/medical_images_card/EyiOJRNs6wUPi7sgQoMJVhGrrlJBri6NiemLHDDP.jpg\", \"organization_email\": \"klimashevskijvova@gmail.com\"}, {\"id\": 1619, \"date\": \"19 04 2024 15:24\", \"role\": \"Мед.центр\", \"user_id\": 75, \"products\": \"{\\\"date\\\": \\\"19 04 2024 15:24\\\", \\\"people\\\": 1, \\\"product\\\": null, \\\"totalPrice\\\": 1300, \\\"productList\\\": [{\\\"id\\\": 2, \\\"qty\\\": 1, \\\"price\\\": \\\"1300\\\", \\\"product\\\": \\\"Трихоскопия\\\"}]}\", \"created_at\": \"2024-04-13 12:24:33\", \"updated_at\": \"2024-04-13 12:24:33\", \"total_price\": 1300, \"name_product\": \"Медицинский центр\", \"image_product\": \"https://tourmeddriver.com/storage/medical_images_card/EyiOJRNs6wUPi7sgQoMJVhGrrlJBri6NiemLHDDP.jpg\", \"organization_email\": \"klimashevskijvova@gmail.com\"}, {\"id\": 1621, \"date\": \"17.04.2024\", \"role\": \"Мед.центр\", \"user_id\": 75, \"products\": \"{\\\"date\\\": \\\"17.04.2024\\\", \\\"title\\\": \\\"Медицинский центр\\\", \\\"people\\\": 1, \\\"product\\\": null, \\\"totalPrice\\\": 300, \\\"productList\\\": [{\\\"id\\\": 1, \\\"qty\\\": 1, \\\"price\\\": \\\"300\\\", \\\"product\\\": \\\"Консультация дермалогога\\\"}]}\", \"created_at\": \"2024-04-13 20:16:42\", \"updated_at\": \"2024-04-13 20:16:42\", \"total_price\": 300, \"name_product\": \"Медицинский центр\", \"image_product\": \"https://tourmeddriver.com/public/storage/medical_images_card/EyiOJRNs6wUPi7sgQoMJVhGrrlJBri6NiemLHDDP.jpg\", \"organization_email\": \"klimashevskijvova@gmail.com\"}]', NULL, '2024-04-13 17:16:45', '2024-04-13 17:16:45', NULL),
(91107, 'vladuk92@mail.ru', 'vova', 'klim1sadasd', '+375173478834', '16', 'Спорт-база “Сила”', '-', '300', '3000', '1622', '0', '[{\"id\": 1622, \"date\": \"-\", \"role\": \"sport\", \"user_id\": 16, \"products\": \"{\\\"id\\\": 1, \\\"date\\\": [\\\"16 04 2024\\\", \\\"17 04 2024\\\"], \\\"berth\\\": \\\"1\\\", \\\"title\\\": \\\"Стандарт\\\", \\\"product\\\": null, \\\"allPrice\\\": 300, \\\"category\\\": \\\"Стандарт\\\", \\\"totalPrice\\\": 300, \\\"productList\\\": null}\", \"created_at\": \"2024-04-15 17:40:21\", \"updated_at\": \"2024-04-15 17:40:21\", \"total_price\": 300, \"name_product\": \"Спорт-база “Сила”\", \"image_product\": \"https://tourmeddriver.com/storage/sport_images_card/sD7aWmfj97N6NBdW4p1NmcNC3RtJF7WaMa8QG7VX.jpg\", \"organization_email\": \"sport@mail.ru\"}]', NULL, '2024-04-15 14:40:47', '2024-04-15 14:40:47', NULL),
(91108, 'lalaal@mail.ru', 'Lala', '', 'не указан', '75', 'Медицинский центр', '25.04.2024', '300', '3000', '1633', '0', '[{\"id\": 1633, \"date\": \"25.04.2024\", \"role\": \"Мед.центр\", \"user_id\": 75, \"products\": \"{\\\"date\\\": \\\"25.04.2024\\\", \\\"title\\\": \\\"Медицинский центр\\\", \\\"people\\\": 1, \\\"product\\\": null, \\\"totalPrice\\\": 300, \\\"productList\\\": [{\\\"id\\\": 1, \\\"qty\\\": 1, \\\"price\\\": \\\"300\\\", \\\"product\\\": \\\"Консультация дермалогога\\\"}]}\", \"created_at\": \"2024-04-17 06:01:11\", \"updated_at\": \"2024-04-17 06:01:11\", \"total_price\": 300, \"name_product\": \"Медицинский центр\", \"image_product\": \"https://tourmeddriver.com/public/storage/medical_images_card/EyiOJRNs6wUPi7sgQoMJVhGrrlJBri6NiemLHDDP.jpg\", \"organization_email\": \"klimashevskijvova@gmail.com\"}]', NULL, '2024-04-17 03:01:15', '2024-04-17 03:01:15', NULL),
(91109, 'lalaal@mail.ru', 'Lala', '', 'не указан', '75', 'Медицинский центр', '25.04.2024', '300', '3000', '1633', '1', '[{\"id\": 1633, \"date\": \"25.04.2024\", \"role\": \"Мед.центр\", \"user_id\": 75, \"products\": \"{\\\"date\\\": \\\"25.04.2024\\\", \\\"title\\\": \\\"Медицинский центр\\\", \\\"people\\\": 1, \\\"product\\\": null, \\\"totalPrice\\\": 300, \\\"productList\\\": [{\\\"id\\\": 1, \\\"qty\\\": 1, \\\"price\\\": \\\"300\\\", \\\"product\\\": \\\"Консультация дермалогога\\\"}]}\", \"created_at\": \"2024-04-17 06:01:11\", \"updated_at\": \"2024-04-17 06:01:11\", \"total_price\": 300, \"name_product\": \"Медицинский центр\", \"image_product\": \"https://tourmeddriver.com/public/storage/medical_images_card/EyiOJRNs6wUPi7sgQoMJVhGrrlJBri6NiemLHDDP.jpg\", \"organization_email\": \"klimashevskijvova@gmail.com\"}]', 'k7dJ0NZ2', '2024-04-17 03:08:52', '2024-04-17 03:09:14', NULL),
(91110, 'hopd@tut.by', 'Дмитрий', 'Нор', '375297678871', '12', 'Медицинский центр', '19.04.2024', '3000', '30000', '1634', '1', '[{\"id\": 1634, \"date\": \"19.04.2024\", \"role\": \"Мед.центр\", \"user_id\": 12, \"products\": \"{\\\"date\\\": \\\"19.04.2024\\\", \\\"title\\\": \\\"Медицинский центр\\\", \\\"people\\\": 1, \\\"product\\\": null, \\\"totalPrice\\\": 3000, \\\"productList\\\": [{\\\"id\\\": 1, \\\"qty\\\": 1, \\\"price\\\": \\\"300\\\", \\\"product\\\": \\\"Консультация дермалогога\\\"}, {\\\"id\\\": 2, \\\"qty\\\": 1, \\\"price\\\": \\\"1300\\\", \\\"product\\\": \\\"Трихоскопия\\\"}, {\\\"id\\\": 3, \\\"qty\\\": 1, \\\"price\\\": \\\"1400\\\", \\\"product\\\": \\\"Цифровая дерматоскопия\\\"}]}\", \"created_at\": \"2024-04-17 06:27:51\", \"updated_at\": \"2024-04-17 06:27:51\", \"total_price\": 3000, \"name_product\": \"Медицинский центр\", \"image_product\": \"https://tourmeddriver.com/public/storage/medical_images_card/EyiOJRNs6wUPi7sgQoMJVhGrrlJBri6NiemLHDDP.jpg\", \"organization_email\": \"klimashevskijvova@gmail.com\"}]', 'iOw91Kjk', '2024-04-17 03:28:24', '2024-04-17 03:29:06', NULL),
(91111, 'hopd@tut.by', 'Дмитрий', 'Нор', '375297678871', '12', 'Кафе «Баку»', '19.04.2024', '800', '134300', '1637', '1', '[{\"id\": 1635, \"date\": \"18.04.2024\", \"role\": \"Мед.центр\", \"user_id\": 12, \"products\": \"{\\\"date\\\": \\\"18.04.2024\\\", \\\"title\\\": \\\"Клиника \\\\\\\"Семерида\\\\\\\"\\\", \\\"people\\\": 1, \\\"product\\\": null, \\\"totalPrice\\\": 7500, \\\"productList\\\": [{\\\"id\\\": 21, \\\"qty\\\": 1, \\\"price\\\": \\\"5000\\\", \\\"product\\\": \\\"Прием врача-косметолога первичный (осмотр, консультация)\\\"}, {\\\"id\\\": 22, \\\"qty\\\": 1, \\\"price\\\": \\\"2500\\\", \\\"product\\\": \\\"Прием врача-косметолога повторный (осмотр, консультация)\\\"}]}\", \"created_at\": \"2024-04-17 08:03:10\", \"updated_at\": \"2024-04-17 08:03:10\", \"total_price\": 7500, \"name_product\": \"Клиника \\\"Семерида\\\"\", \"image_product\": \"https://tourmeddriver.com/public/storage/medical_images_card/wSkU0SPbTnrEQEWADsx35uiLWdfJvmaJqIYezkUn.jpg\", \"organization_email\": \"admin@mail.ru\"}, {\"id\": 1636, \"date\": \"-\", \"role\": \"hostel\", \"user_id\": 12, \"products\": \"{\\\"id\\\": 10, \\\"date\\\": [\\\"18.04.2024\\\", \\\"20.04.2024\\\"], \\\"berth\\\": \\\"2\\\", \\\"price\\\": 1710, \\\"title\\\": \\\"2-х местный улучшенный в первом корпусе\\\", \\\"category\\\": \\\"2-х местный улучшенный в первом корпусе\\\"}\", \"created_at\": \"2024-04-17 08:03:45\", \"updated_at\": \"2024-04-17 08:03:45\", \"total_price\": 5130, \"name_product\": \"2-х местный улучшенный в первом корпусе\", \"image_product\": \"https://tourmeddriver.com/public/storage/hostel_images/JEextNiWfwMCTFqBr74mTWFvHI0k5Vb1bmuVzsfi.jpg\", \"organization_email\": \"rakushka023@yandex.ru\"}, {\"id\": 1637, \"date\": \"19.04.2024\", \"role\": \"cafe\", \"user_id\": 12, \"products\": \"{\\\"date\\\": \\\"19.04.2024\\\", \\\"title\\\": \\\"Кафе «Баку»\\\", \\\"people\\\": 1, \\\"product\\\": null, \\\"totalPrice\\\": 800, \\\"productList\\\": [{\\\"id\\\": 18, \\\"qty\\\": 1, \\\"price\\\": \\\"300\\\", \\\"product\\\": \\\"Стейк из семги\\\"}, {\\\"id\\\": 20, \\\"qty\\\": 1, \\\"price\\\": \\\"500\\\", \\\"product\\\": \\\"Стейк из куриного филе\\\"}]}\", \"created_at\": \"2024-04-17 08:04:16\", \"updated_at\": \"2024-04-17 08:04:16\", \"total_price\": 800, \"name_product\": \"Кафе «Баку»\", \"image_product\": \"https://tourmeddriver.com/public/storage/cafe_images_card/Bf620TfVhX7NAblSAGdbFh48myWnPlVF9NTLumoT.jpg\", \"organization_email\": \"cafe@mail.ru\"}]', '6Rvnz1Y3', '2024-04-17 05:04:44', '2024-04-17 05:06:16', 'otpravlen'),
(91112, 'user@mail.ru', 'Bombaa', 'lalala12', '+375889658745', '13', 'Спорт-база “Сила”', '-', '4700', '341000', '1646', '0', '[{\"id\": 1638, \"date\": \"30 04 2024 11:17\", \"role\": \"cafe\", \"user_id\": 13, \"products\": \"{\\\"date\\\": \\\"30 04 2024 11:17\\\", \\\"people\\\": \\\"2\\\", \\\"product\\\": null, \\\"totalPrice\\\": 4200, \\\"productList\\\": [{\\\"id\\\": 18, \\\"qty\\\": 1, \\\"price\\\": \\\"300\\\", \\\"product\\\": \\\"Стейк из семги\\\"}, {\\\"id\\\": 19, \\\"qty\\\": 1, \\\"price\\\": \\\"1300\\\", \\\"product\\\": \\\"Стейк «Ковбой»\\\"}, {\\\"id\\\": 20, \\\"qty\\\": 1, \\\"price\\\": \\\"500\\\", \\\"product\\\": \\\"Стейк из куриного филе\\\"}]}\", \"created_at\": \"2024-04-29 03:19:02\", \"updated_at\": \"2024-04-29 03:19:02\", \"total_price\": 4200, \"name_product\": \"Кафе «Баку»\", \"image_product\": \"https://tourmeddriver.com/storage/cafe_images_card/Bf620TfVhX7NAblSAGdbFh48myWnPlVF9NTLumoT.jpg\", \"organization_email\": \"cafe@mail.ru\"}, {\"id\": 1639, \"date\": \"30 04 2024 11:20\", \"role\": \"cafe\", \"user_id\": 13, \"products\": \"{\\\"date\\\": \\\"30 04 2024 11:20\\\", \\\"people\\\": 1, \\\"product\\\": null, \\\"totalPrice\\\": 3100, \\\"productList\\\": [{\\\"id\\\": 32, \\\"qty\\\": 1, \\\"price\\\": 500, \\\"product\\\": \\\"Маргарита\\\"}, {\\\"id\\\": 33, \\\"qty\\\": 1, \\\"price\\\": 1300, \\\"product\\\": \\\"Гавайская\\\"}, {\\\"id\\\": 31, \\\"qty\\\": 1, \\\"price\\\": \\\"1300\\\", \\\"product\\\": \\\"Овощной суп\\\"}]}\", \"created_at\": \"2024-04-29 03:20:23\", \"updated_at\": \"2024-04-29 03:20:23\", \"total_price\": 3100, \"name_product\": \"Кафе «Баку»\", \"image_product\": \"https://tourmeddriver.com/storage/cafe_images_card/Bf620TfVhX7NAblSAGdbFh48myWnPlVF9NTLumoT.jpg\", \"organization_email\": \"cafe@mail.ru\"}, {\"id\": 1640, \"date\": \"30 04 2024 11:20\", \"role\": \"cafe\", \"user_id\": 13, \"products\": \"{\\\"date\\\": \\\"30 04 2024 11:20\\\", \\\"people\\\": 1, \\\"product\\\": null, \\\"totalPrice\\\": 1300, \\\"productList\\\": [{\\\"id\\\": 32, \\\"qty\\\": 0, \\\"price\\\": 0, \\\"product\\\": \\\"Маргарита\\\"}, {\\\"id\\\": 33, \\\"qty\\\": 0, \\\"price\\\": 0, \\\"product\\\": \\\"Гавайская\\\"}, {\\\"id\\\": 31, \\\"qty\\\": 1, \\\"price\\\": \\\"1300\\\", \\\"product\\\": \\\"Овощной суп\\\"}]}\", \"created_at\": \"2024-04-29 03:20:32\", \"updated_at\": \"2024-04-29 03:20:32\", \"total_price\": 1300, \"name_product\": \"Кафе «Баку»\", \"image_product\": \"https://tourmeddriver.com/storage/cafe_images_card/Bf620TfVhX7NAblSAGdbFh48myWnPlVF9NTLumoT.jpg\", \"organization_email\": \"cafe@mail.ru\"}, {\"id\": 1641, \"date\": \"30 04 2024 11:20\", \"role\": \"cafe\", \"user_id\": 13, \"products\": \"{\\\"date\\\": \\\"30 04 2024 11:20\\\", \\\"people\\\": 1, \\\"product\\\": null, \\\"totalPrice\\\": 1300, \\\"productList\\\": [{\\\"id\\\": 32, \\\"qty\\\": 0, \\\"price\\\": 0, \\\"product\\\": \\\"Маргарита\\\"}, {\\\"id\\\": 33, \\\"qty\\\": 0, \\\"price\\\": 0, \\\"product\\\": \\\"Гавайская\\\"}, {\\\"id\\\": 31, \\\"qty\\\": 1, \\\"price\\\": \\\"1300\\\", \\\"product\\\": \\\"Овощной суп\\\"}]}\", \"created_at\": \"2024-04-29 03:20:34\", \"updated_at\": \"2024-04-29 03:20:34\", \"total_price\": 1300, \"name_product\": \"Кафе «Баку»\", \"image_product\": \"https://tourmeddriver.com/storage/cafe_images_card/Bf620TfVhX7NAblSAGdbFh48myWnPlVF9NTLumoT.jpg\", \"organization_email\": \"cafe@mail.ru\"}, {\"id\": 1642, \"date\": \"30 04 2024 11:22\", \"role\": \"cafe\", \"user_id\": 13, \"products\": \"{\\\"date\\\": \\\"30 04 2024 11:22\\\", \\\"people\\\": 1, \\\"product\\\": null, \\\"totalPrice\\\": 5100, \\\"productList\\\": [{\\\"id\\\": 18, \\\"qty\\\": 17, \\\"price\\\": 5100, \\\"product\\\": \\\"Стейк из семги\\\"}]}\", \"created_at\": \"2024-04-29 03:23:04\", \"updated_at\": \"2024-04-29 03:23:04\", \"total_price\": 5100, \"name_product\": \"Кафе «Баку»\", \"image_product\": \"https://tourmeddriver.com/storage/cafe_images_card/Bf620TfVhX7NAblSAGdbFh48myWnPlVF9NTLumoT.jpg\", \"organization_email\": \"cafe@mail.ru\"}, {\"id\": 1643, \"date\": \"30 04 2024 11:22\", \"role\": \"cafe\", \"user_id\": 13, \"products\": \"{\\\"date\\\": \\\"30 04 2024 11:22\\\", \\\"people\\\": 1, \\\"product\\\": null, \\\"totalPrice\\\": 4800, \\\"productList\\\": [{\\\"id\\\": 18, \\\"qty\\\": 16, \\\"price\\\": 4800, \\\"product\\\": \\\"Стейк из семги\\\"}]}\", \"created_at\": \"2024-04-29 03:23:08\", \"updated_at\": \"2024-04-29 03:23:08\", \"total_price\": 4800, \"name_product\": \"Кафе «Баку»\", \"image_product\": \"https://tourmeddriver.com/storage/cafe_images_card/Bf620TfVhX7NAblSAGdbFh48myWnPlVF9NTLumoT.jpg\", \"organization_email\": \"cafe@mail.ru\"}, {\"id\": 1644, \"date\": \"30 04 2024 11:22\", \"role\": \"cafe\", \"user_id\": 13, \"products\": \"{\\\"date\\\": \\\"30 04 2024 11:22\\\", \\\"people\\\": 1, \\\"product\\\": null, \\\"totalPrice\\\": 4800, \\\"productList\\\": [{\\\"id\\\": 18, \\\"qty\\\": 16, \\\"price\\\": 4800, \\\"product\\\": \\\"Стейк из семги\\\"}]}\", \"created_at\": \"2024-04-29 03:23:10\", \"updated_at\": \"2024-04-29 03:23:10\", \"total_price\": 4800, \"name_product\": \"Кафе «Баку»\", \"image_product\": \"https://tourmeddriver.com/storage/cafe_images_card/Bf620TfVhX7NAblSAGdbFh48myWnPlVF9NTLumoT.jpg\", \"organization_email\": \"cafe@mail.ru\"}, {\"id\": 1645, \"date\": \"30 04 2024 11:22\", \"role\": \"cafe\", \"user_id\": 13, \"products\": \"{\\\"date\\\": \\\"30 04 2024 11:22\\\", \\\"people\\\": 1, \\\"product\\\": null, \\\"totalPrice\\\": 4800, \\\"productList\\\": [{\\\"id\\\": 18, \\\"qty\\\": 16, \\\"price\\\": 4800, \\\"product\\\": \\\"Стейк из семги\\\"}]}\", \"created_at\": \"2024-04-29 03:23:10\", \"updated_at\": \"2024-04-29 03:23:10\", \"total_price\": 4800, \"name_product\": \"Кафе «Баку»\", \"image_product\": \"https://tourmeddriver.com/storage/cafe_images_card/Bf620TfVhX7NAblSAGdbFh48myWnPlVF9NTLumoT.jpg\", \"organization_email\": \"cafe@mail.ru\"}, {\"id\": 1646, \"date\": \"-\", \"role\": \"sport\", \"user_id\": 13, \"products\": \"{\\\"id\\\": 1, \\\"date\\\": [\\\"01 05 2024\\\", \\\"02 05 2024\\\"], \\\"berth\\\": \\\"1\\\", \\\"title\\\": \\\"Стандарт\\\", \\\"product\\\": null, \\\"allPrice\\\": 300, \\\"category\\\": \\\"Стандарт\\\", \\\"totalPrice\\\": 4700, \\\"productList\\\": [{\\\"id\\\": 1, \\\"qty\\\": 1, \\\"price\\\": \\\"4100\\\", \\\"product\\\": \\\"Теннисный корт\\\"}, {\\\"id\\\": 2, \\\"qty\\\": 1, \\\"price\\\": \\\"300\\\", \\\"product\\\": \\\"Ракетка\\\"}]}\", \"created_at\": \"2024-04-29 03:26:43\", \"updated_at\": \"2024-04-29 03:26:43\", \"total_price\": 4700, \"name_product\": \"Спорт-база “Сила”\", \"image_product\": \"https://tourmeddriver.com/storage/sport_images_card/sD7aWmfj97N6NBdW4p1NmcNC3RtJF7WaMa8QG7VX.jpg\", \"organization_email\": \"sport@mail.ru\"}]', NULL, '2024-04-29 00:38:25', '2024-04-29 00:38:25', NULL),
(91113, 'hopd@tut.by', 'Дмитрий', 'Нор', '375297678871', '12', 'Стандарт', '-', '30640', '406400', '1664', '1', '[{\"id\": 1656, \"date\": \"30 04 2024 10:35\", \"role\": \"cafe\", \"user_id\": 12, \"products\": \"{\\\"date\\\": \\\"30 04 2024 10:35\\\", \\\"people\\\": 1, \\\"product\\\": null, \\\"totalPrice\\\": 3000, \\\"productList\\\": [{\\\"id\\\": 18, \\\"qty\\\": 10, \\\"price\\\": 3000, \\\"product\\\": \\\"Стейк из семги\\\"}]}\", \"created_at\": \"2024-04-29 07:38:20\", \"updated_at\": \"2024-04-29 07:38:20\", \"total_price\": 3000, \"name_product\": \"Кафе «Баку»\", \"image_product\": \"https://tourmeddriver.com/storage/cafe_images_card/Bf620TfVhX7NAblSAGdbFh48myWnPlVF9NTLumoT.jpg\", \"organization_email\": \"cafe@mail.ru\"}, {\"id\": 1657, \"date\": \"30 04 2024 10:35\", \"role\": \"cafe\", \"user_id\": 12, \"products\": \"{\\\"date\\\": \\\"30 04 2024 10:35\\\", \\\"people\\\": 1, \\\"product\\\": null, \\\"totalPrice\\\": 1500, \\\"productList\\\": [{\\\"id\\\": 18, \\\"qty\\\": 5, \\\"price\\\": 1500, \\\"product\\\": \\\"Стейк из семги\\\"}]}\", \"created_at\": \"2024-04-29 07:38:43\", \"updated_at\": \"2024-04-29 07:38:43\", \"total_price\": 1500, \"name_product\": \"Кафе «Баку»\", \"image_product\": \"https://tourmeddriver.com/storage/cafe_images_card/Bf620TfVhX7NAblSAGdbFh48myWnPlVF9NTLumoT.jpg\", \"organization_email\": \"cafe@mail.ru\"}, {\"id\": 1658, \"date\": \"30 04 2024 12:40\", \"role\": \"cafe\", \"user_id\": 12, \"products\": \"{\\\"date\\\": \\\"30 04 2024 12:40\\\", \\\"people\\\": 1, \\\"product\\\": null, \\\"totalPrice\\\": 2500, \\\"productList\\\": [{\\\"id\\\": 18, \\\"qty\\\": 5, \\\"price\\\": 1500, \\\"product\\\": \\\"Стейк из семги\\\"}, {\\\"id\\\": 27, \\\"qty\\\": 2, \\\"price\\\": 1000, \\\"product\\\": \\\"Аджика\\\"}]}\", \"created_at\": \"2024-04-29 07:44:00\", \"updated_at\": \"2024-04-29 07:44:00\", \"total_price\": 2500, \"name_product\": \"Кафе «Баку»\", \"image_product\": \"https://tourmeddriver.com/storage/cafe_images_card/Bf620TfVhX7NAblSAGdbFh48myWnPlVF9NTLumoT.jpg\", \"organization_email\": \"cafe@mail.ru\"}, {\"id\": 1659, \"date\": \"30 04 2024 12:40\", \"role\": \"cafe\", \"user_id\": 12, \"products\": \"{\\\"date\\\": \\\"30 04 2024 12:40\\\", \\\"people\\\": 1, \\\"product\\\": null, \\\"totalPrice\\\": 1500, \\\"productList\\\": [{\\\"id\\\": 18, \\\"qty\\\": 5, \\\"price\\\": 1500, \\\"product\\\": \\\"Стейк из семги\\\"}, {\\\"id\\\": 27, \\\"qty\\\": 0, \\\"price\\\": 0, \\\"product\\\": \\\"Аджика\\\"}]}\", \"created_at\": \"2024-04-29 07:44:09\", \"updated_at\": \"2024-04-29 07:44:09\", \"total_price\": 1500, \"name_product\": \"Кафе «Баку»\", \"image_product\": \"https://tourmeddriver.com/storage/cafe_images_card/Bf620TfVhX7NAblSAGdbFh48myWnPlVF9NTLumoT.jpg\", \"organization_email\": \"cafe@mail.ru\"}, {\"id\": 1660, \"date\": \"30 04 2024 12:40\", \"role\": \"cafe\", \"user_id\": 12, \"products\": \"{\\\"date\\\": \\\"30 04 2024 12:40\\\", \\\"people\\\": 1, \\\"product\\\": null, \\\"totalPrice\\\": 1500, \\\"productList\\\": [{\\\"id\\\": 18, \\\"qty\\\": 5, \\\"price\\\": 1500, \\\"product\\\": \\\"Стейк из семги\\\"}, {\\\"id\\\": 27, \\\"qty\\\": 0, \\\"price\\\": 0, \\\"product\\\": \\\"Аджика\\\"}]}\", \"created_at\": \"2024-04-29 07:44:12\", \"updated_at\": \"2024-04-29 07:44:12\", \"total_price\": 1500, \"name_product\": \"Кафе «Баку»\", \"image_product\": \"https://tourmeddriver.com/storage/cafe_images_card/Bf620TfVhX7NAblSAGdbFh48myWnPlVF9NTLumoT.jpg\", \"organization_email\": \"cafe@mail.ru\"}, {\"id\": 1664, \"date\": \"-\", \"role\": \"sport\", \"user_id\": 12, \"products\": \"{\\\"id\\\": 1, \\\"date\\\": [\\\"31.05.2024\\\", \\\"08.06.2024\\\"], \\\"berth\\\": \\\"1\\\", \\\"title\\\": \\\"Стандарт\\\", \\\"product\\\": null, \\\"category\\\": \\\"Стандарт\\\", \\\"totalPrice\\\": 28240, \\\"productList\\\": [{\\\"id\\\": 0, \\\"qty\\\": 0, \\\"price\\\": 300, \\\"product\\\": \\\"Стандарт\\\"}, {\\\"id\\\": 1, \\\"qty\\\": 1, \\\"price\\\": \\\"4100\\\", \\\"product\\\": \\\"Теннисный корт\\\"}, {\\\"id\\\": 2, \\\"qty\\\": 1, \\\"price\\\": \\\"300\\\", \\\"product\\\": \\\"Ракетка\\\"}, {\\\"id\\\": 3, \\\"qty\\\": 1, \\\"price\\\": \\\"1200\\\", \\\"product\\\": \\\"Бассейн\\\"}, {\\\"id\\\": 4, \\\"qty\\\": 2, \\\"price\\\": \\\"120\\\", \\\"product\\\": \\\"Очки для плавания\\\"}, {\\\"id\\\": 5, \\\"qty\\\": 1, \\\"price\\\": \\\"22000\\\", \\\"product\\\": \\\"Стадион\\\"}, {\\\"id\\\": 6, \\\"qty\\\": 1, \\\"price\\\": \\\"100\\\", \\\"product\\\": \\\"Мяч\\\"}]}\", \"created_at\": \"2024-05-03 18:13:50\", \"updated_at\": \"2024-05-03 18:13:50\", \"total_price\": 30640, \"name_product\": \"Стандарт\", \"image_product\": \"https://tourmeddriver.com/public/storage/sport_images/krckFgSutwy82ZtbEPdqnkAraSRizMI6t1brNGtn.jpg\", \"organization_email\": \"sport@mail.ru\"}]', '3AGkZrnd', '2024-05-03 15:14:30', '2024-05-08 16:19:32', 'otpravlen'),
(91114, 'hopd@tut.by', 'Дмитрий', 'Нор', '375297678871', '12', 'Медицинский центр', '09.05.2024', '2100', '51000', '1668', '1', '[{\"id\": 1667, \"date\": \"09.05.2024\", \"role\": \"Мед.центр\", \"user_id\": 12, \"products\": \"{\\\"date\\\": \\\"09.05.2024\\\", \\\"title\\\": \\\"Медицинский центр\\\", \\\"people\\\": 1, \\\"product\\\": null, \\\"totalPrice\\\": 3000, \\\"productList\\\": [{\\\"id\\\": 1, \\\"qty\\\": 1, \\\"price\\\": \\\"300\\\", \\\"product\\\": \\\"Консультация дермалогога\\\"}, {\\\"id\\\": 2, \\\"qty\\\": 1, \\\"price\\\": \\\"1300\\\", \\\"product\\\": \\\"Трихоскопия\\\"}, {\\\"id\\\": 3, \\\"qty\\\": 1, \\\"price\\\": \\\"1400\\\", \\\"product\\\": \\\"Цифровая дерматоскопия\\\"}]}\", \"created_at\": \"2024-05-08 19:34:30\", \"updated_at\": \"2024-05-08 19:34:30\", \"total_price\": 3000, \"name_product\": \"Медицинский центр\", \"image_product\": \"https://tourmeddriver.com/public/storage/medical_images_card/EyiOJRNs6wUPi7sgQoMJVhGrrlJBri6NiemLHDDP.jpg\", \"organization_email\": \"klimashevskijvova@gmail.com\"}, {\"id\": 1668, \"date\": \"09.05.2024\", \"role\": \"Мед.центр\", \"user_id\": 12, \"products\": \"{\\\"date\\\": \\\"09.05.2024\\\", \\\"title\\\": \\\"Медицинский центр\\\", \\\"people\\\": 1, \\\"product\\\": null, \\\"totalPrice\\\": 2100, \\\"productList\\\": [{\\\"id\\\": 1, \\\"qty\\\": 1, \\\"price\\\": \\\"300\\\", \\\"product\\\": \\\"Консультация дермалогога\\\"}, {\\\"id\\\": 16, \\\"qty\\\": 1, \\\"price\\\": \\\"1300\\\", \\\"product\\\": \\\"Первичный прием врача уролога\\\"}, {\\\"id\\\": 17, \\\"qty\\\": 1, \\\"price\\\": \\\"500\\\", \\\"product\\\": \\\"Ректальный осмотр простаты\\\"}]}\", \"created_at\": \"2024-05-08 19:35:13\", \"updated_at\": \"2024-05-08 19:35:13\", \"total_price\": 2100, \"name_product\": \"Медицинский центр\", \"image_product\": \"https://tourmeddriver.com/public/storage/medical_images_card/EyiOJRNs6wUPi7sgQoMJVhGrrlJBri6NiemLHDDP.jpg\", \"organization_email\": \"klimashevskijvova@gmail.com\"}]', 'eICx69PT', '2024-05-08 16:36:21', '2024-05-10 08:52:47', 'otpravlen'),
(91115, 'lalaal@mail.ru', 'Lala', '', 'не указан', '75', 'Экскурсионный тур по Дагестану', '11.05.2024', '50000', '500000', '1669', '0', '[{\"id\": 1669, \"date\": \"11.05.2024\", \"role\": \"tur\", \"user_id\": 75, \"products\": \"{\\\"id\\\": 1, \\\"date\\\": \\\"11.05.2024  - 11.05.2024\\\", \\\"berth\\\": 1, \\\"price\\\": 50000, \\\"title\\\": \\\"Экскурсионный тур по Дагестану\\\", \\\"category\\\": \\\"Отель 3 звезды\\\"}\", \"created_at\": \"2024-05-11 12:06:49\", \"updated_at\": \"2024-05-11 12:06:49\", \"total_price\": 50000, \"name_product\": \"Экскурсионный тур по Дагестану\", \"image_product\": \"https://tourmeddriver.com/public/storage/turoperator_images/hSE7Bd6O1MKE3Y4N8WUptpP5I6OX3RNFylynZrAv.jpg\", \"organization_email\": \"tur@mail.ru\"}]', NULL, '2024-05-11 09:06:56', '2024-05-11 09:06:56', NULL),
(91116, 'lalaal@mail.ru', 'Lala', '', 'не указан', '75', 'Медицинский центр', '25.05.2024', '33600', '836000', '1670', '0', '[{\"id\": 1669, \"date\": \"11.05.2024\", \"role\": \"tur\", \"user_id\": 75, \"products\": \"{\\\"id\\\": 1, \\\"date\\\": \\\"11.05.2024  - 11.05.2024\\\", \\\"berth\\\": 1, \\\"price\\\": 50000, \\\"title\\\": \\\"Экскурсионный тур по Дагестану\\\", \\\"category\\\": \\\"Отель 3 звезды\\\"}\", \"created_at\": \"2024-05-11 12:06:49\", \"updated_at\": \"2024-05-11 12:06:49\", \"total_price\": 50000, \"name_product\": \"Экскурсионный тур по Дагестану\", \"image_product\": \"https://tourmeddriver.com/public/storage/turoperator_images/hSE7Bd6O1MKE3Y4N8WUptpP5I6OX3RNFylynZrAv.jpg\", \"organization_email\": \"tur@mail.ru\"}, {\"id\": 1670, \"date\": \"25.05.2024\", \"role\": \"Мед.центр\", \"user_id\": 75, \"products\": \"{\\\"date\\\": \\\"25.05.2024\\\", \\\"title\\\": \\\"Медицинский центр\\\", \\\"people\\\": 5, \\\"product\\\": null, \\\"totalPrice\\\": 33600, \\\"productList\\\": [{\\\"id\\\": 1, \\\"qty\\\": 4, \\\"price\\\": \\\"300\\\", \\\"product\\\": \\\"Консультация дермалогога\\\"}, {\\\"id\\\": 10, \\\"qty\\\": 4, \\\"price\\\": \\\"4300\\\", \\\"product\\\": \\\"Повторный прием эндокринолога\\\"}, {\\\"id\\\": 11, \\\"qty\\\": 4, \\\"price\\\": \\\"1300\\\", \\\"product\\\": \\\"Прием детского эндокринолога\\\"}, {\\\"id\\\": 18, \\\"qty\\\": 4, \\\"price\\\": \\\"2500\\\", \\\"product\\\": \\\"Цистоскопия\\\"}]}\", \"created_at\": \"2024-05-11 12:07:49\", \"updated_at\": \"2024-05-11 12:07:49\", \"total_price\": 33600, \"name_product\": \"Медицинский центр\", \"image_product\": \"https://tourmeddriver.com/public/storage/medical_images_card/EyiOJRNs6wUPi7sgQoMJVhGrrlJBri6NiemLHDDP.jpg\", \"organization_email\": \"klimashevskijvova@gmail.com\"}]', NULL, '2024-05-11 09:07:56', '2024-05-11 09:07:56', NULL),
(91117, 'lalaal@mail.ru', 'Lala', '', 'не указан', '75', 'Медицинский центр', '25.05.2024', '33600', '836000', '1670', '0', '[{\"id\": 1669, \"date\": \"11.05.2024\", \"role\": \"tur\", \"user_id\": 75, \"products\": \"{\\\"id\\\": 1, \\\"date\\\": \\\"11.05.2024  - 11.05.2024\\\", \\\"berth\\\": 1, \\\"price\\\": 50000, \\\"title\\\": \\\"Экскурсионный тур по Дагестану\\\", \\\"category\\\": \\\"Отель 3 звезды\\\"}\", \"created_at\": \"2024-05-11 12:06:49\", \"updated_at\": \"2024-05-11 12:06:49\", \"total_price\": 50000, \"name_product\": \"Экскурсионный тур по Дагестану\", \"image_product\": \"https://tourmeddriver.com/public/storage/turoperator_images/hSE7Bd6O1MKE3Y4N8WUptpP5I6OX3RNFylynZrAv.jpg\", \"organization_email\": \"tur@mail.ru\"}, {\"id\": 1670, \"date\": \"25.05.2024\", \"role\": \"Мед.центр\", \"user_id\": 75, \"products\": \"{\\\"date\\\": \\\"25.05.2024\\\", \\\"title\\\": \\\"Медицинский центр\\\", \\\"people\\\": 5, \\\"product\\\": null, \\\"totalPrice\\\": 33600, \\\"productList\\\": [{\\\"id\\\": 1, \\\"qty\\\": 4, \\\"price\\\": \\\"300\\\", \\\"product\\\": \\\"Консультация дермалогога\\\"}, {\\\"id\\\": 10, \\\"qty\\\": 4, \\\"price\\\": \\\"4300\\\", \\\"product\\\": \\\"Повторный прием эндокринолога\\\"}, {\\\"id\\\": 11, \\\"qty\\\": 4, \\\"price\\\": \\\"1300\\\", \\\"product\\\": \\\"Прием детского эндокринолога\\\"}, {\\\"id\\\": 18, \\\"qty\\\": 4, \\\"price\\\": \\\"2500\\\", \\\"product\\\": \\\"Цистоскопия\\\"}]}\", \"created_at\": \"2024-05-11 12:07:49\", \"updated_at\": \"2024-05-11 12:07:49\", \"total_price\": 33600, \"name_product\": \"Медицинский центр\", \"image_product\": \"https://tourmeddriver.com/public/storage/medical_images_card/EyiOJRNs6wUPi7sgQoMJVhGrrlJBri6NiemLHDDP.jpg\", \"organization_email\": \"klimashevskijvova@gmail.com\"}]', NULL, '2024-05-13 05:03:21', '2024-05-13 05:03:21', NULL),
(91118, 'hopd@tut.by', 'Дмитрий', 'Нор', '375297678871', '12', 'Медицинский центр', '29 05 2024 21:30', '4100', '41000', '1671', '1', '[{\"id\": 1671, \"date\": \"29 05 2024 21:30\", \"role\": \"Мед.центр\", \"user_id\": 12, \"products\": \"{\\\"date\\\": \\\"29 05 2024 21:30\\\", \\\"people\\\": 1, \\\"product\\\": null, \\\"totalPrice\\\": 4100, \\\"productList\\\": [{\\\"id\\\": 3, \\\"qty\\\": 2, \\\"price\\\": 2800, \\\"product\\\": \\\"Цифровая дерматоскопия\\\"}, {\\\"id\\\": 11, \\\"qty\\\": 1, \\\"price\\\": \\\"1300\\\", \\\"product\\\": \\\"Прием детского эндокринолога\\\"}]}\", \"created_at\": \"2024-05-25 18:32:15\", \"updated_at\": \"2024-05-25 18:32:15\", \"total_price\": 4100, \"name_product\": \"Медицинский центр\", \"image_product\": \"https://tourmeddriver.com/storage/medical_images_card/EyiOJRNs6wUPi7sgQoMJVhGrrlJBri6NiemLHDDP.jpg\", \"organization_email\": \"klimashevskijvova@gmail.com\"}]', '0vkn7mlx', '2024-05-25 15:33:14', '2024-05-25 15:33:53', 'otpravlen'),
(91119, 'vladuk92@mail.ru', 'vova', 'klim1sadasd', '+375173478834', '16', 'Медицинский центр', '29 05 2024 10:52', '1600', '16000', '1672', '1', '[{\"id\": 1672, \"date\": \"29 05 2024 10:52\", \"role\": \"Мед.центр\", \"user_id\": 16, \"products\": \"{\\\"date\\\": \\\"29 05 2024 10:52\\\", \\\"people\\\": 1, \\\"product\\\": null, \\\"totalPrice\\\": 1600, \\\"productList\\\": [{\\\"id\\\": 1, \\\"qty\\\": 1, \\\"price\\\": \\\"300\\\", \\\"product\\\": \\\"Консультация дермалогога\\\"}, {\\\"id\\\": 2, \\\"qty\\\": 1, \\\"price\\\": \\\"1300\\\", \\\"product\\\": \\\"Трихоскопия\\\"}]}\", \"created_at\": \"2024-05-28 07:52:49\", \"updated_at\": \"2024-05-28 07:52:49\", \"total_price\": 1600, \"name_product\": \"Медицинский центр\", \"image_product\": \"https://tourmeddriver.com/storage/medical_images_card/EyiOJRNs6wUPi7sgQoMJVhGrrlJBri6NiemLHDDP.jpg\", \"organization_email\": \"klimashevskijvova@gmail.com\"}]', 'jfR539p2', '2024-05-28 04:52:54', '2024-05-28 04:53:11', 'otpravlen'),
(91120, 'vladuk92@mail.ru', 'vova', 'klim1sadasd', '+375173478834', '16', 'Медицинский центр', '04 06 2024 15:09', '300', '3000', '1673', '1', '[{\"id\": 1673, \"date\": \"04 06 2024 15:09\", \"role\": \"Мед.центр\", \"user_id\": 16, \"products\": \"{\\\"date\\\": \\\"04 06 2024 15:09\\\", \\\"people\\\": 1, \\\"product\\\": null, \\\"totalPrice\\\": 300, \\\"productList\\\": [{\\\"id\\\": 1, \\\"qty\\\": 1, \\\"price\\\": \\\"300\\\", \\\"product\\\": \\\"Консультация дермалогога\\\"}]}\", \"created_at\": \"2024-06-04 12:09:29\", \"updated_at\": \"2024-06-04 12:09:29\", \"total_price\": 300, \"name_product\": \"Медицинский центр\", \"image_product\": \"https://tourmeddriver.com/storage/medical_images_card/EyiOJRNs6wUPi7sgQoMJVhGrrlJBri6NiemLHDDP.jpg\", \"organization_email\": \"klimashevskijvova@gmail.com\"}]', 'zXTd3Lku', '2024-06-04 09:09:33', '2024-06-04 09:09:48', 'otpravlen');

-- --------------------------------------------------------

--
-- Структура таблицы `personal_access_tokens`
--

CREATE TABLE `personal_access_tokens` (
  `id` bigint UNSIGNED NOT NULL,
  `tokenable_type` varchar(255) COLLATE utf8mb4_unicode_ci NOT NULL,
  `tokenable_id` bigint UNSIGNED NOT NULL,
  `name` varchar(255) COLLATE utf8mb4_unicode_ci NOT NULL,
  `token` varchar(64) COLLATE utf8mb4_unicode_ci NOT NULL,
  `abilities` text COLLATE utf8mb4_unicode_ci,
  `last_used_at` timestamp NULL DEFAULT NULL,
  `expires_at` timestamp NULL DEFAULT NULL,
  `created_at` timestamp NULL DEFAULT NULL,
  `updated_at` timestamp NULL DEFAULT NULL
) ENGINE=InnoDB DEFAULT CHARSET=utf8mb4 COLLATE=utf8mb4_unicode_ci;

-- --------------------------------------------------------

--
-- Структура таблицы `posts`
--

CREATE TABLE `posts` (
  `id` bigint UNSIGNED NOT NULL,
  `title` varchar(255) COLLATE utf8mb4_unicode_ci NOT NULL,
  `content` text COLLATE utf8mb4_unicode_ci NOT NULL,
  `category_id` bigint UNSIGNED DEFAULT NULL,
  `created_at` timestamp NULL DEFAULT NULL,
  `updated_at` timestamp NULL DEFAULT NULL,
  `preview_image` varchar(255) COLLATE utf8mb4_unicode_ci DEFAULT NULL,
  `main_image` varchar(255) COLLATE utf8mb4_unicode_ci DEFAULT NULL,
  `deleted_at` timestamp NULL DEFAULT NULL,
  `user_id` bigint UNSIGNED DEFAULT NULL,
  `desc` varchar(255) COLLATE utf8mb4_unicode_ci NOT NULL
) ENGINE=InnoDB DEFAULT CHARSET=utf8mb4 COLLATE=utf8mb4_unicode_ci;

--
-- Дамп данных таблицы `posts`
--

INSERT INTO `posts` (`id`, `title`, `content`, `category_id`, `created_at`, `updated_at`, `preview_image`, `main_image`, `deleted_at`, `user_id`, `desc`) VALUES
(1, 'Туристические тренды в этом году!', 'Эксперты туристической отрасли прогнозируют\r\nсохранение спроса на внутренний туризм. Мы наблюдаем активное перемещение по\r\nРоссии. Сохраняется тренд на короткие поездки: маршруты выходного дня,\r\nвстраивание экскурсионно-развлекательной программы в период командировки. Все\r\nбольшим спросом пользуются спортивно-оздоровительные туры: детокс программы,\r\nйога туры, оздоровительные практики, трансформационные программы,\r\nспособствующие раскрытию потенциала человека и его эффективной\r\nжизнедеятельности. Есть и комплексные программы, которые учитывают\r\nуниверсальный детокс: физиологическое очищение, корректировка\r\nопорно-двигательного аппарата, психологический и ментальный детокс. который\r\nпозволяет избавиться от негативных убеждений и программ, сформированных в\r\nдетстве чаще всего и блокирующих гармоничное развитие человека. Такие программы\r\nзнакомят с эффективными практиками осознанности, переключения сознания,\r\nфокусировке, концентрации и деконцентрации. Управлением своим состоянием и в\r\nследствии этого, успешной реализации своих целей. Но и целеполагания – это\r\nцелая наука, элементы которой&nbsp; также\r\nмогут быть встроены в общий курс детокс программ! Моё глубокое убеждение в том,\r\nчто человек не может быть здоров без деятельности, которая не приносит ему\r\nудовлетворённости! Именно внутренние и глубинные смыслы и истинные потребности\r\nчеловека лежат в основе мотивации в жизнедеятельности. В заключении хочу\r\nсказать, что основным трендом в этом году и я уверена, что и в последующие годы\r\nэта тенденция сохранится, является полезность! Не праздное времяпровождение, в\r\nтом числе и в отпуске, а отдых, чередующийся с полездной деятельностью. Или\r\nкомандировка, сопровождающаяся развлекательно-оздоровительным форматом. В\r\nрамках этой тенденции и возможность удаленной работы расширяет границы нашей жизнедеятельности\r\nне только в рамках одной страны. Не привязка к территории, к дому или квартире,\r\nк региону усиливает тенденцию управляемой миграции и туристическую\r\nактивновность. Эти современные тренды будут только нарастать с каждым годом и\r\nобеспечивать устойчивое развитие туристической отрасли!', NULL, '2023-03-13 10:50:27', '2023-06-20 06:46:23', 'images/UB7greUOMJavF3OfYKTjMfyS7dgQqah6RwzeEYpf.jpg', NULL, NULL, 1, 'Эксперты туристической отрасли прогнозируют\r\nсохранение спроса на внутренний туризм. Мы наблюдаем активное перемещение по\r\nРоссии.'),
(2, 'Современные подходы в управлении: аудит организации и системные расстановки в контексте менеджмента.', '<div>Современные подходы в управлении: аудит организации и системные расстановки в контексте менеджмента.</div><div>В данной статье мы рассмотрим следующие вопросы:</div><div>- Что такое системные расстановки, и какую пользу они могут принести организации</div><div>- Как выявить истинные причины проблем&nbsp; в организационных системах через бизнес-расстановки</div><div>- Области применения организационных расстановок</div><div>- Как происходит сам процесс расстановки</div><div>- Кто обычно обращается за такой услугой</div><div>Системные расстановки – это своего рода сценарии, которые для объективизации выносит из своей головы управленец в расстановочное пространство, назначая заместителей на роль каждого элемента этого сценария. Через образ расстановки, взаимосвязи между элементами можно ясно видеть все феномены этого сценария. Таким образом, не просто становятся очевидными причины тех или иных проблем в организации, но и проигрываются варианты возможных&nbsp; решений.&nbsp;</div><div>Любое знание может быть эксплицитное и имплицитное. Выражаясь образным языком, эксплицитное знание сравнимо с частью айсберга над поверхностью воды и доступно взгляду наблюдателя. Имплицитное знание прячется под водой. Можно лишь догадываться какое огромное может быть это знание. Классические производственно-экономические системы слишком мало прибегают к имплицитному знанию. И тем самым обрекают себя на неэффективную модель построения и развития. Системные расстановки проявляют неочевидную часть знания и являются оптимальным (мы помним, что оптимум – это минимум ресурсов, максимум результата) инструментом для диагностики и коррекции любой системы.&nbsp;</div><div>При помощи расстановок мы можем:</div><div>-&nbsp; увидеть причины тех или иных проблем в организации;</div><div>- сделать наиболее успешный и полезный выбор;</div><div>- осознать перспективы будущего и увидеть пути его воплощения;</div><div>Расстановки позволяют увидеть целостную картину, разобраться в неочевидных сплетениях и причинно-следственных связях, что позволяет принимать точные решения, минимизировать риски и максимально избежать ошибок.</div><div>Бизнес-расстановка помогает понять суть ситуации в системе и оперативно найти решение. Этот метод становится всё более популярным, так как приводит к результату быстро и долгосрочно.</div><div>Метод бизнес-расстановок построен на базе системно-фенологического подхода немецкого ученого Берта Хеллингера, который первоначально применял его к семейным системам. При этом под системой понимается семья, личность, во всём её разнообразии, организация, рынок, страна и т.д. Этот метод применим к системам любого порядка и масштаба. Адаптировал метод Берта Хеллингера под бизнес-системы другой немецкий учёный, Гундхард Вебер. А ученик Гундхарда Вебера, Бурняшев Михаил Геннадьевич, открыл Институт Консультирования и Системных Решений в России и внедрил метод системных расстановок в стране.&nbsp; 40 филиалов этого института работают в разных регионах России.&nbsp;</div><div>В бизнес-расстановках есть несколько форматов, которые применимы для решения разных задач. Как происходит практическая работа через этот уникальный инструмент:</div><div>Запрос формирует заказчик (клиент) в ходе циркулярного опроса или интервью. Исходя из этого, выбирается формат расстановки. Это может быть:</div><div>- Диагностический или исследовательский формат, который показывает скрытые взаимосвязи между элементами</div><div>- Формат выбора. Например, может использоваться такой инструмент, как тетралема. Используя такой формат, возможно, увидеть, какой выбор будет наиболее успешным. При таком формате мы исследуем один вариант выбора, другой, один и другой вместе, ни тот и ни другой. Видим взаимосвязи между заместителем клиента, который делает выбор, и можем посмотреть как тот или другой выбор отражается на компании.&nbsp;</div><div>- Можем посмотреть эффективность сотрудников на том или ином месте и их мотивацию. Возможность выполнения тех или иных задач конкретного сотрудника/сотрудников.</div><div>- При помощи маркетинговых форматов можно исследовать рынок и реакцию ЦА на тот или иной продукт: товар/услуга</div><div>В целом, через системные расстановки, возможно,&nbsp; эффективно решать как внутренние задачи компании, так и грамотно выстраивать взаимосвязи организации с внешним контуром, в том числе с GR.</div><div>&nbsp; - Очень интересный формат «Дизайн расстановки», когда мы можем исследовать не только виды упаковки товара/услуг, но их стоимость.</div><div>&nbsp; - Можно исследовать реакцию рынка на те,&nbsp; или иные бренды/марки и их взаимодействия с товаром/услугами.</div><div>Невероятно широкое поле для творчества в&nbsp; многогранном ассортименте расстановочного инструментария.</div><div>В расстановочной работе с организационной системой или с её функциональными подсистемами принимаются бизнес решения по различным запросам и/или проблемам, среди которых можно выделить следующие:</div><div>- Определение тактических и стратегических целей организации;</div><div>- Перспективы развития организации;</div><div>- Определение оптимальной стоимости товара и услуг;</div><div>- Нахождение дополнительных ресурсов на развития организации;</div><div>- Реорганизация компании;</div><div>- Управление конфликтами и создание благоприятного психологического климата;</div><div>- Подбор персонала;</div><div>- Выявление скрытых организационных динамик, явных и скрытых конфликтов;</div><div>- Исследование и оценка рынка;</div><div>- Исследование ЦА;</div><div>- Исследование путей продвижения товаров/услуг;</div><div>- Влияние личности руководителя на организацию;</div><div>- Согласование ТОП менеджмента;</div><div>- Согласование ТОП менеджмента и линейного персонала;</div><div>- Повышение эффективности продаж;</div><div>- Эффективное выполнение задач проекта;</div><div>- Точки роста организации;</div><div>- Скрытые барьеры в организации;</div><div>- Истинная мотивация сотрудников;</div><div>- Функциональность структуры организации и отношения (связи) в ней;</div><div>- Моделирование и проигрывание сценариев развития организации, и&nbsp; её подразделений;</div><div>- «Страховка» при принятии управленческих решений;</div><div>- Прояснение тенденций и динамики рынка;</div><div>- Маркетинговые исследования и поиск оптимальных решений;</div><div>Технология реализации метода организационной расстановки заключается в том, заказчик (клиент) руководствуется своим внутренним представлением о проблемной ситуации и определяет её ключевые элементы. Для каждого выбранного элемента клиент (заказчик) подбирает заместителя из группы профессиональных заместителей. Выбор заместителя клиентом и расположение их в пространстве происходит интуитивно на усмотрение клиента. Тем самым,&nbsp; внутренний образ ситуации выносится во вне. Сам клиент (заказчик) занимает место наблюдателя. Когда система расставлена, в ней возникает полевой эффект, влияющий на систему и заместителей в той роли, в которой поставил их клиент, которые эту систему отражают и проявляют. Особое значение играют взаимосвязи между элементами. В диагностическом формате системные расстановки приводят к ясности и целостности. Становятся очевидными совокупность прошлых реальностей и новых возможностей.&nbsp;</div><div>В рамках системно - феменологического подхода сформулированы определённые законы и закономерности систем, нарушение которых приводит к тому или иному негативному симптому или проблеме. И задача метода бизнес-расстановок – выявить системное нарушение, исправить его, после чего возможно изменение всей системы в лучшую сторону.&nbsp; Задача консультанта состоит в том, чтобы с минимальным вмешательством в процесс системной расстановки, помочь клиенту увидеть динамики, свидетельствующие о нарушении системы и позволить клиенту найти способы восстановить нарушенный порядок. Это способствует запуску процессов изменений, приводящий к хорошему решению, как для клиента, так и для системы в целом.&nbsp;</div><div>Таким образом, бизнес-расстановки являются прекрасным инструментом для проведения аудита компании в том формате, который выбирает сам клиент.</div><div>В быстро меняющемся мире через этот многогранный инструмент возможно оперативно и точно реагировать на изменения и минимизировать риски для компании.&nbsp;</div><div><br></div>', NULL, '2023-03-18 15:39:18', '2023-06-20 07:30:56', 'images/Np1tio2eAxsL2Ws5ACHFowHGyTHeGacSSSsRFhaI.jpg', NULL, NULL, 1, 'В данной статье мы рассмотрим следующие вопросы:\r\n- Что такое системные расстановки, и какую пользу они могут принести организации'),
(3, 'Здоровье поколений. Формирование мозга', '<p style=\"text-align: justify; line-height: 1.4;\">Здоровье поколений</p><p class=\"MsoNormal\" style=\"text-align: justify; line-height: 1.4;\">Продолжим тему мозга. Сегодня во всём мире остро встаёт вопрос о СДВГ (синдром дефицита внимания и гиперактивности), а это ведет к СДСТ (синдром дисплазии соединительной ткани) который в свою очередь ведёт к заболеваниям опорно-двигательного аппарата, близорукости и нарушению гомеостаза всей системы. Вы заметили, сколько маленьких детей в очках? Еще до школы. А в младших классах мы наблюдаем просто удручающую картину! 50% а иногда и более детей в очках! Повреждение зрения через повреждение мозга. Как и почему это происходит? Проблема в семье! Мама и папа&nbsp; на младенца внимания не обращают.&nbsp; Мы получили не разговаривающее поколение за 30 лет реформ школьного образования. И это поколение не умеет общаться со своими собственными детьми. Высокий темп жизни разрушает несформированную психику. Дополнительная нагрузка в виде детей окрашена негативом и хронической усталостью.&nbsp; Проблема общемирового масштаба развитых стран. Я буду в своих статьях&nbsp; писать пути решения этой проблемы, которые мы совместно с учёным из Екатеринбурга, Дорониным Александром Ивановичем, разрабатываем, согласно теории формирования мозга и социального антропогенеза.&nbsp;</p><p class=\"MsoNormal\" style=\"text-align: justify; line-height: 1.4;\"><span style=\"text-align: left; font-size: 1rem;\">А в этом тексте я хочу обратить внимание на то, что ответственность родителей не только в воспитании своих детей, но и в формировании условий для развитого мозга ребёнка. И самые основы этого происходят в пренатальный (до зачатья)&nbsp; перенатальный (внутриутробное развитие) и постнатальный (нежный возраст от 1-3 лет) периоды жизни. На западе ищут волшебные лекарства от СДВГ, а мы будем перестраивать чужеродный, навязанный нам образ жизни и мысли в течении 30 лет в естественный, физиологичный и здоровый. И огромную роль в этом непростом процессе могут сыграть женские консультации и родильные дома, где может проводиться разъяснительная работа с будущими мамочками.&nbsp; Одной из задач проекта ТурМедДрайвер, является формирование кластера: «Здоровье поколений», в рамках которого будет проводиться эта работа.&nbsp;</span></p><p class=\"MsoNormal\" style=\"margin-bottom:0cm;margin-bottom:.0001pt;line-height:\r\nnormal;mso-layout-grid-align:none;text-autospace:none\"><o:p></o:p></p>', NULL, '2023-04-07 09:13:31', '2023-06-20 06:46:50', 'images/3gLnxHRODE8ZHw2xHX97udqgFp5p8C936B4SVrMj.jpg', NULL, NULL, 1, 'Продолжим тему мозга. Сегодня во всём мире остро встаёт вопрос о СДВГ (синдром дефицита внимания и гиперактивности).'),
(9, 'Это важно знать управленцу!', '<p style=\"text-align: justify; line-height: 1.2;\"><span style=\"font-size: 1rem;\">Аннотация: В профессиональной деятельности руководитель в системе управления, так или иначе, сталкивается с человеческим фактором, который накладывает большой отпечаток на саму деятельность и её результативность. Сам руководитель/управленец смещает и переносит свои психологические особенности и стиль поведения на сотрудников организации. Деятельность носит окрас и контекст личных динамик руководителя. В статье обсуждаются причины и признаки, по которым можно определить, что и как смещает руководитель на деятельность, исходя из своего личного травмирующего опыта. А также даются рекомендации возможной корректировки этого.</span><br></p><p style=\"text-align: justify; line-height: 1.2;\">Ключевые слова: Деятельность, травмирующий опыт, управленец, руководитель.</p><p style=\"text-align: justify; line-height: 1.2;\">Постановка проблемы: Основная деятельность руководителя организации состоит в том, чтоб выстроить систему, состоящую из элементов и простроить эффективные взаимосвязи между этими элементами для осуществления продуктивной и стабильной деятельности данной организации. Это происходит посредством коммуникации, как во внутреннем контуре организации, так и во внешнем. Руководитель является формирующим и связующим элементом как внутреннего, так и внешнего контура взаимодействия. Выбор той или иной деятельности определяется чаще всего средой воспитания и формирования человека.&nbsp; Именно эта среда и повлияла на выбор сферы деятельности, заложила интерес к данной деятельности и определенные поведенческие паттерны управленца. Личность руководителя, его стиль и особенности коммуницирования будут непосредственно, порой неосознанно,&nbsp; оказывать влияние,&nbsp; как в формировании организации, команды, так и в управлении ею, а также накладывать свой отпечаток на развитие данной структуры. Управленец является камертоном,&nbsp; на который настраивается вся организация. Потому как проявляется организация на рынке можно судить о её руководителе, и наоборот. Коммуникация с руководителем позволяет достаточно точно судить об организации. А взаимодействие с внутренней структурой организации позволяет определить портрет управленца.&nbsp; Именно поэтому психологические травмы руководителя так или иначе сформированные в период его становления будут ярко влиять как на саму систему, так и на взаимодействие этой системы с внешним контуром и другими системами. Влияние травматического опыта руководителя неосознанно накладывает свой отпечаток на деятельность организации. Перенесённая травма в любом возрасте даёт о себе знать и активируется при подходящих или похожих условиях. Неосознанно на поддержание травматики уходит внимание и ресурсы человека. Чаще всего именно неопознанная травма является причиной проблем в организации. Также можно обратить внимание на такой аспект, как «травма организации» или «травма бизнеса» может быть травмирован тот или иной отдел в организации. Организация, как и личность руководителя, может иметь симптомы, которые можно обнаружить через системное видение феноменов в организации. Травма организации, это перегрузка системы негативным опытом, от которого она не может отойти и вернуться в изначальное состояние силы. Когда прошлые связи разрушены, а новые не удаётся создать по причине прошлого травмирующего опыта. Если система способна вернуться в предыдущее состояние после негативного опыта, то это стресс или турбулентность для организации, а не травма. Травма всегда системна. Последствия травмы – это разорванные связи: с коллегами, с целью организации, с внешним миром и другими элементами организации. В этой статье я делаю больше&nbsp; акцент на травматику руководителя и/или управленца.&nbsp;</p><p style=\"text-align: justify; line-height: 1.2;\">Цель статьи: Показать управленцу/руководителю причины и признаки травматики в деятельности. Дать возможные направления корректировки этого для оптимизации деятельности и превентивных методов сохранения устойчивого развития организации. Предупредить и предохранить управленца от выгорания через осознанное понимание и нейтрализацию травматического опыта.</p><p style=\"text-align: justify; line-height: 1.2;\">Изложение основного материала исследования:&nbsp;</p><p style=\"text-align: justify; line-height: 1.2;\">Проявление травматического опыта руководителя в деятельности.</p><p style=\"text-align: justify; line-height: 1.2;\">&nbsp; &nbsp; &nbsp; &nbsp; Каждый руководитель имеет свой неповторимый стиль управления, который складывается на основании многофактороного влияния на руководителя в период его становления. Что это за факторы, которые влияют на стиль управления руководителя:</p><p style=\"text-align: justify; line-height: 1.2;\">- Семья и условия воспитания, жизнеобеспечения, в которых формировалась личность руководителя. Это не только родительская семья. Это родовые сценарии и те условия, в которых сформирована система убеждений.&nbsp;</p><p style=\"text-align: justify; line-height: 1.2;\">- Образование и способы усвоения знаний. Мотивация к обучению и то состояние, которое формируется от процессов, связанных с обучением.</p><p style=\"text-align: justify; line-height: 1.2;\">- Уровень зрелости руководителя, который зависит от сформированных структур мозга, влияющих на модель мышления и стратегическое видение.</p><p style=\"text-align: justify; line-height: 1.2;\">- Учителя и те люди/книги, которые повлияли на мировоззрение и&nbsp; становление руководителя, и явились образом с точки зрения деятельности и жизненных ориентиров.</p><p style=\"text-align: justify; line-height: 1.2;\">&nbsp; &nbsp; &nbsp; &nbsp; Исходя из факторов, влияющих на стиль управления руководителя, можно наблюдать проявление травматического опыта через стиль управления. Не всегда травматический опыт негативно сказывается в деятельности организации. Например, трудоголизм – это результат травмы и как компенсация перенесённого психологически тяжелого опыта, на который нет возможности смотреть. Этот опыт в данном случае вытесняется несбалансированной жизнедеятельностью в сторону увеличения деятельности. С точки зрения системы – это благоприятное обстоятельство, так как фокус руководителя в систему максимальный. Но с точки зрения самого руководителя этот дисбаланс может приводить к выгоранию и не ресурсному состоянию руководителя. Что, в конечном счете, пагубно влияет и на организационную систему.&nbsp;</p><p style=\"text-align: justify; line-height: 1.2;\">&nbsp; &nbsp; &nbsp; &nbsp; Как происходит формирование убеждений, мировоззрения и возникает интерес к той или иной деятельности:</p><p style=\"text-align: justify; line-height: 1.2;\">Как уже было выше сказано, на выбор той или иной деятельности, а также на стиль и поведенческие паттерны большое влияние оказывает семья и родовые сценарии. Развитие личности, формирование мозга и первичное знакомство с мироустройством происходят в семье. И от того, какие были отношения в семье и условия, в которых воспитывался человек, зависит и его картина мира. Это, несомненно, сказывается в выборе&nbsp; деятельности и стиле управления.&nbsp;</p><p style=\"text-align: justify; line-height: 1.2;\">Определение травмы: Психическая травма это сильное потрясение, страх, ужас или чувство беспомощности вследствие события, угрожающего физической/психической целостности человека или его близкого. То, что он пережил, переходит границы обыденного опыта. Психическая травма возникает вследствие таких спонтанных событий, как стихийные бедствия, несчастные случаи на производстве, внезапная болезнь, внезапная потеря близкого человека, дорожно-транспортное происшествие, а также намеренно совершаемых человеком: насилие, сексуальное домогательство, изнасилование, пытки, лишение свободы. Есть такое понятие как травма свидетеля. Это люди, которые не сами пережили весь ужас ситуации, а были этому свидетелем. Динамики травмы так просто не исчезают и зачастую переходят в посттравматическое стрессовое расстройство, ПТСР [1]</p><p style=\"text-align: justify; line-height: 1.2;\">Постравматическое симптомное расстройство может проявиться как сразу после травмы, так и спустя много лет после травмирующего события. Чаще всего такое расстройство психики может приводить к депрессиям, тревожным состояниям, паническим атакам, аддикции (зависимостям), суицидальному поведению, агрессивности. По данным исследований, ПТСР у женщин может усилить предрасположенность к развитию посттравматических симптомов у её будущих детей, в том числе на уровне экспрессии генов. В этом случае мы можем наблюдать родовые сценарии, повторяющиеся из поколения в поколения.</p><p style=\"text-align: justify; line-height: 1.2;\">Классификация травмы:</p><p style=\"text-align: justify; line-height: 1.2;\">- Моно-травма: хроническая (повторяющаяся, пролонгированная, серийная или каскадная);</p><p style=\"text-align: justify; line-height: 1.2;\">- Травма, полученная от людей, считается наиболее сильной по степени эмоционального заряда;</p><p style=\"text-align: justify; line-height: 1.2;\">- Травма, полученная не от людей;</p><p style=\"text-align: justify; line-height: 1.2;\">&nbsp; &nbsp; &nbsp; &nbsp; Чаще всего травматический опыт настолько вытеснен и не осознаваем, что управленец не просто не хочет смотреть в эту сторону, но и всех тех, кто так или иначе указывает наличие травмы или проблемы игнорирует и становится в оборонительную позицию. Отсюда и первый признак в стиле управления, указывающий на травматику – повышенная эмоциональность руководителя в контексте деятельности с элементами агрессии. Как только наблюдается в рабочем процессе раздражительность, излишняя эмоциональность, агрессивность, как крайняя форма эмоциональности – это указатель на травматический опыт, который пережил управленец чаще всего в детстве или в другие периоды своего становления. Возможно,&nbsp; таким образом,&nbsp; с ним обращались, когда он занимался учебной или другой деятельностью и такой стереотип поведения зафиксировался как норма.&nbsp;</p><p style=\"text-align: justify; line-height: 1.2;\">&nbsp; &nbsp; &nbsp; &nbsp; В период развития человека происходит образование нейронных связей мозга, отвечающих за оценку воспринимаемого образа и обратную связь. Если такая связь сформировалась в результате сильной стресс реакции с выбросом адреналина, то формируются так называемые акцентуированные локусы латентной активации. Другими словами – фиксированная устойчивая связь, требующая той эмоциональной среды, при которой она была образована. Это отвечает на вопрос, почему даже очень осознанный руководитель не может противостоять своим эмоциональным реакциям, которые проявляются в определённых условиях, по определённому сценарию. В разных психотерапевтических подходах существуют технологии, по которым возможно диагностировать и нейтрализовать такую нейронную связь, формируя новую, более конструктивную. На мой взгляд,&nbsp; это базовая задача в организации, решение которой перераспределяет как фокус внимания, так и энергетический потенциал системы. Отдельным образом необходимо обращать внимание и на тот исторический опыт организации, который часто несёт в себе травму. Эта травма может не быть связана с руководителем, но оказывать влияние на систему.&nbsp;</p><p style=\"text-align: justify; line-height: 1.2;\">&nbsp; &nbsp; &nbsp; &nbsp; Второй немаловажный аспект, который проявляет травматику руководителя, это отношение в компании к образовательным процессам, выстраивание системы повышения квалификации и поощрение сотрудников, которые инициируют самообразование и образование в рамках системы. Этот сегмент деятельности организации также настраивается и организуется, опираясь на восприятие и отношение к образованию руководителя. В современном мире с его ускоряющимися процессами изменений без настроенного, гибкого процесса образования невозможно добиться устойчивого развития организации. То, какое место занимает процесс образования в организации и как он выстраивается, влияет как на качество кадров во внутренней структуре организации, так и на то, как организация воспринимается внешним контуром. Кадры решают всё! Это не просто девиз. Кадровые разрывы и кадровый голод сегодня наблюдаются во всех сферах экономики. Это является одной из наиболее значимых проблем, влияющих на развитие отдельно взятой организации, всей отрасли и в результате – всей экономики страны. Реформы образования, проходившие в девяностые годы, в большой степени повлияли на это. Что явилось барьером развития экономики, когда пришло поколение молодых людей с несформированными навыками к обучению. И проблема не только отсутствия навыков. Навыки можно, так или иначе, привить. Проблема в формировании определённых структур мозга, которые формируются именно в детском возрасте. Точность, концентрация внимания, стратегическое видение и мышление, связанная речь, свободное изложение своих мыслей и т.д.&nbsp;</p><p style=\"text-align: justify; line-height: 1.2;\">&nbsp; &nbsp; &nbsp; &nbsp; Если продолжать тему мозга, то сегодня во всём мире наблюдается синдром дефицита внимания и гиперактивности (СДВГ).&nbsp; Это запускает в свою очередь, синдром дисплазии соединительной ткани и ведёт к заболеваниям опорно-двигательного аппарата, близорукости и нарушению гомеостаза всей системы. В связи с этим мы наблюдаем большое количество маленьких детей в очках еще в дошкольный период. А в младших классах мы наблюдаем просто удручающую картину! 50% а иногда и более детей страдают нарушением зрения! Повреждение зрения через повреждение мозга. Как и почему это происходит? Проблема в семье! Мама и папа&nbsp; на младенца внимания не обращают.&nbsp; Мы получили не разговаривающее поколение за 30 лет реформ школьного образования. И это поколение не умеет общаться со своими собственными детьми. Высокий темп жизни разрушает несформированную психику. Дополнительная нагрузка в виде детей окрашена негативом и хронической усталостью.&nbsp; Проблема общемирового масштаба развитых стран.&nbsp; С учёным из Екатеринбурга, Дорониным Александром Ивановичем, мы разрабатываем, согласно теории формирования мозга и социального антропогенеза, образовательные программы по воспитанию детей с целью полноценного развития мозга и личности ребёнка. Я хочу обратить внимание на то, что ответственность родителей не только в воспитании своих детей, но и в формировании условий для развитого мозга ребёнка. И самые основы этого происходят в пренатальный (до зачатья)&nbsp; перенатальный (внутриутробное развитие) и постнатальный (нежный возраст от 1-3 лет) периоды жизни.&nbsp;</p><p style=\"text-align: justify; line-height: 1.2;\">Травматический опыт появляется в периоды формирования мозга. Фиксируясь, этот опыт&nbsp; подкрепляется и усиливается жизненными ситуациями. Всё это сказывается на управлении организацией и переносится непосредственно на саму компанию. Именно то, как коммуницирует руководитель, как он ставит задачу, какое у него стратегическое видение, что является его приоритетом, какие цели компании и все ли сотрудники их разделяют. Все эти факторы указывает на наличие или отсутствие травматизации.&nbsp; Именно эти показатели являются значимыми с точки зрения признаков травматизации управленца.&nbsp;</p><p style=\"text-align: justify; line-height: 1.2;\">&nbsp; &nbsp; &nbsp; &nbsp; Чем определяется уровень зрелости управленца:</p><p style=\"text-align: justify; line-height: 1.2;\">- Высокий эмоциональный интеллект;</p><p style=\"text-align: justify; line-height: 1.2;\">- Системность и устойчивость в решении задач компании;</p><p style=\"text-align: justify; line-height: 1.2;\">- Быстрая и гибкая адаптивность к изменениям;</p><p style=\"text-align: justify; line-height: 1.2;\">- Зрелая коммуникативность;</p><p style=\"text-align: justify; line-height: 1.2;\">- Отсутствие невроза, которое выражается в относительно нейтральной позиции к деятельности и сотрудникам;</p><p style=\"text-align: justify; line-height: 1.2;\">- Сценарное и стратегическое мышление, позволяющие правильно выстраивать и развивать систему и расставлять приоритеты;</p><p style=\"text-align: justify; line-height: 1.2;\">- Сбалансированное отношение к ресурсам необходимым для деятельности компании;</p><p style=\"text-align: justify; line-height: 1.2;\">Если есть нарушение в том или ином из перечисленных пунктов, то это точный указатель травматизации. И это первый диагностический срез, который предполагает дальнейшее исследование и корректировку проблемы. То как руководитель выстраивает структуру компании, выстраивает отношения внутри компании и строит внешнее взаимодействие с другими системами и организациями, всё это яркий диагностический инструмент на наличие или отсутствие травматики управленца. Это хороший показатель перспективности и масштаба данной организации.&nbsp;</p><p style=\"text-align: justify; line-height: 1.2;\">В своё время мной была написана и опубликована книга: «Энергия и ресурсное состояние руководителя» [2]&nbsp;</p><p style=\"text-align: justify; line-height: 1.2;\">&nbsp; &nbsp; &nbsp; &nbsp; Книга позволяет разобраться в вопросах развития и сохранения ресурсного состояния руководителя. И в данном случае травматический опыт в независимости от того как давно он был испытан, является «черной дырой» в которую мощным потоком уходят энергия и жизненные силы управленца. Вот почему для руководителя любого уровня просто необходима диагностика и коррекция акцентуированных локусов латентной активации.</p><p style=\"text-align: justify; line-height: 1.2;\">Определение: Акцентуированные локусы латентной активации это устойчивая нейронная связь мозга, зафиксированная в период сильного эмоционального потрясения или стресс реакции, требующая и формирующая жизненные похожие сценарии и обстоятельства, при которых был первично сформирован локус.</p><p style=\"text-align: justify; line-height: 1.2;\">Фиксированная нейронная связь не может быть разрушена или вытеснена другими вновь образуемыми локусами. Для её корректировки необходимы психотерапевтические методы диагностики и корректировки. И это есть основа деятельности специалиста по корректировки управленческой модели организации.</p><p style=\"text-align: justify; line-height: 1.2;\">Методы диагностики руководителя на предмет травматического опыта, влияющего на деятельность.</p><p style=\"text-align: justify; line-height: 1.2;\">Трудность диагностики травматики руководителя в процессах управления организацией&nbsp; заключается в том, что для самого руководителя травма не очевидна, не познаваема, не осознаваема. Только специалист, анализируя стиль управления, может диагностировать по вторичным признакам наложение и смещение травматического опыта на управленческую деятельность. В первичной диагностики мы опираемся на признаки травмы, которые проявляются в состоянии руководителя в процессе осуществления управленческой деятельности. Отталкиваясь от этих признаков, через методы терапевтического консультирования мы можем узнать периодичность и локализацию проявления таких состояний. Проявлялись ли эти состояния в родительской семье или в других поколениях. Сбор такой информации необходим для понимания целостной картины запускаемого сценария. Наиболее точную диагностику можно осуществить через психотерапевтический метод:&nbsp; «Бизнес расстановки и системное консультирование организаций» В этом подходе ярко диагностируется, как личные динамики руководителя влияют на управленческую модель и стиль&nbsp; управления менеджера. Как влияют и переносятся личные динамики управленца на организационную структуру и результаты деятельности организации.&nbsp;</p><p style=\"text-align: justify; line-height: 1.2;\">С нарастанием социального давления во всех сферах жизни и на всех уровнях систем, еще больше встаёт необходимость в профилактическом, превентивном подходе. Понятие психогигиены становится всё более актуально именно для управленцев разного масштаба. Психогигиена необходима, чтобы не допустить психических расстройств и необратимости процесса. Психопрофилакика может быть как превентивная, когда патология ещё не обнаружена,&nbsp; так и в стадии уже сформированного и диагностированного заболевания.&nbsp;</p><p style=\"text-align: justify; line-height: 1.2;\">«Психопрофилактика разрабатывает и внедряет в практику меры по предупреждению заболеваний, их хронизации. Понятие психопрофилактики тесно связано с понятием психогигиены. Согласно классификации ВОЗ выделяют первичную, вторичную и третичную психопрофилактику. Первичная психопрофилактика включает мероприятия, предупреждающие возникновение нервно-психических расстройств, вторичная объединяет мероприятия, направленные на профилактику неблагоприятной динамики уже возникших заболеваний, их хронизации на уменьшение патологических проявлений. Третичная психопрофилактика способствует предупреждению неблагоприятных социальных последствий заболевания, рецидивов и дефектов, препятствующих трудовой деятельности. Значительная общественно-политическая трансформация общества у многих людей вызывает чувство неуверенности, неопределённости, незащищенности, растерянности, ощущения потери опоры, что выражается в напряжении, а часто и в агрессивности. На этом фоне возникает значение психотерапии, что вызвано ростом нервно-психической напряженности здорового населения, увеличением частоты пограничных нервно-психических расстройств» [3]</p><p style=\"text-align: justify; line-height: 1.2;\">Методы коррекции травматического опыта в решении бизнес задач в управлении организацией.</p><p style=\"text-align: justify; line-height: 1.2;\">Известный отечественный нейропсихолог Александр Романович Лурия, опираясь на мозговые механизмы отдельных психических процессов,&nbsp; таких как восприятие, произвольные движения и действия, внимание, память, речь, мышление, описывает модель основных трёх блоков мозга, показывая целостность работы мозга и тем самым формируя возможные тенденции управления психофизиологией. [4]&nbsp;</p><p style=\"text-align: justify; line-height: 1.2;\">На этом основаны инструменты корректировки травматизации и способность человека осознанно моделировать свои сценарии жизнидеятельности.&nbsp;</p><p style=\"text-align: justify; line-height: 1.2;\">Коррекция травматики руководителя в управленческой деятельности,&nbsp; осуществляется по следующему алгоритму:</p><p style=\"text-align: justify; line-height: 1.2;\">•<span style=\"white-space:pre\">	</span>Осознание проблематики. Постановка задачи для консультанта.</p><p style=\"text-align: justify; line-height: 1.2;\">•<span style=\"white-space:pre\">	</span>Первичный образ и узнавание травматического опыта в прошлом. Какой именно травматический сценарий накладывается на управленческий процесс и почему.&nbsp;</p><p style=\"text-align: justify; line-height: 1.2;\">•<span style=\"white-space:pre\">	</span>Определение границ и локализации этого травмирующего опыта.</p><p style=\"text-align: justify; line-height: 1.2;\">•<span style=\"white-space:pre\">	</span>Растождествление личного травматического опыта и управленческого процесса с этим опытом. Принятие и осознание,&nbsp; зачем такой опыт был необходим.</p><p style=\"text-align: justify; line-height: 1.2;\">•<span style=\"white-space:pre\">	</span>Выбор и присвоение конструктивного сценария в данном управленческом контексте и процессах.&nbsp;</p><p style=\"text-align: justify; line-height: 1.2;\">Подбор психотерапевтических методик может быть самым разнообразным.&nbsp; От классического психоанализа, гештальт терапии, трансактного анализа,&nbsp; методов психотерапевтических расстановок, до бизнес консультирования и коучинга. Специалист сам подбирает оптимальные инструменты для подобной работы, исходя из своих специализаций и соответствия запроса клиента, а также метода реализации этого запроса.</p><p style=\"text-align: justify; line-height: 1.2;\">Отличие стресс реакции от травмы состоит в том, что после стресса человек возвращается к прежней жизни. После перенесения травмы человек не может вернуться к прежнему себе, он застревает в травме. Сквозь фильтр травмы человек видит действительность, делает выводы и принимает решения.&nbsp; [5]</p><p style=\"text-align: justify; line-height: 1.2;\">Признаки личностной травмы:</p><p style=\"text-align: justify; line-height: 1.2;\">- не с кем поделиться своим состоянием</p><p style=\"text-align: justify; line-height: 1.2;\">- неожиданность и от этого состояние как будто из под ног уходит опора</p><p style=\"text-align: justify; line-height: 1.2;\">- состояние угрозы смерти</p><p style=\"text-align: justify; line-height: 1.2;\">Задача специалиста:</p><p style=\"text-align: justify; line-height: 1.2;\">- восстановить нормальную саморегуляцию</p><p style=\"text-align: justify; line-height: 1.2;\">- самооценку</p><p style=\"text-align: justify; line-height: 1.2;\">- вернуть социальную адаптацию [6]</p><p style=\"text-align: justify; line-height: 1.2;\">Чтобы стресс не перёшел в необратимую стадию травмы, необходимо себя поддержать, рессурсировать. Найти во внутреннем и внешнем пространстве то на что или на кого можно опереться. Основной этап в травматерапии – это поиск и присвоение ресурсов, на которые можно опираться! Эти ресурсы находятся и присваиваются как по внутреннему контуру человека, так и из внешнего пространства.&nbsp;</p><p style=\"text-align: justify; line-height: 1.2;\">Травматерапия проходит 4 последовательные стадии:</p><p style=\"text-align: justify; line-height: 1.2;\">•<span style=\"white-space:pre\">	</span>Контакт и диагностика</p><p style=\"text-align: justify; line-height: 1.2;\">•<span style=\"white-space:pre\">	</span>Стабилизация&nbsp;</p><p style=\"text-align: justify; line-height: 1.2;\">•<span style=\"white-space:pre\">	</span>Переработка или конфронтация&nbsp;</p><p style=\"text-align: justify; line-height: 1.2;\">•<span style=\"white-space:pre\">	</span>Интеграция</p><p style=\"text-align: justify; line-height: 1.2;\">Иногда целесообразно исследовать в какой стадии находится наиболее сильный заряд травмы и от этого происходит застревание и фиксация. Разрешение каждой стадии травматики может проходить через разные методики и методологии в зависимости от компетенций специалиста.</p><p style=\"text-align: justify; line-height: 1.2;\">Стратегия работы с благоприятным климатом в организации через личность руководителя:</p><p style=\"text-align: justify; line-height: 1.2;\">•<span style=\"white-space:pre\">	</span>Диагностика устойчивости и наличия ресурсов;</p><p style=\"text-align: justify; line-height: 1.2;\">•<span style=\"white-space:pre\">	</span>Выстраивание контакта с новыми ресурсами;</p><p style=\"text-align: justify; line-height: 1.2;\">•<span style=\"white-space:pre\">	</span>Выстраивание связей между сегодняшним «Я» и «Я» в травмирующей ситуации с акцентом на ресурсы и на устойчивость.</p><p style=\"text-align: justify; line-height: 1.2;\">•<span style=\"white-space:pre\">	</span>При необходимости работа с агрессором для выстраивания границ и возврата собственных ресурсов. [7]</p><p style=\"text-align: justify; line-height: 1.2;\">Выводы:&nbsp;</p><p style=\"text-align: justify; line-height: 1.2;\">- Для полноценного и устойчивого развития организации необходимо диагностика на наличие травматики управленца, а также исследование исторического опыта организации на предмет травматики самой организации в прошлом.</p><p style=\"text-align: justify; line-height: 1.2;\">- Чаще всего травматический опыт в управленческую деятельность переносится из личного контекста и травматики руководителя и/или управленца.</p><p style=\"text-align: justify; line-height: 1.2;\">- Травматический опыт формирует устойчивую нейронную связь, которая влияет на формирование условий и сценариев для поддержания той связи. Такая связь носит название «акцентуированные локусы латентной активации»</p><p style=\"text-align: justify; line-height: 1.2;\">- Методы диагностики и коррекции данных локусов и является предметом деятельности психотерапевтической направленности</p><p style=\"text-align: justify; line-height: 1.2;\">- Психогигиена, диагностика и понимание отличия стресса от травматики, способы их предупреждения и профилактики является залогом устойчивого развития организации.</p><p style=\"text-align: justify; line-height: 1.2;\">- Определённая стратегия работы с благоприятным климатом в организации через личность руководителя является условием стабильности и продуктивной деятельности организационной структуры.</p>', NULL, '2024-05-20 09:30:24', '2024-05-20 09:57:48', 'images/K0bsXp3UK5sjbF5JflXtN3hri6OLnFXC6M7ZnYdM.png', NULL, NULL, 1, 'Проявление, диагностика и коррекция травматики в решении бизнес задач управленца');

-- --------------------------------------------------------

--
-- Структура таблицы `post_tags`
--

CREATE TABLE `post_tags` (
  `id` bigint UNSIGNED NOT NULL,
  `post_id` bigint UNSIGNED NOT NULL,
  `tag_id` bigint UNSIGNED NOT NULL,
  `created_at` timestamp NULL DEFAULT NULL,
  `updated_at` timestamp NULL DEFAULT NULL
) ENGINE=InnoDB DEFAULT CHARSET=utf8mb4 COLLATE=utf8mb4_unicode_ci;

-- --------------------------------------------------------

--
-- Структура таблицы `pre_orders`
--

CREATE TABLE `pre_orders` (
  `id` bigint UNSIGNED NOT NULL,
  `products` json NOT NULL,
  `total_price` int NOT NULL,
  `user_id` int NOT NULL,
  `date` varchar(255) COLLATE utf8mb4_unicode_ci NOT NULL,
  `created_at` timestamp NULL DEFAULT NULL,
  `updated_at` timestamp NULL DEFAULT NULL,
  `name_product` varchar(255) COLLATE utf8mb4_unicode_ci DEFAULT NULL,
  `image_product` varchar(255) COLLATE utf8mb4_unicode_ci DEFAULT NULL,
  `role` varchar(255) COLLATE utf8mb4_unicode_ci DEFAULT NULL,
  `organization_email` varchar(255) COLLATE utf8mb4_unicode_ci DEFAULT NULL
) ENGINE=InnoDB DEFAULT CHARSET=utf8mb4 COLLATE=utf8mb4_unicode_ci;

--
-- Дамп данных таблицы `pre_orders`
--

INSERT INTO `pre_orders` (`id`, `products`, `total_price`, `user_id`, `date`, `created_at`, `updated_at`, `name_product`, `image_product`, `role`, `organization_email`) VALUES
(1638, '{\"date\": \"30 04 2024 11:17\", \"people\": \"2\", \"product\": null, \"totalPrice\": 4200, \"productList\": [{\"id\": 18, \"qty\": 1, \"price\": \"300\", \"product\": \"Стейк из семги\"}, {\"id\": 19, \"qty\": 1, \"price\": \"1300\", \"product\": \"Стейк «Ковбой»\"}, {\"id\": 20, \"qty\": 1, \"price\": \"500\", \"product\": \"Стейк из куриного филе\"}]}', 4200, 13, '30 04 2024 11:17', '2024-04-29 00:19:02', '2024-04-29 00:19:02', 'Кафе «Баку»', 'https://tourmeddriver.com/storage/cafe_images_card/Bf620TfVhX7NAblSAGdbFh48myWnPlVF9NTLumoT.jpg', 'cafe', 'cafe@mail.ru'),
(1639, '{\"date\": \"30 04 2024 11:20\", \"people\": 1, \"product\": null, \"totalPrice\": 3100, \"productList\": [{\"id\": 32, \"qty\": 1, \"price\": 500, \"product\": \"Маргарита\"}, {\"id\": 33, \"qty\": 1, \"price\": 1300, \"product\": \"Гавайская\"}, {\"id\": 31, \"qty\": 1, \"price\": \"1300\", \"product\": \"Овощной суп\"}]}', 3100, 13, '30 04 2024 11:20', '2024-04-29 00:20:23', '2024-04-29 00:20:23', 'Кафе «Баку»', 'https://tourmeddriver.com/storage/cafe_images_card/Bf620TfVhX7NAblSAGdbFh48myWnPlVF9NTLumoT.jpg', 'cafe', 'cafe@mail.ru'),
(1640, '{\"date\": \"30 04 2024 11:20\", \"people\": 1, \"product\": null, \"totalPrice\": 1300, \"productList\": [{\"id\": 32, \"qty\": 0, \"price\": 0, \"product\": \"Маргарита\"}, {\"id\": 33, \"qty\": 0, \"price\": 0, \"product\": \"Гавайская\"}, {\"id\": 31, \"qty\": 1, \"price\": \"1300\", \"product\": \"Овощной суп\"}]}', 1300, 13, '30 04 2024 11:20', '2024-04-29 00:20:32', '2024-04-29 00:20:32', 'Кафе «Баку»', 'https://tourmeddriver.com/storage/cafe_images_card/Bf620TfVhX7NAblSAGdbFh48myWnPlVF9NTLumoT.jpg', 'cafe', 'cafe@mail.ru'),
(1641, '{\"date\": \"30 04 2024 11:20\", \"people\": 1, \"product\": null, \"totalPrice\": 1300, \"productList\": [{\"id\": 32, \"qty\": 0, \"price\": 0, \"product\": \"Маргарита\"}, {\"id\": 33, \"qty\": 0, \"price\": 0, \"product\": \"Гавайская\"}, {\"id\": 31, \"qty\": 1, \"price\": \"1300\", \"product\": \"Овощной суп\"}]}', 1300, 13, '30 04 2024 11:20', '2024-04-29 00:20:34', '2024-04-29 00:20:34', 'Кафе «Баку»', 'https://tourmeddriver.com/storage/cafe_images_card/Bf620TfVhX7NAblSAGdbFh48myWnPlVF9NTLumoT.jpg', 'cafe', 'cafe@mail.ru'),
(1642, '{\"date\": \"30 04 2024 11:22\", \"people\": 1, \"product\": null, \"totalPrice\": 5100, \"productList\": [{\"id\": 18, \"qty\": 17, \"price\": 5100, \"product\": \"Стейк из семги\"}]}', 5100, 13, '30 04 2024 11:22', '2024-04-29 00:23:04', '2024-04-29 00:23:04', 'Кафе «Баку»', 'https://tourmeddriver.com/storage/cafe_images_card/Bf620TfVhX7NAblSAGdbFh48myWnPlVF9NTLumoT.jpg', 'cafe', 'cafe@mail.ru'),
(1643, '{\"date\": \"30 04 2024 11:22\", \"people\": 1, \"product\": null, \"totalPrice\": 4800, \"productList\": [{\"id\": 18, \"qty\": 16, \"price\": 4800, \"product\": \"Стейк из семги\"}]}', 4800, 13, '30 04 2024 11:22', '2024-04-29 00:23:08', '2024-04-29 00:23:08', 'Кафе «Баку»', 'https://tourmeddriver.com/storage/cafe_images_card/Bf620TfVhX7NAblSAGdbFh48myWnPlVF9NTLumoT.jpg', 'cafe', 'cafe@mail.ru'),
(1644, '{\"date\": \"30 04 2024 11:22\", \"people\": 1, \"product\": null, \"totalPrice\": 4800, \"productList\": [{\"id\": 18, \"qty\": 16, \"price\": 4800, \"product\": \"Стейк из семги\"}]}', 4800, 13, '30 04 2024 11:22', '2024-04-29 00:23:10', '2024-04-29 00:23:10', 'Кафе «Баку»', 'https://tourmeddriver.com/storage/cafe_images_card/Bf620TfVhX7NAblSAGdbFh48myWnPlVF9NTLumoT.jpg', 'cafe', 'cafe@mail.ru'),
(1645, '{\"date\": \"30 04 2024 11:22\", \"people\": 1, \"product\": null, \"totalPrice\": 4800, \"productList\": [{\"id\": 18, \"qty\": 16, \"price\": 4800, \"product\": \"Стейк из семги\"}]}', 4800, 13, '30 04 2024 11:22', '2024-04-29 00:23:10', '2024-04-29 00:23:10', 'Кафе «Баку»', 'https://tourmeddriver.com/storage/cafe_images_card/Bf620TfVhX7NAblSAGdbFh48myWnPlVF9NTLumoT.jpg', 'cafe', 'cafe@mail.ru'),
(1646, '{\"id\": 1, \"date\": [\"01 05 2024\", \"02 05 2024\"], \"berth\": \"1\", \"title\": \"Стандарт\", \"product\": null, \"allPrice\": 300, \"category\": \"Стандарт\", \"totalPrice\": 4700, \"productList\": [{\"id\": 1, \"qty\": 1, \"price\": \"4100\", \"product\": \"Теннисный корт\"}, {\"id\": 2, \"qty\": 1, \"price\": \"300\", \"product\": \"Ракетка\"}]}', 4700, 13, '-', '2024-04-29 00:26:43', '2024-04-29 00:26:43', 'Спорт-база “Сила”', 'https://tourmeddriver.com/storage/sport_images_card/sD7aWmfj97N6NBdW4p1NmcNC3RtJF7WaMa8QG7VX.jpg', 'sport', 'sport@mail.ru'),
(1647, '{\"id\": 1, \"date\": [\"29.04.2024\", \"30.04.2024\"], \"berth\": \"2\", \"price\": 2900, \"title\": \"Двухместный люкс\", \"category\": \"Двухместные люкс\"}', 5800, 13, '-', '2024-04-29 00:39:06', '2024-04-29 00:39:06', 'Двухместный люкс', 'https://tourmeddriver.com/public/storage/hostel_images/dRUjum0WNdAh2qMC0Gyh2RfeoASNiNhsSVhBRjzO.jpg', 'hostel', 'hostel@mail.ru'),
(1648, '{\"id\": 1, \"date\": [\"29.04.2024\", \"30.04.2024\"], \"berth\": \"2\", \"price\": 2900, \"title\": \"Двухместный люкс\", \"category\": \"Двухместные люкс\"}', 5800, 13, '-', '2024-04-29 00:39:07', '2024-04-29 00:39:07', 'Двухместный люкс', 'https://tourmeddriver.com/public/storage/hostel_images/dRUjum0WNdAh2qMC0Gyh2RfeoASNiNhsSVhBRjzO.jpg', 'hostel', 'hostel@mail.ru'),
(1650, '{\"date\": \"02.05.2024\", \"title\": \"Центр укрепления здоровья \\\"Боли-Нет\\\"\", \"people\": 1, \"product\": null, \"totalPrice\": 600, \"productList\": [{\"id\": 233, \"qty\": 1, \"price\": \"0\", \"product\": \"Определение состава тела\"}, {\"id\": 234, \"qty\": 1, \"price\": \"600\", \"product\": \"SPA Капсула HK-7000\"}]}', 600, 13, '02.05.2024', '2024-04-29 00:44:01', '2024-04-29 00:44:01', 'Центр укрепления здоровья \"Боли-Нет\"', 'https://tourmeddriver.com/public/storage/medical_images_card/skSKHCT4Xj3ffhAv4bhS6RZ0btvRBtD9vQEaw5iw.jpg', 'Мед.центр', 'bolinetanapa@yandex.ru'),
(1661, '{\"date\": \"30 04 2024 15:56\", \"people\": 1, \"product\": null, \"totalPrice\": 6100, \"productList\": [{\"id\": 32, \"qty\": 1, \"price\": \"500\", \"product\": \"Маргарита\"}, {\"id\": 33, \"qty\": 1, \"price\": \"1300\", \"product\": \"Гавайская\"}, {\"id\": 34, \"qty\": 1, \"price\": \"4300\", \"product\": \"Охотничья\"}]}', 6100, 13, '30 04 2024 15:56', '2024-04-29 04:56:17', '2024-04-29 04:56:17', 'Кафе «Баку»', 'https://tourmeddriver.com/storage/cafe_images_card/Bf620TfVhX7NAblSAGdbFh48myWnPlVF9NTLumoT.jpg', 'cafe', 'cafe@mail.ru'),
(1662, '{\"date\": \"30 04 2024 15:56\", \"people\": 1, \"product\": null, \"totalPrice\": 4800, \"productList\": [{\"id\": 32, \"qty\": 1, \"price\": \"500\", \"product\": \"Маргарита\"}, {\"id\": 33, \"qty\": 0, \"price\": 0, \"product\": \"Гавайская\"}, {\"id\": 34, \"qty\": 1, \"price\": \"4300\", \"product\": \"Охотничья\"}]}', 4800, 13, '30 04 2024 15:56', '2024-04-29 04:56:23', '2024-04-29 04:56:23', 'Кафе «Баку»', 'https://tourmeddriver.com/storage/cafe_images_card/Bf620TfVhX7NAblSAGdbFh48myWnPlVF9NTLumoT.jpg', 'cafe', 'cafe@mail.ru'),
(1669, '{\"id\": 1, \"date\": \"11.05.2024  - 11.05.2024\", \"berth\": 1, \"price\": 50000, \"title\": \"Экскурсионный тур по Дагестану\", \"category\": \"Отель 3 звезды\"}', 50000, 75, '11.05.2024', '2024-05-11 09:06:49', '2024-05-11 09:06:49', 'Экскурсионный тур по Дагестану', 'https://tourmeddriver.com/public/storage/turoperator_images/hSE7Bd6O1MKE3Y4N8WUptpP5I6OX3RNFylynZrAv.jpg', 'tur', 'tur@mail.ru'),
(1670, '{\"date\": \"25.05.2024\", \"title\": \"Медицинский центр\", \"people\": 5, \"product\": null, \"totalPrice\": 33600, \"productList\": [{\"id\": 1, \"qty\": 4, \"price\": \"300\", \"product\": \"Консультация дермалогога\"}, {\"id\": 10, \"qty\": 4, \"price\": \"4300\", \"product\": \"Повторный прием эндокринолога\"}, {\"id\": 11, \"qty\": 4, \"price\": \"1300\", \"product\": \"Прием детского эндокринолога\"}, {\"id\": 18, \"qty\": 4, \"price\": \"2500\", \"product\": \"Цистоскопия\"}]}', 33600, 75, '25.05.2024', '2024-05-11 09:07:49', '2024-05-11 09:07:49', 'Медицинский центр', 'https://tourmeddriver.com/public/storage/medical_images_card/EyiOJRNs6wUPi7sgQoMJVhGrrlJBri6NiemLHDDP.jpg', 'Мед.центр', 'klimashevskijvova@gmail.com'),
(1674, '{\"date\": \"27 06 2024 14:43\", \"people\": 1, \"product\": null, \"totalPrice\": 300, \"productList\": [{\"id\": 1, \"qty\": 1, \"price\": \"300\", \"product\": \"Консультация дермалогога\"}]}', 300, 13, '27 06 2024 14:43', '2024-06-22 03:43:15', '2024-06-22 03:43:15', 'Медицинский центр', 'https://tourmeddriver.com/storage/medical_images_card/EyiOJRNs6wUPi7sgQoMJVhGrrlJBri6NiemLHDDP.jpg', 'Мед.центр', 'klimashevskijvova@gmail.com'),
(1681, '{\"date\": \"24 10 2024 12:00\", \"people\": 1, \"product\": null, \"totalPrice\": 2700, \"productList\": [{\"id\": 2, \"qty\": 1, \"price\": \"1300\", \"product\": \"Трихоскопия\"}, {\"id\": 3, \"qty\": 1, \"price\": 1400, \"product\": \"Цифровая дерматоскопия\"}, {\"id\": 9, \"qty\": 0, \"price\": 0, \"product\": \"Первичный прием эндокринолога\"}]}', 2700, 12, '24 10 2024 12:00', '2024-10-23 06:04:48', '2024-10-23 06:04:48', 'Медицинский центр', 'https://tourmeddriver.com/storage/medical_images_card/EyiOJRNs6wUPi7sgQoMJVhGrrlJBri6NiemLHDDP.jpg', 'Мед.центр', 'klimashevskijvova@gmail.com'),
(1682, '{\"date\": \"24 10 2024 12:00\", \"people\": 1, \"product\": null, \"totalPrice\": 1300, \"productList\": [{\"id\": 2, \"qty\": 1, \"price\": \"1300\", \"product\": \"Трихоскопия\"}, {\"id\": 3, \"qty\": 0, \"price\": 0, \"product\": \"Цифровая дерматоскопия\"}, {\"id\": 9, \"qty\": 0, \"price\": 0, \"product\": \"Первичный прием эндокринолога\"}]}', 1300, 12, '24 10 2024 12:00', '2024-10-23 06:05:26', '2024-10-23 06:05:26', 'Медицинский центр', 'https://tourmeddriver.com/storage/medical_images_card/EyiOJRNs6wUPi7sgQoMJVhGrrlJBri6NiemLHDDP.jpg', 'Мед.центр', 'klimashevskijvova@gmail.com');

-- --------------------------------------------------------

--
-- Структура таблицы `republics`
--

CREATE TABLE `republics` (
  `id` bigint UNSIGNED NOT NULL,
  `title` varchar(255) COLLATE utf8mb4_unicode_ci NOT NULL,
  `created_at` timestamp NULL DEFAULT NULL,
  `updated_at` timestamp NULL DEFAULT NULL,
  `deleted_at` timestamp NULL DEFAULT NULL,
  `district_id` int DEFAULT NULL
) ENGINE=InnoDB DEFAULT CHARSET=utf8mb4 COLLATE=utf8mb4_unicode_ci;

--
-- Дамп данных таблицы `republics`
--

INSERT INTO `republics` (`id`, `title`, `created_at`, `updated_at`, `deleted_at`, `district_id`) VALUES
(8, 'Минская область', '2024-09-06 04:16:49', '2024-09-06 04:16:49', NULL, 6),
(9, 'Гомельская область', '2024-09-06 04:17:03', '2024-09-06 04:17:03', NULL, 6),
(10, 'Московская область', '2024-09-06 04:17:40', '2024-09-06 04:17:40', NULL, 7),
(11, 'Дагестан', '2024-09-06 04:17:54', '2024-09-06 04:17:54', NULL, 7),
(12, 'Гродненская область', '2024-09-06 04:29:57', '2024-09-06 04:29:57', NULL, 6),
(13, 'Краснодарский край', '2024-09-06 08:44:14', '2024-09-06 08:44:14', NULL, 7),
(14, 'Баку', '2024-09-15 11:37:02', '2024-09-15 11:37:02', NULL, 8),
(15, 'Ленинградская область', '2024-09-15 11:50:48', '2024-09-15 11:50:48', NULL, 7);

-- --------------------------------------------------------

--
-- Структура таблицы `sanatorium_actions`
--

CREATE TABLE `sanatorium_actions` (
  `id` bigint UNSIGNED NOT NULL,
  `title` varchar(255) COLLATE utf8mb4_unicode_ci NOT NULL,
  `user_id` bigint UNSIGNED DEFAULT NULL,
  `created_at` timestamp NULL DEFAULT NULL,
  `updated_at` timestamp NULL DEFAULT NULL
) ENGINE=InnoDB DEFAULT CHARSET=utf8mb4 COLLATE=utf8mb4_unicode_ci;

--
-- Дамп данных таблицы `sanatorium_actions`
--

INSERT INTO `sanatorium_actions` (`id`, `title`, `user_id`, `created_at`, `updated_at`) VALUES
(1, 'вкусный завтрак', 10, '2023-02-23 17:03:49', '2023-02-23 17:03:49'),
(2, '5% скидка на такси', 10, '2023-02-23 17:04:01', '2023-02-23 17:04:01');

-- --------------------------------------------------------

--
-- Структура таблицы `sanatorium_cards`
--

CREATE TABLE `sanatorium_cards` (
  `id` bigint UNSIGNED NOT NULL,
  `title` varchar(255) COLLATE utf8mb4_unicode_ci NOT NULL,
  `content` varchar(255) COLLATE utf8mb4_unicode_ci NOT NULL,
  `desc` varchar(255) COLLATE utf8mb4_unicode_ci NOT NULL,
  `link` varchar(255) COLLATE utf8mb4_unicode_ci NOT NULL,
  `name_link` varchar(255) COLLATE utf8mb4_unicode_ci NOT NULL,
  `address` varchar(255) COLLATE utf8mb4_unicode_ci NOT NULL,
  `coordinate_l` varchar(255) COLLATE utf8mb4_unicode_ci NOT NULL,
  `coordinate_r` varchar(255) COLLATE utf8mb4_unicode_ci NOT NULL,
  `preview_image` varchar(255) COLLATE utf8mb4_unicode_ci DEFAULT NULL,
  `logo` varchar(255) COLLATE utf8mb4_unicode_ci DEFAULT NULL,
  `phone` bigint UNSIGNED DEFAULT NULL,
  `user_id` bigint UNSIGNED DEFAULT NULL,
  `type_id` bigint UNSIGNED DEFAULT NULL,
  `district_id` bigint UNSIGNED DEFAULT NULL,
  `republic_id` bigint UNSIGNED DEFAULT NULL,
  `city_id` bigint UNSIGNED DEFAULT NULL,
  `coordinate` varchar(255) COLLATE utf8mb4_unicode_ci DEFAULT NULL,
  `created_at` timestamp NULL DEFAULT NULL,
  `updated_at` timestamp NULL DEFAULT NULL,
  `user_email` varchar(255) COLLATE utf8mb4_unicode_ci DEFAULT NULL
) ENGINE=InnoDB DEFAULT CHARSET=utf8mb4 COLLATE=utf8mb4_unicode_ci;

--
-- Дамп данных таблицы `sanatorium_cards`
--

INSERT INTO `sanatorium_cards` (`id`, `title`, `content`, `desc`, `link`, `name_link`, `address`, `coordinate_l`, `coordinate_r`, `preview_image`, `logo`, `phone`, `user_id`, `type_id`, `district_id`, `republic_id`, `city_id`, `coordinate`, `created_at`, `updated_at`, `user_email`) VALUES
(1, 'Санаторий', 'Добро пожаловать в наш санаторий. Здесь для Вас самый лучший отдых, который запомниться на всю жизнь. Мы заботимся о Вашем оздоровлении и предлагаем только лучшие процедуры, которые помогут восстановиться после городской суеты.', 'Добро пожаловать в наш санаторий', 'https://tourmeddriver.com/', 'Санаторий', 'Россия, Махачкала, Улица Абдулаева 13', '42.97792207447242', '47.411877', 'sanatorium_images_card/FwDfiCCFXtALj7UjXNeR3B98kmfwQM2yVvj38tt0.jpg', 'sanatorium_images_card/fjfPaXARcBcQhnfW9LZbI1sp08FqZUadVpC3sCko.jpg', 78722650450, 10, 5, 7, 10, 17, NULL, '2023-02-23 17:01:54', '2024-10-15 08:05:46', 'san@mail.ru');

-- --------------------------------------------------------

--
-- Структура таблицы `sanatorium_card_images`
--

CREATE TABLE `sanatorium_card_images` (
  `id` bigint UNSIGNED NOT NULL,
  `sanatorium_card_id` bigint UNSIGNED NOT NULL,
  `images` varchar(255) COLLATE utf8mb4_unicode_ci NOT NULL,
  `created_at` timestamp NULL DEFAULT NULL,
  `updated_at` timestamp NULL DEFAULT NULL
) ENGINE=InnoDB DEFAULT CHARSET=utf8mb4 COLLATE=utf8mb4_unicode_ci;

--
-- Дамп данных таблицы `sanatorium_card_images`
--

INSERT INTO `sanatorium_card_images` (`id`, `sanatorium_card_id`, `images`, `created_at`, `updated_at`) VALUES
(5, 1, '-main_image-1679651004190.jpg', '2023-03-24 06:43:24', '2023-03-24 06:43:24'),
(6, 1, '-main_image-1679651004892.jpg', '2023-03-24 06:43:24', '2023-03-24 06:43:24'),
(7, 1, '-main_image-1679651004859.jpg', '2023-03-24 06:43:24', '2023-03-24 06:43:24');

-- --------------------------------------------------------

--
-- Структура таблицы `sanatorium_card_tags`
--

CREATE TABLE `sanatorium_card_tags` (
  `id` bigint UNSIGNED NOT NULL,
  `title` varchar(255) COLLATE utf8mb4_unicode_ci NOT NULL,
  `created_at` timestamp NULL DEFAULT NULL,
  `updated_at` timestamp NULL DEFAULT NULL,
  `deleted_at` timestamp NULL DEFAULT NULL,
  `user_id` bigint UNSIGNED DEFAULT NULL
) ENGINE=InnoDB DEFAULT CHARSET=utf8mb4 COLLATE=utf8mb4_unicode_ci;

--
-- Дамп данных таблицы `sanatorium_card_tags`
--

INSERT INTO `sanatorium_card_tags` (`id`, `title`, `created_at`, `updated_at`, `deleted_at`, `user_id`) VALUES
(1, 'лучший отдых', '2023-02-23 16:54:03', '2023-02-23 16:54:03', NULL, 10),
(2, 'заботимся о Вашем оздоровлении', '2023-02-23 16:54:13', '2023-02-23 16:54:13', NULL, 10),
(3, 'лучшие процедуры', '2023-02-23 16:54:20', '2023-02-23 16:54:20', NULL, 10),
(4, 'лучший отдых1', '2023-02-24 10:50:16', '2023-02-24 10:50:16', NULL, 10),
(5, 'лучший отдых2', '2023-02-24 10:50:22', '2023-02-24 10:50:22', NULL, 10);

-- --------------------------------------------------------

--
-- Структура таблицы `sanatorium_card_tag_cards`
--

CREATE TABLE `sanatorium_card_tag_cards` (
  `id` bigint UNSIGNED NOT NULL,
  `sanatorium_card_id` bigint UNSIGNED NOT NULL,
  `sanatorium_cardTag_id` bigint UNSIGNED NOT NULL,
  `created_at` timestamp NULL DEFAULT NULL,
  `updated_at` timestamp NULL DEFAULT NULL
) ENGINE=InnoDB DEFAULT CHARSET=utf8mb4 COLLATE=utf8mb4_unicode_ci;

--
-- Дамп данных таблицы `sanatorium_card_tag_cards`
--

INSERT INTO `sanatorium_card_tag_cards` (`id`, `sanatorium_card_id`, `sanatorium_cardTag_id`, `created_at`, `updated_at`) VALUES
(1, 1, 1, NULL, NULL),
(2, 1, 2, NULL, NULL),
(3, 1, 3, NULL, NULL),
(4, 1, 4, NULL, NULL),
(5, 1, 5, NULL, NULL);

-- --------------------------------------------------------

--
-- Структура таблицы `sanatorium_categories`
--

CREATE TABLE `sanatorium_categories` (
  `id` bigint UNSIGNED NOT NULL,
  `title` varchar(255) COLLATE utf8mb4_unicode_ci NOT NULL,
  `created_at` timestamp NULL DEFAULT NULL,
  `updated_at` timestamp NULL DEFAULT NULL,
  `deleted_at` timestamp NULL DEFAULT NULL,
  `user_id` bigint UNSIGNED DEFAULT NULL
) ENGINE=InnoDB DEFAULT CHARSET=utf8mb4 COLLATE=utf8mb4_unicode_ci;

--
-- Дамп данных таблицы `sanatorium_categories`
--

INSERT INTO `sanatorium_categories` (`id`, `title`, `created_at`, `updated_at`, `deleted_at`, `user_id`) VALUES
(1, 'Одноместный', '2023-02-23 17:04:38', '2023-02-23 17:04:38', NULL, 10),
(2, 'Двухместный', '2023-02-23 17:04:45', '2023-02-23 17:04:45', NULL, 10),
(3, 'Двухместный люкс', '2023-02-23 17:04:52', '2023-02-23 17:04:52', NULL, 10);

-- --------------------------------------------------------

--
-- Структура таблицы `sanatorium_images`
--

CREATE TABLE `sanatorium_images` (
  `id` bigint UNSIGNED NOT NULL,
  `sanatorium_post_id` bigint UNSIGNED NOT NULL,
  `images` varchar(255) COLLATE utf8mb4_unicode_ci NOT NULL,
  `created_at` timestamp NULL DEFAULT NULL,
  `updated_at` timestamp NULL DEFAULT NULL
) ENGINE=InnoDB DEFAULT CHARSET=utf8mb4 COLLATE=utf8mb4_unicode_ci;

--
-- Дамп данных таблицы `sanatorium_images`
--

INSERT INTO `sanatorium_images` (`id`, `sanatorium_post_id`, `images`, `created_at`, `updated_at`) VALUES
(4, 1, '-main_image-1679651051811.jpg', '2023-03-24 06:44:11', '2023-03-24 06:44:11'),
(5, 1, '-main_image-167965108438.jpg', '2023-03-24 06:44:44', '2023-03-24 06:44:44'),
(6, 2, '-main_image-1679651151850.jpg', '2023-03-24 06:45:51', '2023-03-24 06:45:51'),
(7, 2, '-main_image-1679651151319.jpg', '2023-03-24 06:45:51', '2023-03-24 06:45:51'),
(8, 3, '-main_image-1679651181654.jpg', '2023-03-24 06:46:21', '2023-03-24 06:46:21');

-- --------------------------------------------------------

--
-- Структура таблицы `sanatorium_posts`
--

CREATE TABLE `sanatorium_posts` (
  `id` bigint UNSIGNED NOT NULL,
  `title` varchar(255) COLLATE utf8mb4_unicode_ci NOT NULL,
  `content` text COLLATE utf8mb4_unicode_ci NOT NULL,
  `price` int NOT NULL,
  `sanatorium_category_id` bigint UNSIGNED DEFAULT NULL,
  `created_at` timestamp NULL DEFAULT NULL,
  `updated_at` timestamp NULL DEFAULT NULL,
  `deleted_at` timestamp NULL DEFAULT NULL,
  `user_id` bigint UNSIGNED DEFAULT NULL,
  `sanatorium_preview_image` varchar(255) COLLATE utf8mb4_unicode_ci DEFAULT NULL,
  `berth` varchar(255) COLLATE utf8mb4_unicode_ci DEFAULT NULL
) ENGINE=InnoDB DEFAULT CHARSET=utf8mb4 COLLATE=utf8mb4_unicode_ci;

--
-- Дамп данных таблицы `sanatorium_posts`
--

INSERT INTO `sanatorium_posts` (`id`, `title`, `content`, `price`, `sanatorium_category_id`, `created_at`, `updated_at`, `deleted_at`, `user_id`, `sanatorium_preview_image`, `berth`) VALUES
(1, 'Одноместный', '<p>Одноместный&nbsp; &nbsp;<br></p>', 1200, 1, '2023-02-23 17:06:26', '2023-03-24 06:43:54', NULL, 10, 'sanatorium_images/yCI0WVfFKT9yoUj31QI9hddZCj1xgE4tRe9Tv79n.jpg', '1'),
(2, 'Двухместный', '<p>Двухместный&nbsp;<br></p>', 1900, 2, '2023-02-23 17:07:24', '2023-03-24 06:45:30', NULL, 10, 'sanatorium_images/asa3jyT7c6lah1RgnN9mje9vJoaM3zB5V94zPn20.jpg', '2'),
(3, 'Двухместный люкс', '<p>Двухместный люкс&nbsp;<br></p>', 2900, 3, '2023-02-23 17:08:03', '2023-03-24 06:46:48', NULL, 10, 'sanatorium_images/x1zMsgC0hcMhoYLJYeLwsjsMkyit2Med97wJnYQy.jpg', '2');

-- --------------------------------------------------------

--
-- Структура таблицы `sanatorium_post_tags`
--

CREATE TABLE `sanatorium_post_tags` (
  `id` bigint UNSIGNED NOT NULL,
  `sanatorium_post_id` bigint UNSIGNED NOT NULL,
  `sanatorium_tag_id` bigint UNSIGNED NOT NULL,
  `created_at` timestamp NULL DEFAULT NULL,
  `updated_at` timestamp NULL DEFAULT NULL
) ENGINE=InnoDB DEFAULT CHARSET=utf8mb4 COLLATE=utf8mb4_unicode_ci;

--
-- Дамп данных таблицы `sanatorium_post_tags`
--

INSERT INTO `sanatorium_post_tags` (`id`, `sanatorium_post_id`, `sanatorium_tag_id`, `created_at`, `updated_at`) VALUES
(1, 1, 1, NULL, NULL),
(2, 1, 2, NULL, NULL),
(3, 1, 3, NULL, NULL),
(4, 2, 2, NULL, NULL),
(5, 2, 3, NULL, NULL),
(6, 2, 4, NULL, NULL),
(7, 3, 2, NULL, NULL),
(8, 3, 4, NULL, NULL),
(9, 3, 5, NULL, NULL),
(10, 3, 6, NULL, NULL);

-- --------------------------------------------------------

--
-- Структура таблицы `sanatorium_servics`
--

CREATE TABLE `sanatorium_servics` (
  `id` bigint UNSIGNED NOT NULL,
  `title` varchar(255) COLLATE utf8mb4_unicode_ci NOT NULL,
  `user_id` bigint UNSIGNED DEFAULT NULL,
  `created_at` timestamp NULL DEFAULT NULL,
  `updated_at` timestamp NULL DEFAULT NULL
) ENGINE=InnoDB DEFAULT CHARSET=utf8mb4 COLLATE=utf8mb4_unicode_ci;

--
-- Дамп данных таблицы `sanatorium_servics`
--

INSERT INTO `sanatorium_servics` (`id`, `title`, `user_id`, `created_at`, `updated_at`) VALUES
(1, 'Полотенце', 10, '2023-02-23 17:02:38', '2023-02-23 17:02:38'),
(2, 'кухня', 10, '2023-02-23 17:02:44', '2023-02-23 17:02:44'),
(3, 'телевизор', 10, '2023-02-23 17:02:48', '2023-02-23 17:02:48'),
(4, 'утюг', 10, '2023-02-23 17:02:52', '2023-02-23 17:02:52'),
(5, 'автостоянка', 10, '2023-02-23 17:02:56', '2023-02-23 17:02:56'),
(6, 'ресторан', 10, '2023-02-23 17:03:00', '2023-02-23 17:03:00'),
(7, 'сейф', 10, '2023-02-23 17:03:03', '2023-02-23 17:03:03'),
(8, 'зеркало', 10, '2023-02-23 17:03:08', '2023-02-23 17:03:08'),
(9, 'мини-бар', 10, '2023-02-23 17:03:14', '2023-02-23 17:03:14');

-- --------------------------------------------------------

--
-- Структура таблицы `sanatorium_tags`
--

CREATE TABLE `sanatorium_tags` (
  `id` bigint UNSIGNED NOT NULL,
  `title` varchar(255) COLLATE utf8mb4_unicode_ci NOT NULL,
  `created_at` timestamp NULL DEFAULT NULL,
  `updated_at` timestamp NULL DEFAULT NULL,
  `deleted_at` timestamp NULL DEFAULT NULL,
  `user_id` bigint UNSIGNED DEFAULT NULL
) ENGINE=InnoDB DEFAULT CHARSET=utf8mb4 COLLATE=utf8mb4_unicode_ci;

--
-- Дамп данных таблицы `sanatorium_tags`
--

INSERT INTO `sanatorium_tags` (`id`, `title`, `created_at`, `updated_at`, `deleted_at`, `user_id`) VALUES
(1, 'кровать односпальная', '2023-02-23 17:05:02', '2023-02-23 17:05:02', NULL, 10),
(2, 'душ', '2023-02-23 17:05:07', '2023-02-23 17:05:07', NULL, 10),
(3, 'телевизор', '2023-02-23 17:05:12', '2023-02-23 17:05:12', NULL, 10),
(4, 'кровать двуспальная', '2023-02-23 17:05:19', '2023-02-23 17:05:19', NULL, 10),
(5, 'сейф', '2023-02-23 17:05:27', '2023-02-23 17:05:27', NULL, 10),
(6, '2 комнаты', '2023-02-23 17:05:32', '2023-02-23 17:05:32', NULL, 10);

-- --------------------------------------------------------

--
-- Структура таблицы `sanatorium_todo_items`
--

CREATE TABLE `sanatorium_todo_items` (
  `id` bigint UNSIGNED NOT NULL,
  `sanatorium_todo_list_id` bigint UNSIGNED NOT NULL,
  `title` varchar(255) COLLATE utf8mb4_unicode_ci NOT NULL,
  `price` varchar(255) COLLATE utf8mb4_unicode_ci DEFAULT NULL,
  `created_at` timestamp NULL DEFAULT NULL,
  `updated_at` timestamp NULL DEFAULT NULL
) ENGINE=InnoDB DEFAULT CHARSET=utf8mb4 COLLATE=utf8mb4_unicode_ci;

--
-- Дамп данных таблицы `sanatorium_todo_items`
--

INSERT INTO `sanatorium_todo_items` (`id`, `sanatorium_todo_list_id`, `title`, `price`, `created_at`, `updated_at`) VALUES
(1, 1, 'Ванна жемчужная', '300', '2023-02-23 16:55:47', '2023-02-23 16:55:47'),
(2, 1, 'Ванна хвойная', '1000', '2023-02-23 16:55:55', '2023-02-23 16:55:55'),
(3, 1, 'Ванна шоколадная', '250', '2023-02-23 16:56:10', '2023-02-23 16:56:10'),
(4, 2, 'Ручной массаж спины', '500', '2023-02-23 16:56:31', '2023-02-23 16:56:31'),
(5, 2, 'Ручной массаж всего тела', '800', '2023-02-23 16:56:54', '2023-02-23 16:56:54'),
(6, 2, 'Подводный душ-массаж', '1000', '2023-02-23 16:57:12', '2023-02-23 16:57:12'),
(7, 2, 'Аквамассаж', '2000', '2023-02-23 16:57:27', '2023-02-23 16:57:27'),
(8, 3, 'Электролечение', '800', '2023-02-23 16:57:51', '2023-02-23 16:57:51'),
(9, 3, 'Светолечение', '1000', '2023-02-23 16:58:02', '2023-02-23 16:58:02'),
(10, 3, 'Магнитотерапия', '3000', '2023-02-23 16:58:15', '2023-02-23 16:58:15'),
(12, 5, 'Электрокардиография (ЭКГ)', '800р', '2023-04-21 05:32:43', '2023-04-21 05:32:43');

-- --------------------------------------------------------

--
-- Структура таблицы `sanatorium_todo_lists`
--

CREATE TABLE `sanatorium_todo_lists` (
  `id` bigint UNSIGNED NOT NULL,
  `title` varchar(255) COLLATE utf8mb4_unicode_ci NOT NULL,
  `user_id` bigint UNSIGNED DEFAULT NULL,
  `created_at` timestamp NULL DEFAULT NULL,
  `updated_at` timestamp NULL DEFAULT NULL,
  `deleted_at` timestamp NULL DEFAULT NULL
) ENGINE=InnoDB DEFAULT CHARSET=utf8mb4 COLLATE=utf8mb4_unicode_ci;

--
-- Дамп данных таблицы `sanatorium_todo_lists`
--

INSERT INTO `sanatorium_todo_lists` (`id`, `title`, `user_id`, `created_at`, `updated_at`, `deleted_at`) VALUES
(1, 'Ванны', 10, '2023-02-23 16:55:26', '2023-02-23 16:55:26', NULL),
(2, 'Массаж', 10, '2023-02-23 16:56:16', '2023-02-23 16:56:16', NULL),
(3, 'Физиопроцедуры', 10, '2023-02-23 16:57:35', '2023-02-23 16:57:35', NULL),
(5, 'Функциональная диагностика', 10, '2023-04-21 05:31:29', '2023-04-21 05:31:29', NULL);

-- --------------------------------------------------------

--
-- Структура таблицы `sanatorium_todo_products`
--

CREATE TABLE `sanatorium_todo_products` (
  `id` bigint UNSIGNED NOT NULL,
  `sanatorium_todo_item_id` bigint UNSIGNED DEFAULT NULL,
  `title` varchar(255) COLLATE utf8mb4_unicode_ci NOT NULL,
  `price` varchar(255) COLLATE utf8mb4_unicode_ci DEFAULT NULL,
  `created_at` timestamp NULL DEFAULT NULL,
  `updated_at` timestamp NULL DEFAULT NULL
) ENGINE=InnoDB DEFAULT CHARSET=utf8mb4 COLLATE=utf8mb4_unicode_ci;

-- --------------------------------------------------------

--
-- Структура таблицы `spa_actions`
--

CREATE TABLE `spa_actions` (
  `id` bigint UNSIGNED NOT NULL,
  `title` varchar(255) COLLATE utf8mb4_unicode_ci NOT NULL,
  `user_id` bigint UNSIGNED DEFAULT NULL,
  `created_at` timestamp NULL DEFAULT NULL,
  `updated_at` timestamp NULL DEFAULT NULL
) ENGINE=InnoDB DEFAULT CHARSET=utf8mb4 COLLATE=utf8mb4_unicode_ci;

--
-- Дамп данных таблицы `spa_actions`
--

INSERT INTO `spa_actions` (`id`, `title`, `user_id`, `created_at`, `updated_at`) VALUES
(1, 'акция №1', 3, '2023-02-27 12:48:11', '2023-02-27 12:48:11'),
(2, 'акция №2', 3, '2023-02-27 12:48:15', '2023-02-27 12:48:15'),
(3, 'акция №112', 3, '2023-02-27 12:48:19', '2023-02-27 12:48:19'),
(4, 'Преференция 1', 15, '2023-05-22 18:10:48', '2023-05-22 18:10:48'),
(5, 'Преференция 2', 15, '2023-05-22 18:11:00', '2023-05-22 18:11:00'),
(6, 'Преференция 1', 31, '2023-07-06 03:38:19', '2023-07-06 03:38:19'),
(7, 'Преференция 2', 31, '2023-07-06 03:38:28', '2023-07-06 03:38:28');

-- --------------------------------------------------------

--
-- Структура таблицы `spa_cards`
--

CREATE TABLE `spa_cards` (
  `id` bigint UNSIGNED NOT NULL,
  `title` varchar(255) COLLATE utf8mb4_unicode_ci NOT NULL,
  `content` varchar(255) COLLATE utf8mb4_unicode_ci NOT NULL,
  `desc` varchar(255) COLLATE utf8mb4_unicode_ci NOT NULL,
  `link` varchar(255) COLLATE utf8mb4_unicode_ci NOT NULL,
  `name_link` varchar(255) COLLATE utf8mb4_unicode_ci NOT NULL,
  `address` varchar(255) COLLATE utf8mb4_unicode_ci NOT NULL,
  `coordinate_l` varchar(255) COLLATE utf8mb4_unicode_ci NOT NULL,
  `coordinate_r` varchar(255) COLLATE utf8mb4_unicode_ci NOT NULL,
  `preview_image` varchar(255) COLLATE utf8mb4_unicode_ci DEFAULT NULL,
  `logo` varchar(255) COLLATE utf8mb4_unicode_ci DEFAULT NULL,
  `phone` bigint UNSIGNED DEFAULT NULL,
  `user_id` bigint UNSIGNED DEFAULT NULL,
  `type_id` bigint UNSIGNED DEFAULT NULL,
  `district_id` bigint UNSIGNED DEFAULT NULL,
  `republic_id` bigint UNSIGNED DEFAULT NULL,
  `city_id` bigint UNSIGNED DEFAULT NULL,
  `created_at` timestamp NULL DEFAULT NULL,
  `updated_at` timestamp NULL DEFAULT NULL,
  `deleted_at` timestamp NULL DEFAULT NULL,
  `user_email` varchar(255) COLLATE utf8mb4_unicode_ci DEFAULT NULL
) ENGINE=InnoDB DEFAULT CHARSET=utf8mb4 COLLATE=utf8mb4_unicode_ci;

--
-- Дамп данных таблицы `spa_cards`
--

INSERT INTO `spa_cards` (`id`, `title`, `content`, `desc`, `link`, `name_link`, `address`, `coordinate_l`, `coordinate_r`, `preview_image`, `logo`, `phone`, `user_id`, `type_id`, `district_id`, `republic_id`, `city_id`, `created_at`, `updated_at`, `deleted_at`, `user_email`) VALUES
(1, 'Салон красоты', 'Наш салон красоты оказывает полный перечень услуг в разных областях. В штате только лучшие специалисты, мы заботимся о клиентах и делаем все, чтобы они были довольны.\r\nПридя к нам, вы получите лучший сервис', 'салон красоты', 'https://tourmeddriver.com/catalog/spa/1', '375173478834', 'Беларусь, Минск, проспект Победителей 17', '53.910346570631795', '27.54740399999998', 'spa_images_card/7GsR2QNuInI8oMHqp9kiP6Fh5cCwYoNAqNCM7Ao8.jpg', 'spa_images_card/kV4P5pNR922pnQ1m0QnxC03Fhvcvg3u0ghdcQaFp.jpg', 375173478834, 3, 2, 6, 8, 13, '2023-02-04 13:11:22', '2024-09-06 08:54:17', NULL, 'vladuk92@mail.ru'),
(2, 'Студия красоты Zеркала', 'Образцовая чистота, идеальное качество, приветливый персонал, честные отзывы в сети, одноразовые маникюрные наборы, современный интерьер, шаговая доступность от метро — составляющие доверия наших клиентов.', 'Современная и светлая студия в самом центре Москвы - 3 минуты от метро Маяковская.', 'https://www.zerkalastudio.ru/index.htm', 'https://www.zerkalastudio.ru/index.htm', 'Садовая-Триумфальная, 12/14с1', '55.77113', '37.601232', 'spa_images_card/gJiGmw2TNnDMF2usXvl0uOVO42gucJeo5AG590rc.jpg', 'spa_images_card/OCIuAb0a2skuo2AVIvB87oTHhvd6NFzOQBtM6vWi.png', 79295436400, 15, 2, 1, 2, 3, '2023-05-22 18:28:53', '2023-05-29 06:28:47', NULL, 'admin@mail.ru'),
(3, 'Just Kinesio', 'Оздоровительный центр кинезиологии и йоги. Наша задача помочь вам освободиться от дискомфорта и боли. Мы применяем передовые технологии в реабилитации различных нарушений, подходя к организму как к целостной системе.', 'Just kinesio - тело свободное от боли', 'http://just-kinesio.clients.site', 'http://just-kinesio.clients.site', 'Россия, Геленджик, улица Фадеева, 2', '44.5508', '38.076468', 'spa_images_card/GGmX6ZWnxcarKwc0jXAsYzXyGAXLcXZ5VXMugPqh.jpg', 'spa_images_card/sgEMkEwby3zuDGlBlspRidktb5ujRtelKvqz5kcd.jpg', 79534294240, 31, 2, 7, 13, 19, '2023-07-06 03:53:24', '2024-09-06 08:58:16', NULL, 'satxs4426@gmail.com');

-- --------------------------------------------------------

--
-- Структура таблицы `spa_card_images`
--

CREATE TABLE `spa_card_images` (
  `id` bigint UNSIGNED NOT NULL,
  `spa_card_id` bigint UNSIGNED NOT NULL,
  `images` varchar(255) COLLATE utf8mb4_unicode_ci NOT NULL,
  `created_at` timestamp NULL DEFAULT NULL,
  `updated_at` timestamp NULL DEFAULT NULL
) ENGINE=InnoDB DEFAULT CHARSET=utf8mb4 COLLATE=utf8mb4_unicode_ci;

--
-- Дамп данных таблицы `spa_card_images`
--

INSERT INTO `spa_card_images` (`id`, `spa_card_id`, `images`, `created_at`, `updated_at`) VALUES
(1, 1, '-main_image-168750636989.jpg', '2023-06-23 04:46:09', '2023-06-23 04:46:09'),
(3, 1, '-main_image-168750639850.jpg', '2023-06-23 04:46:38', '2023-06-23 04:46:38'),
(4, 3, 'Just Kinesio-main_image-1688626404352.jpg', '2023-07-06 03:53:24', '2023-07-06 03:53:24'),
(5, 3, '-main_image-1688627331768.webp', '2023-07-06 04:08:51', '2023-07-06 04:08:51'),
(6, 3, '-main_image-1688627409548.webp', '2023-07-06 04:10:09', '2023-07-06 04:10:09');

-- --------------------------------------------------------

--
-- Структура таблицы `spa_card_tags`
--

CREATE TABLE `spa_card_tags` (
  `id` bigint UNSIGNED NOT NULL,
  `spa_card_id` bigint UNSIGNED NOT NULL,
  `spa_tag_id` bigint UNSIGNED NOT NULL,
  `created_at` timestamp NULL DEFAULT NULL,
  `updated_at` timestamp NULL DEFAULT NULL
) ENGINE=InnoDB DEFAULT CHARSET=utf8mb4 COLLATE=utf8mb4_unicode_ci;

--
-- Дамп данных таблицы `spa_card_tags`
--

INSERT INTO `spa_card_tags` (`id`, `spa_card_id`, `spa_tag_id`, `created_at`, `updated_at`) VALUES
(1, 1, 1, NULL, NULL),
(2, 1, 2, NULL, NULL),
(3, 1, 3, NULL, NULL),
(4, 1, 4, NULL, NULL),
(5, 1, 5, NULL, NULL),
(6, 2, 6, NULL, NULL),
(7, 2, 7, NULL, NULL),
(8, 2, 8, NULL, NULL),
(9, 2, 9, NULL, NULL),
(10, 2, 10, NULL, NULL),
(11, 3, 11, NULL, NULL),
(12, 3, 12, NULL, NULL),
(13, 3, 13, NULL, NULL),
(14, 3, 14, NULL, NULL),
(15, 3, 15, NULL, NULL);

-- --------------------------------------------------------

--
-- Структура таблицы `spa_images`
--

CREATE TABLE `spa_images` (
  `id` bigint UNSIGNED NOT NULL,
  `created_at` timestamp NULL DEFAULT NULL,
  `updated_at` timestamp NULL DEFAULT NULL
) ENGINE=InnoDB DEFAULT CHARSET=utf8mb4 COLLATE=utf8mb4_unicode_ci;

-- --------------------------------------------------------

--
-- Структура таблицы `spa_tags`
--

CREATE TABLE `spa_tags` (
  `id` bigint UNSIGNED NOT NULL,
  `title` varchar(255) COLLATE utf8mb4_unicode_ci NOT NULL,
  `created_at` timestamp NULL DEFAULT NULL,
  `updated_at` timestamp NULL DEFAULT NULL,
  `user_id` bigint UNSIGNED DEFAULT NULL,
  `deleted_at` timestamp NULL DEFAULT NULL
) ENGINE=InnoDB DEFAULT CHARSET=utf8mb4 COLLATE=utf8mb4_unicode_ci;

--
-- Дамп данных таблицы `spa_tags`
--

INSERT INTO `spa_tags` (`id`, `title`, `created_at`, `updated_at`, `user_id`, `deleted_at`) VALUES
(1, 'лучшие специалисты', '2023-02-04 13:04:38', '2023-02-04 13:04:38', 3, NULL),
(2, 'заботимся о клиентах', '2023-02-04 13:04:46', '2023-02-04 13:04:46', 3, NULL),
(3, 'лучший сервис', '2023-02-04 13:04:54', '2023-02-04 13:04:54', 3, NULL),
(4, 'лучшие специалисты1', '2023-02-24 10:46:58', '2023-02-24 10:46:58', 3, NULL),
(5, 'лучшие специалисты2', '2023-02-24 10:47:03', '2023-02-24 10:47:03', 3, NULL),
(6, 'маникюр', '2023-04-18 06:59:03', '2023-04-18 06:59:03', 15, NULL),
(7, 'педикюр', '2023-04-18 06:59:09', '2023-04-18 06:59:09', 15, NULL),
(8, 'наращивание ресниц', '2023-04-18 06:59:16', '2023-04-18 06:59:16', 15, NULL),
(9, 'ламинирование бровей', '2023-04-18 06:59:22', '2023-04-18 06:59:22', 15, NULL),
(10, 'ногтевой сервис', '2023-04-18 06:59:28', '2023-04-18 06:59:28', 15, NULL),
(11, 'Массаж', '2023-07-06 03:39:20', '2023-07-06 03:39:20', 31, NULL),
(12, 'Хатха Йога', '2023-07-06 03:39:45', '2023-07-06 03:39:45', 31, NULL),
(13, 'Кинезиология', '2023-07-06 03:40:17', '2023-07-06 03:40:17', 31, NULL),
(14, 'Мануальная терапия', '2023-07-06 03:40:35', '2023-07-06 03:40:35', 31, NULL),
(15, 'Восстановление суставов', '2023-07-06 03:41:20', '2023-07-06 03:41:20', 31, NULL);

-- --------------------------------------------------------

--
-- Структура таблицы `spa_times`
--

CREATE TABLE `spa_times` (
  `id` bigint UNSIGNED NOT NULL,
  `time_start` varchar(255) COLLATE utf8mb4_unicode_ci NOT NULL,
  `time_end` varchar(255) COLLATE utf8mb4_unicode_ci NOT NULL,
  `time_date` varchar(255) COLLATE utf8mb4_unicode_ci NOT NULL,
  `user_id` bigint UNSIGNED DEFAULT NULL,
  `created_at` timestamp NULL DEFAULT NULL,
  `updated_at` timestamp NULL DEFAULT NULL
) ENGINE=InnoDB DEFAULT CHARSET=utf8mb4 COLLATE=utf8mb4_unicode_ci;

--
-- Дамп данных таблицы `spa_times`
--

INSERT INTO `spa_times` (`id`, `time_start`, `time_end`, `time_date`, `user_id`, `created_at`, `updated_at`) VALUES
(1, '09:00', '18:00', 'пн-пт', 3, '2023-02-04 13:09:39', '2023-02-04 13:09:39'),
(2, '10:00', '22:00', 'ежедневно, без выходных', 15, '2023-04-18 06:54:23', '2023-04-18 06:54:23'),
(3, '10.00', '20.00', 'Пн-Вс', 31, '2023-07-06 03:43:17', '2023-07-06 03:43:17');

-- --------------------------------------------------------

--
-- Структура таблицы `spa_todo_items`
--

CREATE TABLE `spa_todo_items` (
  `id` bigint UNSIGNED NOT NULL,
  `spa_todo_list_id` bigint UNSIGNED NOT NULL,
  `title` varchar(255) COLLATE utf8mb4_unicode_ci NOT NULL,
  `price` varchar(255) COLLATE utf8mb4_unicode_ci DEFAULT NULL,
  `created_at` timestamp NULL DEFAULT NULL,
  `updated_at` timestamp NULL DEFAULT NULL,
  `deleted_at` timestamp NULL DEFAULT NULL
) ENGINE=InnoDB DEFAULT CHARSET=utf8mb4 COLLATE=utf8mb4_unicode_ci;

--
-- Дамп данных таблицы `spa_todo_items`
--

INSERT INTO `spa_todo_items` (`id`, `spa_todo_list_id`, `title`, `price`, `created_at`, `updated_at`, `deleted_at`) VALUES
(1, 1, 'Холистик SPA-уход', '1300', '2023-02-04 13:05:14', '2023-03-29 12:53:02', NULL),
(2, 1, 'Фитнес SPA-уход', '1300', '2023-02-04 13:05:24', '2023-03-29 12:53:06', NULL),
(3, 1, 'Арома SPA-уход', '1200', '2023-02-04 13:05:36', '2023-03-29 12:53:11', NULL),
(4, 2, 'Массаж лица косметический', '500', '2023-02-04 13:05:57', '2023-03-29 12:53:16', NULL),
(5, 2, 'Испанский массаж лица', '500', '2023-02-04 13:06:07', '2023-03-29 12:53:20', NULL),
(6, 2, 'Китайский массаж лица', '300', '2023-02-04 13:06:20', '2023-03-29 12:53:26', NULL),
(7, 2, 'Массаж спины', '700', '2023-02-04 13:06:35', '2023-03-29 12:53:31', NULL),
(8, 2, 'Массаж всего тела', '800', '2023-02-04 13:06:45', '2023-03-29 12:53:37', NULL),
(9, 3, 'Женская стрижка короткий волос', '800', '2023-02-04 13:07:06', '2023-03-29 12:53:42', NULL),
(10, 3, 'Женская стрижка длинный волос', '900', '2023-02-04 13:07:22', '2023-03-29 12:53:46', NULL),
(11, 3, 'Мужская стрижка', '123', '2023-02-04 13:07:36', '2023-03-29 12:53:52', NULL),
(12, 4, 'Макияж дневной', '300', '2023-02-04 13:08:00', '2023-03-29 12:53:57', NULL),
(13, 4, 'Макияж вечерний', '1300', '2023-02-04 13:08:17', '2023-03-29 12:54:03', NULL),
(14, 4, 'Коррекция бровей', '500', '2023-02-04 13:08:32', '2023-03-29 12:54:08', NULL),
(15, 4, 'Ламинирование ресниц', '500', '2023-02-04 13:08:44', '2023-03-29 12:54:13', NULL),
(16, 5, 'Маникюр классический', '500', '2023-02-04 13:09:03', '2023-03-29 12:54:19', NULL),
(17, 5, 'Маникюр аппаратный', '500', '2023-02-04 13:09:15', '2023-03-29 12:54:24', NULL),
(18, 5, 'Наращивание ногтей', '300', '2023-02-04 13:09:28', '2023-03-29 12:54:29', NULL),
(19, 6, 'Нужная нам услуга', '300', '2023-04-17 06:04:25', '2023-04-17 06:06:03', '2023-04-17 06:06:03'),
(20, 8, 'Классический маникюр + покрытие ELPAZA', '900', '2023-04-18 06:55:44', '2023-04-18 06:55:44', NULL),
(21, 8, 'Маникюр классический/комби или аппарат + покрытие гель-лаком UNO', '1300', '2023-04-18 06:56:04', '2023-04-18 06:56:04', NULL),
(22, 8, 'Маникюр классический/комби или аппаратный + покрытие гель-лаком UNO + выравнивание', '1500', '2023-04-18 06:56:22', '2023-04-18 06:56:22', NULL),
(23, 8, 'Маникюр классика/комби/аппарат + покрытие LUXIO + выравнивание', '1800', '2023-04-18 06:56:39', '2023-04-18 06:56:39', NULL),
(24, 9, 'Классический педикюр + покрытие ELPAZA', '1600', '2023-04-18 06:56:54', '2023-04-18 06:56:54', NULL),
(25, 9, 'SMART педикюр +покрытие гель-лаком UNO', '2100', '2023-04-18 06:57:14', '2023-04-18 06:57:14', NULL),
(26, 9, 'Комбинированный или аппаратный педикюр + премиальное покрытие LUXIO', '2300', '2023-04-18 06:57:35', '2023-04-18 06:57:35', NULL),
(27, 10, 'Коррекция бровей + окрашивание хной', '1100', '2023-04-18 06:57:50', '2023-04-18 06:57:50', NULL),
(28, 10, 'Ламинирование ресниц с окрашиванием', '1700', '2023-04-18 06:58:13', '2023-04-18 06:58:13', NULL),
(29, 10, 'Наращивание ресниц 2D', '2400', '2023-04-18 06:58:28', '2023-04-18 06:58:28', NULL),
(30, 10, 'Долговременная укладка с коррекцией и окрашиванием', '1900', '2023-04-18 06:58:45', '2023-04-18 06:58:45', NULL),
(31, 11, 'Массаж', '3000', '2023-07-06 03:42:17', '2023-07-06 03:42:17', NULL),
(32, 11, 'Массаж лица', '3500', '2023-07-06 03:55:22', '2023-07-06 03:55:22', NULL),
(33, 11, 'Массаж классический', '3000', '2023-07-06 03:55:51', '2023-07-06 03:55:51', NULL),
(34, 12, 'Йога групповое занятие', '700', '2023-07-06 03:56:50', '2023-07-06 03:56:50', NULL),
(35, 12, 'Йога индивидуальное занятие', '2000', '2023-07-06 03:57:14', '2023-07-06 03:57:14', NULL),
(36, 13, 'Коррекция суставов', '4000', '2023-07-06 03:58:07', '2023-07-06 03:58:07', NULL),
(37, 14, 'Детский массаж', '2000', '2023-07-06 03:58:41', '2023-07-06 03:58:41', NULL),
(38, 15, 'Функциональная диагностика', '2000', '2023-07-06 03:59:26', '2023-07-06 03:59:26', NULL),
(39, 16, 'Кинезиология', '4000', '2023-07-06 04:00:28', '2023-07-06 04:00:28', NULL),
(40, 17, 'Мануальная Кинезио коррекция', '4000', '2023-07-06 04:01:20', '2023-07-06 04:01:20', NULL),
(41, 18, 'Коррекция позвоночника', '4000', '2023-07-06 04:02:46', '2023-07-06 04:02:46', NULL),
(42, 19, 'Мануальная коррекция', '4000', '2023-07-06 04:03:43', '2023-07-06 04:03:43', NULL);

-- --------------------------------------------------------

--
-- Структура таблицы `spa_todo_lists`
--

CREATE TABLE `spa_todo_lists` (
  `id` bigint UNSIGNED NOT NULL,
  `title` varchar(255) COLLATE utf8mb4_unicode_ci NOT NULL,
  `user_id` bigint UNSIGNED DEFAULT NULL,
  `created_at` timestamp NULL DEFAULT NULL,
  `updated_at` timestamp NULL DEFAULT NULL,
  `deleted_at` timestamp NULL DEFAULT NULL
) ENGINE=InnoDB DEFAULT CHARSET=utf8mb4 COLLATE=utf8mb4_unicode_ci;

--
-- Дамп данных таблицы `spa_todo_lists`
--

INSERT INTO `spa_todo_lists` (`id`, `title`, `user_id`, `created_at`, `updated_at`, `deleted_at`) VALUES
(1, 'SPA', 3, '2023-02-04 13:05:03', '2023-02-04 13:05:03', NULL),
(2, 'Массаж', 3, '2023-02-04 13:05:43', '2023-02-04 13:05:43', NULL),
(3, 'Стрижки', 3, '2023-02-04 13:06:53', '2023-02-04 13:06:53', NULL),
(4, 'Визаж', 3, '2023-02-04 13:07:46', '2023-02-04 13:07:46', NULL),
(5, 'Маникюр', 3, '2023-02-04 13:08:53', '2023-02-04 13:08:53', NULL),
(6, 'Главная категория услуг', 3, '2023-04-17 06:02:56', '2023-04-17 06:06:08', '2023-04-17 06:06:08'),
(7, 'Ресницы', 3, '2023-04-17 07:11:14', '2023-04-17 07:11:14', NULL),
(8, 'маникюр', 15, '2023-04-18 06:54:34', '2023-04-18 06:54:34', NULL),
(9, 'педикюр', 15, '2023-04-18 06:54:44', '2023-04-18 06:54:44', NULL),
(10, 'оформление ресниц и бровей', 15, '2023-04-18 06:54:50', '2023-04-18 06:54:50', NULL),
(11, 'Массаж', 31, '2023-07-06 03:41:48', '2023-07-06 03:41:48', NULL),
(12, 'Хатха йога', 31, '2023-07-06 03:56:31', '2023-07-06 03:56:31', NULL),
(13, 'Восстановление суставов', 31, '2023-07-06 03:57:46', '2023-07-06 03:57:46', NULL),
(14, 'Детский массаж', 31, '2023-07-06 03:58:24', '2023-07-06 03:58:24', NULL),
(15, 'Диагностика', 31, '2023-07-06 03:59:03', '2023-07-06 03:59:03', NULL),
(16, 'Кинезиология', 31, '2023-07-06 04:00:16', '2023-07-06 04:00:16', NULL),
(17, 'Коррекция нарушений', 31, '2023-07-06 04:00:58', '2023-07-06 04:00:58', NULL),
(18, 'Коррекция позвоночника', 31, '2023-07-06 04:02:26', '2023-07-06 04:02:26', NULL),
(19, 'Мануальная терапия', 31, '2023-07-06 04:03:17', '2023-07-06 04:03:17', NULL);

-- --------------------------------------------------------

--
-- Структура таблицы `spa_todo_products`
--

CREATE TABLE `spa_todo_products` (
  `id` bigint UNSIGNED NOT NULL,
  `spa_todo_item_id` bigint UNSIGNED DEFAULT NULL,
  `title` varchar(255) COLLATE utf8mb4_unicode_ci NOT NULL,
  `price` varchar(255) COLLATE utf8mb4_unicode_ci DEFAULT NULL,
  `created_at` timestamp NULL DEFAULT NULL,
  `updated_at` timestamp NULL DEFAULT NULL,
  `deleted_at` timestamp NULL DEFAULT NULL
) ENGINE=InnoDB DEFAULT CHARSET=utf8mb4 COLLATE=utf8mb4_unicode_ci;

-- --------------------------------------------------------

--
-- Структура таблицы `sport_actions`
--

CREATE TABLE `sport_actions` (
  `id` bigint UNSIGNED NOT NULL,
  `title` varchar(255) COLLATE utf8mb4_unicode_ci NOT NULL,
  `user_id` bigint UNSIGNED DEFAULT NULL,
  `created_at` timestamp NULL DEFAULT NULL,
  `updated_at` timestamp NULL DEFAULT NULL
) ENGINE=InnoDB DEFAULT CHARSET=utf8mb4 COLLATE=utf8mb4_unicode_ci;

--
-- Дамп данных таблицы `sport_actions`
--

INSERT INTO `sport_actions` (`id`, `title`, `user_id`, `created_at`, `updated_at`) VALUES
(1, 'Скидка 10%', 29, '2023-06-28 15:26:18', '2023-06-28 15:26:18'),
(2, 'Бесплатный завтрак', 29, '2023-06-28 15:26:31', '2023-06-28 15:26:31');

-- --------------------------------------------------------

--
-- Структура таблицы `sport_cards`
--

CREATE TABLE `sport_cards` (
  `id` bigint UNSIGNED NOT NULL,
  `title` varchar(255) COLLATE utf8mb4_unicode_ci NOT NULL,
  `content` varchar(255) COLLATE utf8mb4_unicode_ci NOT NULL,
  `desc` varchar(255) COLLATE utf8mb4_unicode_ci NOT NULL,
  `link` varchar(255) COLLATE utf8mb4_unicode_ci NOT NULL,
  `name_link` varchar(255) COLLATE utf8mb4_unicode_ci NOT NULL,
  `address` varchar(255) COLLATE utf8mb4_unicode_ci NOT NULL,
  `coordinate_l` varchar(255) COLLATE utf8mb4_unicode_ci NOT NULL,
  `coordinate_r` varchar(255) COLLATE utf8mb4_unicode_ci NOT NULL,
  `preview_image` varchar(255) COLLATE utf8mb4_unicode_ci DEFAULT NULL,
  `logo` varchar(255) COLLATE utf8mb4_unicode_ci DEFAULT NULL,
  `phone` bigint UNSIGNED DEFAULT NULL,
  `user_id` bigint UNSIGNED DEFAULT NULL,
  `type_id` bigint UNSIGNED DEFAULT NULL,
  `district_id` bigint UNSIGNED DEFAULT NULL,
  `republic_id` bigint UNSIGNED DEFAULT NULL,
  `city_id` bigint UNSIGNED DEFAULT NULL,
  `coordinate` varchar(255) COLLATE utf8mb4_unicode_ci DEFAULT NULL,
  `created_at` timestamp NULL DEFAULT NULL,
  `updated_at` timestamp NULL DEFAULT NULL,
  `user_email` varchar(255) COLLATE utf8mb4_unicode_ci DEFAULT NULL
) ENGINE=InnoDB DEFAULT CHARSET=utf8mb4 COLLATE=utf8mb4_unicode_ci;

--
-- Дамп данных таблицы `sport_cards`
--

INSERT INTO `sport_cards` (`id`, `title`, `content`, `desc`, `link`, `name_link`, `address`, `coordinate_l`, `coordinate_r`, `preview_image`, `logo`, `phone`, `user_id`, `type_id`, `district_id`, `republic_id`, `city_id`, `coordinate`, `created_at`, `updated_at`, `user_email`) VALUES
(3, 'Спорт-база “Сила”', 'Лучшая Спорт-база нашего города, приглашаем Вас для занятий. Отличный инвентарь. Подойдет как профессиональным спортсменам, так и любителям', 'Лучшая Спорт-база нашего города', 'https://tourmeddriver.com/catalog/spa/1', '78622004003', 'Россия, Сочи, ул. 9 Мая 25', '43.677786', '39.63606', 'sport_images_card/sD7aWmfj97N6NBdW4p1NmcNC3RtJF7WaMa8QG7VX.jpg', 'sport_images_card/bswCo7KVV6tYczM69rIg7LMJR548tZuSi8ofBV16.jpg', 78622004003, 29, 7, 7, 13, 20, NULL, '2023-06-28 16:17:32', '2024-09-06 09:07:09', 'sport@mail.ru');

-- --------------------------------------------------------

--
-- Структура таблицы `sport_card_images`
--

CREATE TABLE `sport_card_images` (
  `id` bigint UNSIGNED NOT NULL,
  `sport_card_id` bigint UNSIGNED NOT NULL,
  `images` varchar(255) COLLATE utf8mb4_unicode_ci NOT NULL,
  `created_at` timestamp NULL DEFAULT NULL,
  `updated_at` timestamp NULL DEFAULT NULL
) ENGINE=InnoDB DEFAULT CHARSET=utf8mb4 COLLATE=utf8mb4_unicode_ci;

--
-- Дамп данных таблицы `sport_card_images`
--

INSERT INTO `sport_card_images` (`id`, `sport_card_id`, `images`, `created_at`, `updated_at`) VALUES
(1, 1, 'Спорт-база “Сила”-main_image-1687977449629.jpg', '2023-06-28 15:37:29', '2023-06-28 15:37:29'),
(2, 1, 'Спорт-база “Сила”-main_image-1687977449124.jpg', '2023-06-28 15:37:29', '2023-06-28 15:37:29'),
(3, 1, 'Спорт-база “Сила”-main_image-1687977449112.jpg', '2023-06-28 15:37:29', '2023-06-28 15:37:29'),
(4, 2, 'Спорт-база “Сила”-main_image-1687977588488.jpg', '2023-06-28 15:39:48', '2023-06-28 15:39:48'),
(5, 2, 'Спорт-база “Сила”-main_image-1687977588895.jpg', '2023-06-28 15:39:48', '2023-06-28 15:39:48'),
(6, 2, 'Спорт-база “Сила”-main_image-1687977588972.jpg', '2023-06-28 15:39:48', '2023-06-28 15:39:48'),
(7, 2, 'Спорт-база “Сила”-main_image-1687977588747.jpg', '2023-06-28 15:39:48', '2023-06-28 15:39:48'),
(8, 3, 'Спорт-база “Сила”-main_image-1687979852486.jpg', '2023-06-28 16:17:32', '2023-06-28 16:17:32'),
(9, 3, 'Спорт-база “Сила”-main_image-1687979852726.jpg', '2023-06-28 16:17:32', '2023-06-28 16:17:32'),
(10, 3, 'Спорт-база “Сила”-main_image-1687979852805.jpg', '2023-06-28 16:17:32', '2023-06-28 16:17:32');

-- --------------------------------------------------------

--
-- Структура таблицы `sport_card_tags`
--

CREATE TABLE `sport_card_tags` (
  `id` bigint UNSIGNED NOT NULL,
  `title` varchar(255) COLLATE utf8mb4_unicode_ci NOT NULL,
  `created_at` timestamp NULL DEFAULT NULL,
  `updated_at` timestamp NULL DEFAULT NULL,
  `deleted_at` timestamp NULL DEFAULT NULL,
  `user_id` bigint UNSIGNED DEFAULT NULL
) ENGINE=InnoDB DEFAULT CHARSET=utf8mb4 COLLATE=utf8mb4_unicode_ci;

--
-- Дамп данных таблицы `sport_card_tags`
--

INSERT INTO `sport_card_tags` (`id`, `title`, `created_at`, `updated_at`, `deleted_at`, `user_id`) VALUES
(1, 'Стадион', '2023-06-28 15:26:53', '2023-06-28 15:26:53', NULL, 29),
(2, 'Бассейн', '2023-06-28 15:27:02', '2023-06-28 15:27:02', NULL, 29),
(3, 'Питание', '2023-06-28 15:27:18', '2023-06-28 15:27:18', NULL, 29),
(4, 'Теннисный корт', '2023-06-29 07:38:54', '2023-06-29 07:38:54', NULL, 29),
(5, 'Поле для гольфа', '2023-06-29 07:39:13', '2023-06-29 07:39:13', NULL, 29);

-- --------------------------------------------------------

--
-- Структура таблицы `sport_card_tag_cards`
--

CREATE TABLE `sport_card_tag_cards` (
  `id` bigint UNSIGNED NOT NULL,
  `sport_card_id` bigint UNSIGNED NOT NULL,
  `sport_cardTag_id` bigint UNSIGNED NOT NULL,
  `created_at` timestamp NULL DEFAULT NULL,
  `updated_at` timestamp NULL DEFAULT NULL
) ENGINE=InnoDB DEFAULT CHARSET=utf8mb4 COLLATE=utf8mb4_unicode_ci;

--
-- Дамп данных таблицы `sport_card_tag_cards`
--

INSERT INTO `sport_card_tag_cards` (`id`, `sport_card_id`, `sport_cardTag_id`, `created_at`, `updated_at`) VALUES
(1, 1, 1, NULL, NULL),
(2, 1, 2, NULL, NULL),
(3, 1, 3, NULL, NULL),
(4, 2, 1, NULL, NULL),
(5, 2, 2, NULL, NULL),
(6, 2, 3, NULL, NULL),
(7, 3, 1, NULL, NULL),
(8, 3, 2, NULL, NULL),
(9, 3, 3, NULL, NULL),
(10, 3, 4, NULL, NULL),
(11, 3, 5, NULL, NULL);

-- --------------------------------------------------------

--
-- Структура таблицы `sport_categories`
--

CREATE TABLE `sport_categories` (
  `id` bigint UNSIGNED NOT NULL,
  `title` varchar(255) COLLATE utf8mb4_unicode_ci NOT NULL,
  `created_at` timestamp NULL DEFAULT NULL,
  `updated_at` timestamp NULL DEFAULT NULL,
  `deleted_at` timestamp NULL DEFAULT NULL,
  `user_id` bigint UNSIGNED DEFAULT NULL
) ENGINE=InnoDB DEFAULT CHARSET=utf8mb4 COLLATE=utf8mb4_unicode_ci;

--
-- Дамп данных таблицы `sport_categories`
--

INSERT INTO `sport_categories` (`id`, `title`, `created_at`, `updated_at`, `deleted_at`, `user_id`) VALUES
(1, 'Стандарт', '2023-06-28 15:28:23', '2023-06-29 07:42:41', NULL, 29),
(2, 'Люкс', '2023-06-28 15:28:28', '2023-06-29 07:42:49', NULL, 29);

-- --------------------------------------------------------

--
-- Структура таблицы `sport_images`
--

CREATE TABLE `sport_images` (
  `id` bigint UNSIGNED NOT NULL,
  `sport_post_id` bigint UNSIGNED NOT NULL,
  `images` varchar(255) COLLATE utf8mb4_unicode_ci NOT NULL,
  `created_at` timestamp NULL DEFAULT NULL,
  `updated_at` timestamp NULL DEFAULT NULL
) ENGINE=InnoDB DEFAULT CHARSET=utf8mb4 COLLATE=utf8mb4_unicode_ci;

--
-- Дамп данных таблицы `sport_images`
--

INSERT INTO `sport_images` (`id`, `sport_post_id`, `images`, `created_at`, `updated_at`) VALUES
(1, 1, 'Стандарт-main_image-1687977163394.jpg', '2023-06-28 15:32:43', '2023-06-28 15:32:43'),
(2, 1, 'Стандарт-main_image-1687977163312.jpg', '2023-06-28 15:32:43', '2023-06-28 15:32:43'),
(3, 1, 'Стандарт-main_image-1687977163275.jpg', '2023-06-28 15:32:43', '2023-06-28 15:32:43'),
(4, 2, 'Люкс-main_image-1687977199328.jpg', '2023-06-28 15:33:19', '2023-06-28 15:33:19'),
(5, 2, 'Люкс-main_image-1687977199934.jpg', '2023-06-28 15:33:19', '2023-06-28 15:33:19'),
(6, 2, 'Люкс-main_image-168797719947.jpg', '2023-06-28 15:33:19', '2023-06-28 15:33:19'),
(7, 2, '-main_image-1687977783859.jpg', '2023-06-28 15:43:03', '2023-06-28 15:43:03'),
(8, 2, '-main_image-1687977783189.jpg', '2023-06-28 15:43:03', '2023-06-28 15:43:03');

-- --------------------------------------------------------

--
-- Структура таблицы `sport_posts`
--

CREATE TABLE `sport_posts` (
  `id` bigint UNSIGNED NOT NULL,
  `title` varchar(255) COLLATE utf8mb4_unicode_ci NOT NULL,
  `content` text COLLATE utf8mb4_unicode_ci NOT NULL,
  `price` int NOT NULL,
  `sport_category_id` bigint UNSIGNED DEFAULT NULL,
  `created_at` timestamp NULL DEFAULT NULL,
  `updated_at` timestamp NULL DEFAULT NULL,
  `deleted_at` timestamp NULL DEFAULT NULL,
  `user_id` bigint UNSIGNED DEFAULT NULL,
  `sport_preview_image` varchar(255) COLLATE utf8mb4_unicode_ci DEFAULT NULL,
  `berth` varchar(255) COLLATE utf8mb4_unicode_ci DEFAULT NULL
) ENGINE=InnoDB DEFAULT CHARSET=utf8mb4 COLLATE=utf8mb4_unicode_ci;

--
-- Дамп данных таблицы `sport_posts`
--

INSERT INTO `sport_posts` (`id`, `title`, `content`, `price`, `sport_category_id`, `created_at`, `updated_at`, `deleted_at`, `user_id`, `sport_preview_image`, `berth`) VALUES
(1, 'Стандарт', '<p>Стандарт<br></p>', 300, 1, '2023-06-28 15:32:43', '2023-06-28 15:32:43', NULL, 29, 'sport_images/krckFgSutwy82ZtbEPdqnkAraSRizMI6t1brNGtn.jpg', '1'),
(2, 'Люкс', '<p>Люкс<br></p>', 700, 2, '2023-06-28 15:33:19', '2023-06-28 15:33:19', NULL, 29, 'sport_images/SDK8pzgAbyCObsIMX2WIDQVw7fZQdtedccJikoHU.jpg', '1');

-- --------------------------------------------------------

--
-- Структура таблицы `sport_post_tags`
--

CREATE TABLE `sport_post_tags` (
  `id` bigint UNSIGNED NOT NULL,
  `sport_post_id` bigint UNSIGNED NOT NULL,
  `sport_tag_id` bigint UNSIGNED NOT NULL,
  `created_at` timestamp NULL DEFAULT NULL,
  `updated_at` timestamp NULL DEFAULT NULL
) ENGINE=InnoDB DEFAULT CHARSET=utf8mb4 COLLATE=utf8mb4_unicode_ci;

--
-- Дамп данных таблицы `sport_post_tags`
--

INSERT INTO `sport_post_tags` (`id`, `sport_post_id`, `sport_tag_id`, `created_at`, `updated_at`) VALUES
(1, 1, 1, NULL, NULL),
(2, 1, 2, NULL, NULL),
(3, 2, 1, NULL, NULL),
(4, 2, 2, NULL, NULL),
(5, 2, 3, NULL, NULL),
(6, 1, 3, NULL, NULL),
(7, 1, 4, NULL, NULL),
(8, 1, 5, NULL, NULL),
(9, 2, 4, NULL, NULL),
(10, 2, 5, NULL, NULL);

-- --------------------------------------------------------

--
-- Структура таблицы `sport_servics`
--

CREATE TABLE `sport_servics` (
  `id` bigint UNSIGNED NOT NULL,
  `title` varchar(255) COLLATE utf8mb4_unicode_ci NOT NULL,
  `user_id` bigint UNSIGNED DEFAULT NULL,
  `created_at` timestamp NULL DEFAULT NULL,
  `updated_at` timestamp NULL DEFAULT NULL
) ENGINE=InnoDB DEFAULT CHARSET=utf8mb4 COLLATE=utf8mb4_unicode_ci;

--
-- Дамп данных таблицы `sport_servics`
--

INSERT INTO `sport_servics` (`id`, `title`, `user_id`, `created_at`, `updated_at`) VALUES
(3, 'Питание', 29, '2023-06-28 15:25:58', '2023-06-28 16:19:49'),
(5, 'Кухня', 29, '2023-06-28 16:19:57', '2023-06-28 16:19:57'),
(6, 'Стадион', 29, '2023-06-28 16:20:04', '2023-06-28 16:20:04'),
(7, 'Бассейн', 29, '2023-06-28 16:20:11', '2023-06-28 16:20:11'),
(8, 'Теннисный корт', 29, '2023-06-28 16:20:16', '2023-06-28 16:20:16');

-- --------------------------------------------------------

--
-- Структура таблицы `sport_tags`
--

CREATE TABLE `sport_tags` (
  `id` bigint UNSIGNED NOT NULL,
  `title` varchar(255) COLLATE utf8mb4_unicode_ci NOT NULL,
  `created_at` timestamp NULL DEFAULT NULL,
  `updated_at` timestamp NULL DEFAULT NULL,
  `deleted_at` timestamp NULL DEFAULT NULL,
  `user_id` bigint UNSIGNED DEFAULT NULL
) ENGINE=InnoDB DEFAULT CHARSET=utf8mb4 COLLATE=utf8mb4_unicode_ci;

--
-- Дамп данных таблицы `sport_tags`
--

INSERT INTO `sport_tags` (`id`, `title`, `created_at`, `updated_at`, `deleted_at`, `user_id`) VALUES
(1, 'Кровать', '2023-06-28 15:27:48', '2023-06-29 07:40:11', NULL, 29),
(2, 'Душ', '2023-06-28 15:27:53', '2023-06-29 07:40:22', NULL, 29),
(3, 'Wi-Fi', '2023-06-28 15:28:06', '2023-06-29 07:40:50', NULL, 29),
(4, 'Телевизор', '2023-06-29 07:40:00', '2023-06-29 07:40:00', NULL, 29),
(5, 'Балкон', '2023-06-29 07:41:05', '2023-06-29 07:41:05', NULL, 29);

-- --------------------------------------------------------

--
-- Структура таблицы `sport_todo_items`
--

CREATE TABLE `sport_todo_items` (
  `id` bigint UNSIGNED NOT NULL,
  `sport_todo_list_id` bigint UNSIGNED NOT NULL,
  `title` varchar(255) COLLATE utf8mb4_unicode_ci NOT NULL,
  `price` varchar(255) COLLATE utf8mb4_unicode_ci DEFAULT NULL,
  `created_at` timestamp NULL DEFAULT NULL,
  `updated_at` timestamp NULL DEFAULT NULL
) ENGINE=InnoDB DEFAULT CHARSET=utf8mb4 COLLATE=utf8mb4_unicode_ci;

--
-- Дамп данных таблицы `sport_todo_items`
--

INSERT INTO `sport_todo_items` (`id`, `sport_todo_list_id`, `title`, `price`, `created_at`, `updated_at`) VALUES
(1, 1, 'Теннисный корт', '4100', '2023-06-28 15:28:56', '2023-06-28 15:28:56'),
(2, 1, 'Ракетка', '300', '2023-06-28 15:29:10', '2023-06-28 15:29:18'),
(3, 2, 'Бассейн', '1200', '2023-06-28 15:29:54', '2023-06-29 07:42:20'),
(4, 2, 'Очки для плавания', '120', '2023-06-28 15:30:10', '2023-06-29 07:42:27'),
(5, 3, 'Стадион', '22000', '2023-06-28 15:30:26', '2023-06-29 07:41:59'),
(6, 3, 'Мяч', '100', '2023-06-28 15:30:44', '2023-06-29 07:42:09');

-- --------------------------------------------------------

--
-- Структура таблицы `sport_todo_lists`
--

CREATE TABLE `sport_todo_lists` (
  `id` bigint UNSIGNED NOT NULL,
  `title` varchar(255) COLLATE utf8mb4_unicode_ci NOT NULL,
  `user_id` bigint UNSIGNED DEFAULT NULL,
  `created_at` timestamp NULL DEFAULT NULL,
  `updated_at` timestamp NULL DEFAULT NULL,
  `deleted_at` timestamp NULL DEFAULT NULL
) ENGINE=InnoDB DEFAULT CHARSET=utf8mb4 COLLATE=utf8mb4_unicode_ci;

--
-- Дамп данных таблицы `sport_todo_lists`
--

INSERT INTO `sport_todo_lists` (`id`, `title`, `user_id`, `created_at`, `updated_at`, `deleted_at`) VALUES
(1, 'Теннис', 29, '2023-06-28 15:28:39', '2023-06-28 15:29:02', NULL),
(2, 'Водный спорт', 29, '2023-06-28 15:29:30', '2023-06-28 15:29:30', NULL),
(3, 'Футбол', 29, '2023-06-28 15:30:17', '2023-06-29 07:41:46', NULL);

-- --------------------------------------------------------

--
-- Структура таблицы `sport_todo_products`
--

CREATE TABLE `sport_todo_products` (
  `id` bigint UNSIGNED NOT NULL,
  `sport_todo_item_id` bigint UNSIGNED DEFAULT NULL,
  `title` varchar(255) COLLATE utf8mb4_unicode_ci NOT NULL,
  `price` varchar(255) COLLATE utf8mb4_unicode_ci DEFAULT NULL,
  `created_at` timestamp NULL DEFAULT NULL,
  `updated_at` timestamp NULL DEFAULT NULL
) ENGINE=InnoDB DEFAULT CHARSET=utf8mb4 COLLATE=utf8mb4_unicode_ci;

-- --------------------------------------------------------

--
-- Структура таблицы `tags`
--

CREATE TABLE `tags` (
  `id` bigint UNSIGNED NOT NULL,
  `title` varchar(255) COLLATE utf8mb4_unicode_ci NOT NULL,
  `created_at` timestamp NULL DEFAULT NULL,
  `updated_at` timestamp NULL DEFAULT NULL,
  `deleted_at` timestamp NULL DEFAULT NULL
) ENGINE=InnoDB DEFAULT CHARSET=utf8mb4 COLLATE=utf8mb4_unicode_ci;

-- --------------------------------------------------------

--
-- Структура таблицы `turoperator_actions`
--

CREATE TABLE `turoperator_actions` (
  `id` bigint UNSIGNED NOT NULL,
  `title` varchar(255) COLLATE utf8mb4_unicode_ci NOT NULL,
  `user_id` bigint UNSIGNED DEFAULT NULL,
  `created_at` timestamp NULL DEFAULT NULL,
  `updated_at` timestamp NULL DEFAULT NULL
) ENGINE=InnoDB DEFAULT CHARSET=utf8mb4 COLLATE=utf8mb4_unicode_ci;

--
-- Дамп данных таблицы `turoperator_actions`
--

INSERT INTO `turoperator_actions` (`id`, `title`, `user_id`, `created_at`, `updated_at`) VALUES
(3, 'Бесплатное питание', 17, '2023-04-23 15:07:25', '2023-04-23 15:07:25'),
(4, 'Раннее бронирование', 17, '2023-04-23 15:07:39', '2023-04-23 15:07:39'),
(5, 'Скидка 10%', 17, '2023-04-23 15:07:54', '2023-04-23 15:07:54'),
(6, 'Ужин с ген директором', 17, '2024-02-27 08:10:16', '2024-02-27 08:10:16');

-- --------------------------------------------------------

--
-- Структура таблицы `turoperator_cards`
--

CREATE TABLE `turoperator_cards` (
  `id` bigint UNSIGNED NOT NULL,
  `title` varchar(255) COLLATE utf8mb4_unicode_ci NOT NULL,
  `content` varchar(255) COLLATE utf8mb4_unicode_ci NOT NULL,
  `desc` varchar(255) COLLATE utf8mb4_unicode_ci NOT NULL,
  `link` varchar(255) COLLATE utf8mb4_unicode_ci NOT NULL,
  `name_link` varchar(255) COLLATE utf8mb4_unicode_ci NOT NULL,
  `address` varchar(255) COLLATE utf8mb4_unicode_ci NOT NULL,
  `coordinate_l` varchar(255) COLLATE utf8mb4_unicode_ci NOT NULL,
  `coordinate_r` varchar(255) COLLATE utf8mb4_unicode_ci NOT NULL,
  `preview_image` varchar(255) COLLATE utf8mb4_unicode_ci DEFAULT NULL,
  `logo` varchar(255) COLLATE utf8mb4_unicode_ci DEFAULT NULL,
  `phone` bigint UNSIGNED DEFAULT NULL,
  `user_id` bigint UNSIGNED DEFAULT NULL,
  `type_id` bigint UNSIGNED DEFAULT NULL,
  `district_id` bigint UNSIGNED DEFAULT NULL,
  `republic_id` bigint UNSIGNED DEFAULT NULL,
  `city_id` bigint UNSIGNED DEFAULT NULL,
  `coordinate` varchar(255) COLLATE utf8mb4_unicode_ci DEFAULT NULL,
  `created_at` timestamp NULL DEFAULT NULL,
  `updated_at` timestamp NULL DEFAULT NULL,
  `deleted_at` timestamp NULL DEFAULT NULL,
  `user_email` varchar(255) COLLATE utf8mb4_unicode_ci DEFAULT NULL
) ENGINE=InnoDB DEFAULT CHARSET=utf8mb4 COLLATE=utf8mb4_unicode_ci;

--
-- Дамп данных таблицы `turoperator_cards`
--

INSERT INTO `turoperator_cards` (`id`, `title`, `content`, `desc`, `link`, `name_link`, `address`, `coordinate_l`, `coordinate_r`, `preview_image`, `logo`, `phone`, `user_id`, `type_id`, `district_id`, `republic_id`, `city_id`, `coordinate`, `created_at`, `updated_at`, `deleted_at`, `user_email`) VALUES
(1, 'Туроператор Дагестан', 'Мы самый лучший туроператора в Дагестане. Долгое время на рынке. Все  туры организованы наилучшим образом и мы готовы нести ответственность на неисполение обязательств перед туристами', 'Надежность. Высокое качество обслуживания', 'http://127.0.0.1:8000/https://tourmeddriver.com/', '78722672156', 'Россия, Махачкала, ул. Бабушкина 2', '53.910346570631795', '27.54740399999998', 'turoperator_images_card/iNa0eRGdRldSwUK40CRr6jHdeSuQy8SPl09Y9dX1.jpg', 'turoperator_images_card/zv3hoZrnngk6dx3IJ8MfhdJ6puohf9WpZqc3n4nZ.jpg', 78722672156, 17, 6, 7, 11, 15, NULL, '2023-04-21 14:19:22', '2024-09-06 09:08:42', NULL, 'tur@mail.ru');

-- --------------------------------------------------------

--
-- Структура таблицы `turoperator_card_images`
--

CREATE TABLE `turoperator_card_images` (
  `id` bigint UNSIGNED NOT NULL,
  `turoperator_card_id` bigint UNSIGNED NOT NULL,
  `images` varchar(255) COLLATE utf8mb4_unicode_ci NOT NULL,
  `created_at` timestamp NULL DEFAULT NULL,
  `updated_at` timestamp NULL DEFAULT NULL
) ENGINE=InnoDB DEFAULT CHARSET=utf8mb4 COLLATE=utf8mb4_unicode_ci;

--
-- Дамп данных таблицы `turoperator_card_images`
--

INSERT INTO `turoperator_card_images` (`id`, `turoperator_card_id`, `images`, `created_at`, `updated_at`) VALUES
(1, 1, 'test-tur-main_image-1682097562979.jpg', '2023-04-21 14:19:22', '2023-04-21 14:19:22'),
(2, 1, 'test-tur-main_image-1682097562287.jpg', '2023-04-21 14:19:22', '2023-04-21 14:19:22');

-- --------------------------------------------------------

--
-- Структура таблицы `turoperator_card_tags`
--

CREATE TABLE `turoperator_card_tags` (
  `id` bigint UNSIGNED NOT NULL,
  `title` varchar(255) COLLATE utf8mb4_unicode_ci NOT NULL,
  `created_at` timestamp NULL DEFAULT NULL,
  `updated_at` timestamp NULL DEFAULT NULL,
  `user_id` bigint UNSIGNED DEFAULT NULL,
  `deleted_at` timestamp NULL DEFAULT NULL
) ENGINE=InnoDB DEFAULT CHARSET=utf8mb4 COLLATE=utf8mb4_unicode_ci;

--
-- Дамп данных таблицы `turoperator_card_tags`
--

INSERT INTO `turoperator_card_tags` (`id`, `title`, `created_at`, `updated_at`, `user_id`, `deleted_at`) VALUES
(1, 'Экскурсионные туры', '2023-04-21 14:17:19', '2023-04-23 15:03:46', 17, NULL),
(2, 'Пляжный отдых', '2023-04-21 14:17:25', '2023-04-23 15:04:13', 17, NULL),
(3, 'Автобусные туры', '2023-04-23 15:05:52', '2023-04-23 15:05:52', 17, NULL),
(4, 'Авиатуры', '2023-04-23 15:06:06', '2023-04-23 15:06:06', 17, NULL),
(5, 'Морские круизы', '2023-04-23 15:06:25', '2023-04-23 15:06:25', 17, NULL);

-- --------------------------------------------------------

--
-- Структура таблицы `turoperator_card_tag_cards`
--

CREATE TABLE `turoperator_card_tag_cards` (
  `id` bigint UNSIGNED NOT NULL,
  `turoperator_card_id` bigint UNSIGNED NOT NULL,
  `turoperator_cardTag_id` bigint UNSIGNED NOT NULL,
  `created_at` timestamp NULL DEFAULT NULL,
  `updated_at` timestamp NULL DEFAULT NULL
) ENGINE=InnoDB DEFAULT CHARSET=utf8mb4 COLLATE=utf8mb4_unicode_ci;

--
-- Дамп данных таблицы `turoperator_card_tag_cards`
--

INSERT INTO `turoperator_card_tag_cards` (`id`, `turoperator_card_id`, `turoperator_cardTag_id`, `created_at`, `updated_at`) VALUES
(1, 1, 1, NULL, NULL),
(2, 1, 2, NULL, NULL),
(3, 1, 3, NULL, NULL),
(4, 1, 4, NULL, NULL),
(5, 1, 5, NULL, NULL);

-- --------------------------------------------------------

--
-- Структура таблицы `turoperator_categories`
--

CREATE TABLE `turoperator_categories` (
  `id` bigint UNSIGNED NOT NULL,
  `title` varchar(255) COLLATE utf8mb4_unicode_ci NOT NULL,
  `created_at` timestamp NULL DEFAULT NULL,
  `updated_at` timestamp NULL DEFAULT NULL,
  `user_id` bigint UNSIGNED DEFAULT NULL,
  `deleted_at` timestamp NULL DEFAULT NULL
) ENGINE=InnoDB DEFAULT CHARSET=utf8mb4 COLLATE=utf8mb4_unicode_ci;

--
-- Дамп данных таблицы `turoperator_categories`
--

INSERT INTO `turoperator_categories` (`id`, `title`, `created_at`, `updated_at`, `user_id`, `deleted_at`) VALUES
(1, 'Отель 3 звезды', '2023-04-21 14:17:55', '2023-04-23 15:22:46', 17, NULL),
(2, 'Переезды включены', '2023-04-21 14:18:01', '2023-04-23 15:23:56', 17, NULL);

-- --------------------------------------------------------

--
-- Структура таблицы `turoperator_images`
--

CREATE TABLE `turoperator_images` (
  `id` bigint UNSIGNED NOT NULL,
  `turoperator_post_id` bigint UNSIGNED NOT NULL,
  `images` varchar(255) COLLATE utf8mb4_unicode_ci NOT NULL,
  `created_at` timestamp NULL DEFAULT NULL,
  `updated_at` timestamp NULL DEFAULT NULL
) ENGINE=InnoDB DEFAULT CHARSET=utf8mb4 COLLATE=utf8mb4_unicode_ci;

--
-- Дамп данных таблицы `turoperator_images`
--

INSERT INTO `turoperator_images` (`id`, `turoperator_post_id`, `images`, `created_at`, `updated_at`) VALUES
(1, 1, 'москва-main_image-1682097674252.jpg', '2023-04-21 14:21:14', '2023-04-21 14:21:14'),
(2, 1, 'москва-main_image-1682097674356.jpg', '2023-04-21 14:21:14', '2023-04-21 14:21:14'),
(3, 1, 'москва-main_image-1682097674725.jpg', '2023-04-21 14:21:14', '2023-04-21 14:21:14'),
(4, 2, 'Бали-main_image-1682097764951.jpg', '2023-04-21 14:22:44', '2023-04-21 14:22:44'),
(5, 2, 'Бали-main_image-168209776470.jpg', '2023-04-21 14:22:44', '2023-04-21 14:22:44'),
(6, 2, 'Бали-main_image-1682097764571.jpg', '2023-04-21 14:22:44', '2023-04-21 14:22:44');

-- --------------------------------------------------------

--
-- Структура таблицы `turoperator_posts`
--

CREATE TABLE `turoperator_posts` (
  `id` bigint UNSIGNED NOT NULL,
  `title` varchar(255) COLLATE utf8mb4_unicode_ci NOT NULL,
  `content` text COLLATE utf8mb4_unicode_ci NOT NULL,
  `price` int NOT NULL,
  `turoperator_category_id` bigint UNSIGNED DEFAULT NULL,
  `created_at` timestamp NULL DEFAULT NULL,
  `updated_at` timestamp NULL DEFAULT NULL,
  `user_id` bigint UNSIGNED DEFAULT NULL,
  `berth` int DEFAULT NULL,
  `turoperator_preview_image` varchar(255) COLLATE utf8mb4_unicode_ci DEFAULT NULL,
  `date` varchar(255) COLLATE utf8mb4_unicode_ci DEFAULT NULL,
  `deleted_at` timestamp NULL DEFAULT NULL
) ENGINE=InnoDB DEFAULT CHARSET=utf8mb4 COLLATE=utf8mb4_unicode_ci;

--
-- Дамп данных таблицы `turoperator_posts`
--

INSERT INTO `turoperator_posts` (`id`, `title`, `content`, `price`, `turoperator_category_id`, `created_at`, `updated_at`, `user_id`, `berth`, `turoperator_preview_image`, `date`, `deleted_at`) VALUES
(1, 'Экскурсионный тур по Дагестану', '<p><font color=\"#51d3b7\" style=\"\"><span style=\"font-size: 18px;\">﻿</span><span style=\"font-weight: bolder;\"><span style=\"font-size: 18px;\">1 день</span></span></font></p><p><span style=\"font-size: 1rem;\">Приезд в&nbsp; Дагестан</span><br></p><p><span style=\"font-size: 18px; font-weight: bolder; color: rgb(81, 211, 183);\">2 день</span><br></p><p>Экскурсия по Махачкале</p><p><span style=\"font-weight: bolder; color: rgb(81, 211, 183); font-size: 18px;\">3 день</span><span style=\"font-weight: bolder; color: rgb(81, 211, 183); font-size: 1rem;\">&nbsp;</span><br></p><p>Посещение Сарыкума</p><p><font color=\"#51d3b7\"><span style=\"font-size: 18px;\"><span style=\"font-weight: bolder;\">4 день&nbsp;</span></span></font></p><p>Поездка в Грозный</p><p><font color=\"#51d3b7\"><span style=\"font-size: 18px;\"><span style=\"font-weight: bolder;\">5 день&nbsp;</span></span></font></p><p>Выселение из отеля. Отъезд</p>', 50000, 1, '2023-04-21 14:21:14', '2023-07-11 09:18:22', 17, 1, 'turoperator_images/hSE7Bd6O1MKE3Y4N8WUptpP5I6OX3RNFylynZrAv.jpg', '08.08.2023 - 12.08.2023', NULL),
(2, 'Бали', '<div class=\"description-ttl-block\" style=\"-webkit-tap-highlight-color: rgba(0, 0, 0, 0); margin: 0px; padding: 0px; border: 0px; font-size: 14px; vertical-align: baseline; outline: 0px; position: relative; color: rgb(71, 86, 105); font-family: apercu_pro, sans-serif;\"><h1 id=\"hotel-common-desc\" class=\"bth__ttl-h2 description-ttl\" style=\"-webkit-tap-highlight-color: rgba(0, 0, 0, 0); margin: 40px 0px 0px; padding: 0px 20px 0px 0px; border: 0px; font-size: 19px; vertical-align: baseline; outline: 0px; font-family: apercu_pro, sans-serif; color: rgb(71, 86, 105); line-height: 25px; font-weight: bold; text-transform: uppercase; display: inline-block; position: relative; background-image: initial; background-position: initial; background-size: initial; background-repeat: initial; background-attachment: initial; background-origin: initial; background-clip: initial;\">ОБЩЕЕ ОПИСАНИЕ</h1></div><div class=\"description__cnt-block\" style=\"-webkit-tap-highlight-color: rgba(0, 0, 0, 0); margin: 15px 0px 0px; padding: 0px; border: 0px; font-size: 14px; vertical-align: baseline; outline: 0px; color: rgb(71, 86, 105); font-family: apercu_pro, sans-serif;\"><div class=\"bth__cnt\" style=\"-webkit-tap-highlight-color: rgba(0, 0, 0, 0); margin: 0px; padding: 0px; border: 0px; vertical-align: baseline; outline: 0px; line-height: 20px;\"><div class=\"description-hotel-txt\" style=\"-webkit-tap-highlight-color: rgba(0, 0, 0, 0); margin: 0px; padding: 0px; border: 0px; vertical-align: baseline; outline: 0px; width: 855.6px;\"><span class=\"ckeditor-block-wrap\" style=\"-webkit-tap-highlight-color: rgba(0, 0, 0, 0); margin: 0px; padding: 0px; border: 0px; vertical-align: baseline; outline: 0px;\"><p style=\"-webkit-tap-highlight-color: rgba(0, 0, 0, 0); margin: 1em 0px; padding: 0px; border: 0px; vertical-align: baseline; outline: 0px;\">Bali Hotel – это экономичный отель на 70 номеров и бунгало с частным садиком. Расположен в районе Леджиан, часть Куты, рядом с многочисленными магазинами, ресторанами, супермаркетом и центром ночной жизни. Отель разделен на два крыла – северное крыло (JONI I), где находится административная часть, лобби, бассейн, ресторан и салон красоты, и южное крыло (JONI II), расположенное через дорогу от северного. Оба крыла имеют бассейн и Интернет-кафе.<br style=\"-webkit-tap-highlight-color: rgba(0, 0, 0, 0);\"><br style=\"-webkit-tap-highlight-color: rgba(0, 0, 0, 0);\"><strong style=\"-webkit-tap-highlight-color: rgba(0, 0, 0, 0); margin: 15px 0px 0px; padding: 0px; border: 0px; vertical-align: baseline; outline: 0px; display: block;\">Месторасположение:</strong>Отель расположен в районе Леджиан, в 200 метрах от пляжа, в 15 минутах езды от международного аэропорта Ngurah Rai International Airport и в получасе езды от столицы Бали Денпасара.<br style=\"-webkit-tap-highlight-color: rgba(0, 0, 0, 0);\"><br style=\"-webkit-tap-highlight-color: rgba(0, 0, 0, 0);\"><b>Количество номеров:<span style=\"color: rgb(71, 86, 105); font-family: apercu_pro, sans-serif; font-size: 14px; font-style: normal; font-variant-ligatures: normal; font-variant-caps: normal; letter-spacing: normal; orphans: 2; text-align: left; text-indent: 0px; text-transform: none; white-space: normal; widows: 2; word-spacing: 0px; -webkit-text-stroke-width: 0px; background-color: rgb(255, 255, 255); text-decoration-thickness: initial; text-decoration-style: initial; text-decoration-color: initial; float: none; display: inline !important;\">Количество номеров:</span></b><span style=\"-webkit-tap-highlight-color: rgba(0, 0, 0, 0); margin: 15px 0px 0px; padding: 0px; border: 0px; vertical-align: baseline; outline: 0px; display: block;\"></span>70 номеров.<br style=\"-webkit-tap-highlight-color: rgba(0, 0, 0, 0);\"><strong style=\"-webkit-tap-highlight-color: rgba(0, 0, 0, 0); margin: 15px 0px 0px; padding: 0px; border: 0px; vertical-align: baseline; outline: 0px; display: block;\"><br style=\"-webkit-tap-highlight-color: rgba(0, 0, 0, 0);\">Типы номеров:</strong>32 Superior Rooms, 23 Deluxe Rooms и 15 Bungalows.<br style=\"-webkit-tap-highlight-color: rgba(0, 0, 0, 0);\"><br style=\"-webkit-tap-highlight-color: rgba(0, 0, 0, 0);\"><strong style=\"-webkit-tap-highlight-color: rgba(0, 0, 0, 0); margin: 15px 0px 0px; padding: 0px; border: 0px; vertical-align: baseline; outline: 0px; display: block;\">Описание номеров:</strong>- кондиционер;<br style=\"-webkit-tap-highlight-color: rgba(0, 0, 0, 0);\">- ванная комната;<br style=\"-webkit-tap-highlight-color: rgba(0, 0, 0, 0);\">- балкон или терраса;<br style=\"-webkit-tap-highlight-color: rgba(0, 0, 0, 0);\">- телевизор;<br style=\"-webkit-tap-highlight-color: rgba(0, 0, 0, 0);\">- телефон с выходом на международную связь;<br style=\"-webkit-tap-highlight-color: rgba(0, 0, 0, 0);\">- мини-бар;<br style=\"-webkit-tap-highlight-color: rgba(0, 0, 0, 0);\">- банный халат и тапочки (в бунгало);<br style=\"-webkit-tap-highlight-color: rgba(0, 0, 0, 0);\">- приборы для приготовления чая/кофе (в бунгало).<br style=\"-webkit-tap-highlight-color: rgba(0, 0, 0, 0);\"><strong style=\"-webkit-tap-highlight-color: rgba(0, 0, 0, 0); margin: 15px 0px 0px; padding: 0px; border: 0px; vertical-align: baseline; outline: 0px; display: block;\"><br style=\"-webkit-tap-highlight-color: rgba(0, 0, 0, 0);\">Сервис:</strong>- обмен валюты;<br style=\"-webkit-tap-highlight-color: rgba(0, 0, 0, 0);\">- услуги прачечной;<br style=\"-webkit-tap-highlight-color: rgba(0, 0, 0, 0);\">- Интернет-кафе;<br style=\"-webkit-tap-highlight-color: rgba(0, 0, 0, 0);\">- Wi-Fi Интернет в ресторане JONI;<br style=\"-webkit-tap-highlight-color: rgba(0, 0, 0, 0);\">- минимаркет (в 30 метрах от отеля).<strong style=\"-webkit-tap-highlight-color: rgba(0, 0, 0, 0); margin: 15px 0px 0px; padding: 0px; border: 0px; vertical-align: baseline; outline: 0px; display: block;\"><br style=\"-webkit-tap-highlight-color: rgba(0, 0, 0, 0);\"><br style=\"-webkit-tap-highlight-color: rgba(0, 0, 0, 0);\">Развлечения и спорт:</strong>- 2 открытых бассейна;<br style=\"-webkit-tap-highlight-color: rgba(0, 0, 0, 0);\">- спа-салон: разнообразные виды массажа, ароматерапия, маникюр/педикюр, парикмахер.<br style=\"-webkit-tap-highlight-color: rgba(0, 0, 0, 0);\"><strong style=\"-webkit-tap-highlight-color: rgba(0, 0, 0, 0); margin: 15px 0px 0px; padding: 0px; border: 0px; vertical-align: baseline; outline: 0px; display: block;\"><br style=\"-webkit-tap-highlight-color: rgba(0, 0, 0, 0);\">Рестораны, бары:</strong>- ресторан-бар JONI – ресторан с видом на бассейн предлагает индонезийскую, мексиканскую, китайскую и европейскую кухню.<br style=\"-webkit-tap-highlight-color: rgba(0, 0, 0, 0);\"><br style=\"-webkit-tap-highlight-color: rgba(0, 0, 0, 0);\"><strong style=\"-webkit-tap-highlight-color: rgba(0, 0, 0, 0); margin: 15px 0px 0px; padding: 0px; border: 0px; vertical-align: baseline; outline: 0px; display: block;\">Пляж:</strong>Пляж находится в 200 метрах от отеля.</p></span></div></div></div>', 130000, 1, '2023-04-21 14:22:44', '2023-07-10 12:52:31', 17, 2, 'turoperator_images/xLv2OdcCbsa7RP004l13IeRGyjVGcztH5dkek7GJ.jpg', '08.11.2023 - 15.11.2023', NULL);

-- --------------------------------------------------------

--
-- Структура таблицы `turoperator_post_tags`
--

CREATE TABLE `turoperator_post_tags` (
  `id` bigint UNSIGNED NOT NULL,
  `turoperator_post_id` bigint UNSIGNED NOT NULL,
  `turoperator_tag_id` bigint UNSIGNED NOT NULL,
  `created_at` timestamp NULL DEFAULT NULL,
  `updated_at` timestamp NULL DEFAULT NULL
) ENGINE=InnoDB DEFAULT CHARSET=utf8mb4 COLLATE=utf8mb4_unicode_ci;

--
-- Дамп данных таблицы `turoperator_post_tags`
--

INSERT INTO `turoperator_post_tags` (`id`, `turoperator_post_id`, `turoperator_tag_id`, `created_at`, `updated_at`) VALUES
(1, 1, 1, NULL, NULL),
(2, 1, 2, NULL, NULL),
(3, 2, 2, NULL, NULL),
(4, 1, 3, NULL, NULL),
(5, 1, 4, NULL, NULL),
(6, 2, 1, NULL, NULL),
(7, 2, 3, NULL, NULL),
(8, 2, 4, NULL, NULL);

-- --------------------------------------------------------

--
-- Структура таблицы `turoperator_servics`
--

CREATE TABLE `turoperator_servics` (
  `id` bigint UNSIGNED NOT NULL,
  `title` varchar(255) COLLATE utf8mb4_unicode_ci NOT NULL,
  `user_id` bigint UNSIGNED DEFAULT NULL,
  `created_at` timestamp NULL DEFAULT NULL,
  `updated_at` timestamp NULL DEFAULT NULL
) ENGINE=InnoDB DEFAULT CHARSET=utf8mb4 COLLATE=utf8mb4_unicode_ci;

--
-- Дамп данных таблицы `turoperator_servics`
--

INSERT INTO `turoperator_servics` (`id`, `title`, `user_id`, `created_at`, `updated_at`) VALUES
(1, 'test', 17, '2023-04-21 14:16:56', '2023-04-21 14:16:56');

-- --------------------------------------------------------

--
-- Структура таблицы `turoperator_tags`
--

CREATE TABLE `turoperator_tags` (
  `id` bigint UNSIGNED NOT NULL,
  `title` varchar(255) COLLATE utf8mb4_unicode_ci NOT NULL,
  `created_at` timestamp NULL DEFAULT NULL,
  `updated_at` timestamp NULL DEFAULT NULL,
  `deleted_at` timestamp NULL DEFAULT NULL,
  `user_id` bigint UNSIGNED DEFAULT NULL
) ENGINE=InnoDB DEFAULT CHARSET=utf8mb4 COLLATE=utf8mb4_unicode_ci;

--
-- Дамп данных таблицы `turoperator_tags`
--

INSERT INTO `turoperator_tags` (`id`, `title`, `created_at`, `updated_at`, `deleted_at`, `user_id`) VALUES
(1, 'Экскурсии', '2023-04-21 14:17:40', '2023-04-26 14:07:20', NULL, 17),
(2, 'Трансфер', '2023-04-21 14:17:45', '2023-04-26 14:07:37', NULL, 17),
(3, 'Завтраки', '2023-04-26 14:08:48', '2023-04-26 14:08:48', NULL, 17),
(4, 'Отель 3 звезды', '2023-04-26 14:09:05', '2023-04-26 14:09:05', NULL, 17);

-- --------------------------------------------------------

--
-- Структура таблицы `turoperator_times`
--

CREATE TABLE `turoperator_times` (
  `id` bigint UNSIGNED NOT NULL,
  `time_start` varchar(255) COLLATE utf8mb4_unicode_ci NOT NULL,
  `time_end` varchar(255) COLLATE utf8mb4_unicode_ci NOT NULL,
  `time_date` varchar(255) COLLATE utf8mb4_unicode_ci NOT NULL,
  `user_id` bigint UNSIGNED DEFAULT NULL,
  `created_at` timestamp NULL DEFAULT NULL,
  `updated_at` timestamp NULL DEFAULT NULL
) ENGINE=InnoDB DEFAULT CHARSET=utf8mb4 COLLATE=utf8mb4_unicode_ci;

--
-- Дамп данных таблицы `turoperator_times`
--

INSERT INTO `turoperator_times` (`id`, `time_start`, `time_end`, `time_date`, `user_id`, `created_at`, `updated_at`) VALUES
(1, '09:00', '12:00', 'пн-пт', 17, '2023-04-28 02:38:08', '2023-04-28 02:38:08');

-- --------------------------------------------------------

--
-- Структура таблицы `types`
--

CREATE TABLE `types` (
  `id` bigint UNSIGNED NOT NULL,
  `title` varchar(255) COLLATE utf8mb4_unicode_ci NOT NULL,
  `created_at` timestamp NULL DEFAULT NULL,
  `updated_at` timestamp NULL DEFAULT NULL,
  `deleted_at` timestamp NULL DEFAULT NULL
) ENGINE=InnoDB DEFAULT CHARSET=utf8mb4 COLLATE=utf8mb4_unicode_ci;

--
-- Дамп данных таблицы `types`
--

INSERT INTO `types` (`id`, `title`, `created_at`, `updated_at`, `deleted_at`) VALUES
(1, 'Медицинский центр', '2023-02-04 12:51:40', '2023-02-04 12:51:40', NULL),
(2, 'Спа-бьюти', '2023-02-04 12:51:49', '2023-02-04 12:51:49', NULL),
(3, 'Ресторан (Кафе)', '2023-02-04 12:52:00', '2023-02-04 12:52:00', NULL),
(4, 'Отели', '2023-02-22 08:22:00', '2023-02-22 08:22:00', NULL),
(5, 'Cанаторий', '2023-02-23 16:38:10', '2023-02-23 16:38:10', NULL),
(6, 'Туроператор', '2023-04-21 14:14:06', '2023-04-21 14:14:06', NULL),
(7, 'Спортивные базы', '2023-06-28 15:38:04', '2023-06-28 15:38:04', NULL),
(8, 'Консалтинг', '2023-08-18 15:13:19', '2023-08-18 15:13:19', NULL);

-- --------------------------------------------------------

--
-- Структура таблицы `users`
--

CREATE TABLE `users` (
  `id` bigint UNSIGNED NOT NULL,
  `name` varchar(255) COLLATE utf8mb4_unicode_ci NOT NULL,
  `email` varchar(255) COLLATE utf8mb4_unicode_ci NOT NULL,
  `email_verified_at` timestamp NULL DEFAULT NULL,
  `password` varchar(255) COLLATE utf8mb4_unicode_ci NOT NULL,
  `type_id` bigint UNSIGNED DEFAULT NULL,
  `city_id` bigint UNSIGNED DEFAULT NULL,
  `republic_id` bigint UNSIGNED DEFAULT NULL,
  `district_id` bigint UNSIGNED DEFAULT NULL,
  `remember_token` varchar(100) COLLATE utf8mb4_unicode_ci DEFAULT NULL,
  `created_at` timestamp NULL DEFAULT NULL,
  `updated_at` timestamp NULL DEFAULT NULL,
  `deleted_at` timestamp NULL DEFAULT NULL,
  `role` bigint UNSIGNED DEFAULT '1',
  `surname` varchar(255) COLLATE utf8mb4_unicode_ci DEFAULT NULL,
  `age` int DEFAULT NULL,
  `phone` varchar(255) COLLATE utf8mb4_unicode_ci DEFAULT NULL,
  `gender` varchar(255) COLLATE utf8mb4_unicode_ci DEFAULT NULL,
  `user_city` varchar(255) COLLATE utf8mb4_unicode_ci DEFAULT NULL,
  `user_district` varchar(255) COLLATE utf8mb4_unicode_ci DEFAULT NULL,
  `user_republic` varchar(255) COLLATE utf8mb4_unicode_ci DEFAULT NULL
) ENGINE=InnoDB DEFAULT CHARSET=utf8mb4 COLLATE=utf8mb4_unicode_ci;

--
-- Дамп данных таблицы `users`
--

INSERT INTO `users` (`id`, `name`, `email`, `email_verified_at`, `password`, `type_id`, `city_id`, `republic_id`, `district_id`, `remember_token`, `created_at`, `updated_at`, `deleted_at`, `role`, `surname`, `age`, `phone`, `gender`, `user_city`, `user_district`, `user_republic`) VALUES
(1, 'admin', 'admin@mail.ru', NULL, '$2y$10$raWYv9upjuSWIh4.LjqdauWM6LU.eRbkjOv.pBW0DzPPvUgx2CJKO', NULL, NULL, NULL, NULL, 'DQtM9BEIlHxRggtBydla4fUl3wlwgqCwNV0KvAgzQqW7NxwG832eTzlamNnL', '2023-02-04 12:36:47', '2023-02-04 12:36:47', NULL, 0, NULL, NULL, NULL, NULL, NULL, NULL, NULL),
(2, 'medical', 'med@mail.ru', NULL, '$2y$10$LLQX1/1/XE5aZZZcQyYSr.hN3f.Ob0IGIdUUrgMeznAOz0JyXiAdW', 1, 13, 8, 6, NULL, '2023-02-04 12:52:31', '2024-09-06 05:09:23', NULL, 4, NULL, NULL, NULL, NULL, NULL, NULL, NULL),
(3, 'спа-бьюти', 'spa@mail.ru', NULL, '$2y$10$dn3G5b9pitb9o6t5jX8WEe2GYcDGKsFbvS/FrBbUxwmWq78M06a/m', 2, 16, 9, 6, NULL, '2023-02-04 12:52:57', '2024-09-06 05:09:48', NULL, 5, NULL, NULL, NULL, NULL, NULL, NULL, NULL),
(4, 'Ресторан(кафе)', 'cafe@mail.ru', NULL, '$2y$10$3eC7rhHUhtkuR67UVwqXOu27o63pr5gvazRQ/kqER4la0H71wBAeG', 3, 17, 10, 7, NULL, '2023-02-04 12:53:25', '2024-09-06 05:10:13', NULL, 3, NULL, NULL, NULL, NULL, NULL, NULL, NULL),
(5, 'Pheasants', 'hostel@mail.ru', NULL, '$2y$10$.bkY3E9w2HWoQRQ7rKEHKustcifGneafi89beOVvE9b2/zM0vfwXq', 4, 17, 10, 7, NULL, '2023-02-22 08:25:34', '2024-10-15 08:09:51', NULL, 2, NULL, NULL, NULL, NULL, NULL, NULL, NULL),
(6, 'Григорьевич', 'user123@mail.ru', NULL, '$2y$10$MyNCAGKwQiswUBlYEmde..Gbf/xoaM4PP0WXK5mgPqsHaj7zf7nV2', 1, 1, 1, 1, NULL, '2023-02-22 09:12:06', '2023-02-22 09:15:38', NULL, 1, NULL, NULL, NULL, NULL, NULL, NULL, NULL),
(7, 'Владимирович', 'user11@mail.ru', NULL, '$2y$10$Nb70XDLr2x4s1rs07HvNfOSLH9fRIl536l9ShH/TWRRVc38RpYXQq', 1, 1, 1, 1, NULL, '2023-02-22 09:13:17', '2023-02-22 09:15:23', NULL, 1, NULL, NULL, NULL, NULL, NULL, NULL, NULL),
(8, 'Коленька', 'cola@mail.ru', NULL, '$2y$10$q4EsEc2UqMvourT.HX9YTuNhKtTT46EcrmLUQYnxJpcsC183uSPPa', 1, 1, 1, 1, NULL, '2023-02-22 09:16:08', '2024-06-21 02:21:36', '2024-06-21 02:21:36', 1, NULL, NULL, NULL, NULL, NULL, NULL, NULL),
(9, 'Анатольевич', 'anat@mail.tu', NULL, '$2y$10$U4IwVObUrG66TB2O2D/hX.SS5x5sF9QGQiz2.2C.5dceTVKP0SD9W', NULL, NULL, NULL, NULL, NULL, '2023-02-22 09:21:29', '2024-06-21 02:10:55', '2024-06-21 02:10:55', 1, NULL, NULL, NULL, NULL, NULL, NULL, NULL),
(10, 'санаторий', 'san@mail.ru', NULL, '$2y$10$2TCtaUJ9GQv9K1JB4u1u2eg0G6WPlpJar93iePXMGXAsjGPGf1DDm', 5, 5, 5, 1, NULL, '2023-02-23 16:39:14', '2023-02-23 16:39:14', NULL, 6, NULL, NULL, NULL, NULL, NULL, NULL, NULL),
(11, 'Горбушина Юлия Михайловна', 'isxakov2011@yandex.ru', NULL, '$2y$10$DvW7u7iTTUAXhQXzJ73Go.mQoq162smW/c6GlKR/8iZwZ.OO0sOOW', 4, 6, 6, 1, NULL, '2023-02-28 12:57:01', '2023-02-28 14:16:45', NULL, 2, NULL, NULL, NULL, NULL, NULL, NULL, NULL),
(12, 'Дмитрий', 'hopd@tut.by', NULL, '$2y$10$SAiJIksnFrpU6S.kk4KE3eX0G8Ej9eJZyoQOTKTZ9oLw3HvFSgI82', NULL, NULL, NULL, NULL, 'FzLvRCADYQXwxLJ1yeGayQWxeaCuCnBx6wkf6euwzE1TuV1iFNvFkdFnOheu', '2023-03-30 12:28:59', '2024-10-23 05:59:16', NULL, 1, 'Нор', 32, '375297678871', 'men', '13', '6', '8'),
(13, 'Bombaa', 'user@mail.ru', NULL, '$2y$10$sErp0lTjWaHaAcUlcDrH0O9icoI7lmaBYLCWN/w3Mb.iOlA75z9HG', 7, 1, 1, 3, NULL, '2023-04-07 12:06:55', '2024-06-05 09:45:17', NULL, 9, 'lalala12', 34, '+375889658745', 'men', 'Кукуево', 'dfghfh', NULL),
(14, 'Рамиль', 'ram0148888@mail.ru', NULL, '$2y$10$WRXWOvZCVu9HqQrPRBEZUuIJEmu5kA53A4Zo3x6n/VBoadK3xz0tq', 1, 3, 2, 1, NULL, '2023-04-08 03:34:49', '2023-04-08 04:19:38', NULL, 4, NULL, NULL, NULL, NULL, NULL, NULL, NULL),
(15, 'Анна Шалдаева', 'shaldaeva.ana@yandex.ru', NULL, '$2y$10$a8Ibahk/X.XqXBiFmw4MpOhEZZpUPdW94JFs6O6qq9vohdEoKup/m', 2, 3, 2, 1, NULL, '2023-04-14 03:59:57', '2023-04-14 04:10:29', NULL, 5, NULL, NULL, NULL, NULL, NULL, NULL, NULL),
(16, 'vova', 'vladuk92@mail.ru', NULL, '$2y$10$HFbFIMyquEGZGBuhZASaW.9POSBrEIU4A8SeZPXsDxLcDqqaQdU/.', NULL, NULL, NULL, NULL, 'LGL1MfdYKm0SKKOiEwrN6TlsgPnH14EDqwwvruZHU31J9tKQbdfx32RqaPdK', '2023-04-17 13:54:33', '2024-09-06 05:19:32', NULL, 1, 'klim1sadasd', 30, '+375173478834', 'men', '17', '7', '10'),
(17, 'tur', 'tur@mail.ru', NULL, '$2y$10$p5UzjECDbSLBzReeYZM.MuTsEZ9GA3tuRr4k6ArsbgPTla3qvOMae', 6, 3, 2, 1, NULL, '2023-04-21 14:15:32', '2023-04-21 14:15:32', NULL, 7, NULL, NULL, NULL, NULL, NULL, NULL, NULL),
(18, 'Александр', 'mobil20111@yandex.ru', NULL, '$2y$10$ieCmQcl9Vs8MH9GT9ROUOeLshOpYHLFarxS2jqr0aFG3TwJdMzm4e', 4, 7, 6, 1, '8Uq8k8MUw0grCS7wLHUaGAFSJq8IE9ifbjLjcb8h5kP9RKiaeQ1L8G9vagUf', '2023-05-25 07:33:16', '2023-05-29 06:48:34', NULL, 2, 'Ермоленко', 39, '89385053000', 'men', 'Геленджик', 'Россия', NULL),
(23, 'Сальвадор Holiday Hotel & Aqua-zone', 'salvador-hotel@mail.ru', NULL, '$2y$10$sa6y4ye4xQX3QM1fKF.8q.Zv9a5T.GyIE69.tsbUml8fGNVg79VjC', NULL, NULL, NULL, NULL, 'WEfxWXnAU7f37DQCYTbAVNcga6wxDtvBdVZ9g9CoWiJOg4EwGUp1YwhjLA8j', '2023-06-02 12:34:03', '2023-06-02 12:34:03', NULL, 1, NULL, NULL, NULL, NULL, NULL, NULL, NULL),
(24, 'Оксана', 'Oksana.9338@mail.ru', NULL, '$2y$10$y6MOgkrruX8KlxiiI2yNzujreSCSRZwWKCQuddNiP6GLTf03uyuV6', 4, 7, 6, 1, NULL, '2023-06-07 10:12:52', '2023-06-07 10:15:30', NULL, 2, NULL, NULL, NULL, NULL, NULL, NULL, NULL),
(25, 'Атлантида', 'Atlantidagel@yandex.ru', NULL, '$2y$10$w0uGcpQTAUT6WbbXfqhP8.8KGBjf3aUyxOtog3G4dv9TUb96lHViG', 4, 7, 6, 1, NULL, '2023-06-08 17:02:27', '2023-06-08 17:05:18', NULL, 2, NULL, NULL, NULL, NULL, NULL, NULL, NULL),
(26, 'Валентин', 'Valentin_gel@mail.ru', NULL, '$2y$10$02bCRuVVXXZz1P/IjJaEku09bG8Pv4UBm/x5E7wJqWQWwgDxS449y', 4, 7, 5, 1, NULL, '2023-06-09 16:25:26', '2023-06-09 16:26:46', NULL, 2, NULL, NULL, NULL, NULL, NULL, NULL, NULL),
(27, 'Чайное облако', 'saharovaev@mail.ru', NULL, '$2y$10$sVngne2J.Xp7SZzHsuFGMOYMRcO0LhIe/77ZNkzV.DGp9o8yKzDrG', 3, 7, 6, 1, NULL, '2023-06-20 18:12:49', '2023-06-20 18:14:56', NULL, 3, NULL, NULL, NULL, NULL, NULL, NULL, NULL),
(28, 'Отель История', 'hotel_istoria@mail.ru', NULL, '$2y$10$05wh7ALlOnpxk5L/1T/8sePJO/2Pw8IlnZajoG2iGO4VQDYHqP4n.', 4, 10, 5, 1, NULL, '2023-06-28 06:38:25', '2023-06-28 06:41:48', NULL, 2, NULL, NULL, NULL, NULL, NULL, NULL, NULL),
(29, 'sport', 'sport@mail.ru', NULL, '$2y$10$W/7ckkLq2bRYIsMIeukMSOYQVzMhT5q589kjS5JNDPxRNbxYB0bbS', 7, 3, 2, 1, NULL, '2023-06-28 15:15:36', '2023-06-28 15:57:35', NULL, 8, NULL, NULL, NULL, NULL, NULL, NULL, NULL),
(30, 'Ирина', 'unity.unity@mail.ru', NULL, '$2y$10$TwNvqs0JSAEbFfjffF.1c.QahPMJtdUDR9fI0V7CQLFXLY0uD3GFi', 8, 3, 2, 1, 'j9zKOoWccLARTjrCzVax0HcXvIK2vb0pqm0Ia1AlyqzrfbbmAE7OIyQUHm53', '2023-07-05 10:21:20', '2023-09-06 06:30:27', NULL, 9, 'Несивкина', 55, '+79154589028', 'women', 'Москва', 'Россия', NULL),
(31, 'Just Kinesio', 'satxs4426@gmail.com', NULL, '$2y$10$FDMHyjGZ35WL6PhOwBJ65.nfn/ghfBIyh2vIkjfmhbAqj3C3tbOVC', 2, 7, 6, 1, NULL, '2023-07-06 03:33:00', '2023-07-06 03:35:24', NULL, 5, NULL, NULL, NULL, NULL, NULL, NULL, NULL),
(32, 'Боли-Нет', 'bolinetanapa@yandex.ru', NULL, '$2y$10$MnOD1Dzc/Mv8t03/VpWO8eNtrTH/zmSjTM3SadNwc0ec0rqb0t1..', 1, 6, 6, 1, NULL, '2023-07-06 04:33:24', '2023-07-06 04:36:32', NULL, 4, NULL, NULL, NULL, NULL, NULL, NULL, NULL),
(33, 'Polina', 'powertyuio1312@gmail.com', NULL, '$2y$10$5.DktDCPdkzE6CWcQtkFiexRAIpunpOV/oBhaIorVFhQBCx2XhgFK', NULL, NULL, NULL, NULL, NULL, '2023-07-06 15:48:26', '2023-07-06 15:48:26', NULL, 1, 'Polina', 18, '3333333333', 'women', 'Минск', 'Беларусь', NULL),
(34, 'Гостевой дом Руслан', 'ruslan-gelendg82@mail.ru', NULL, '$2y$10$gYrIgpx5wR.hvPGiyX6cPeuQBXQZyRzWtEghdKGNTlSoRk.UzBV.G', 4, 7, 6, 1, NULL, '2023-07-06 18:31:33', '2023-07-06 18:33:40', NULL, 2, NULL, NULL, NULL, NULL, NULL, NULL, NULL),
(35, 'Море Барабульки', 'barabulka.fish@bk.ru', NULL, '$2y$10$nJYoXnbXxk8nEh5gfZT2E.tM5iF24arIFGEuMvQ39E8kdpfmUkDdq', 3, 7, 6, 1, NULL, '2023-07-08 07:34:57', '2023-07-08 07:39:36', NULL, 3, NULL, NULL, NULL, NULL, NULL, NULL, NULL),
(36, 'Квен Очаг', 'shamay.yusupova.82@mail.ru', NULL, '$2y$10$6xm0Vib/8XzTkxR5Ze1.P.YAdzptkdHRzeDdnLBAVdgvkWaoHwYZm', 4, 11, 5, 1, NULL, '2023-07-09 08:27:56', '2023-07-09 08:32:01', NULL, 2, NULL, NULL, NULL, NULL, NULL, NULL, NULL),
(37, 'Кафе Здравствуйте', 'zdravstvuite30@yandex.ru', NULL, '$2y$10$hVJnOpiOQZUln/7uR4/4fO2RhsptpNHOb8eWgZKwRaYsb9Jw7qyre', 3, 7, 6, 1, NULL, '2023-07-09 10:27:18', '2023-07-09 10:28:35', NULL, 3, NULL, NULL, NULL, NULL, NULL, NULL, NULL),
(38, 'Ресторан Джумейра', 'jumeirah_istoria@mail.ru', NULL, '$2y$10$WqaervolmdzH2FvqSyqcFOJG97eDNwJGwteaRgRuKYXEIhr8/bs/6', 3, 10, 5, 1, NULL, '2023-07-10 06:52:28', '2023-07-10 06:56:24', NULL, 3, NULL, NULL, NULL, NULL, NULL, NULL, NULL),
(39, 'Тихие Берега', 'tihie_berega@mail.ru', NULL, '$2y$10$raWYv9upjuSWIh4.LjqdauWM6LU.eRbkjOv.pBW0DzPPvUgx2CJKO', 3, 7, 6, 1, 'YBFzDBHLRg2F3ySOTpsIUCByoj2vGPeZLGAozCZaHtoWrN1sKjoN4TUUgXO9', '2023-07-14 14:28:07', '2023-07-14 14:31:47', NULL, 3, NULL, NULL, NULL, NULL, NULL, NULL, NULL),
(40, 'Александр', 'amdyachkov@bk.ru', NULL, '$2y$10$TW24dCVW9esiwac4Jz5c/euv28Zn.y1jsNeyBXYNJJ5TEu3c2MO1e', 3, 12, 7, 1, NULL, '2023-07-21 08:06:06', '2023-07-26 13:45:10', NULL, 3, 'Дьячков', 43, '+7 (911) 941-10-15', 'men', 'Санкт-Петербург', 'Россия', NULL),
(41, 'caf', 'cafe123@mail.ru', NULL, '$2y$10$bTLfbBbeS3u91crOgmycMuVrlSTsVWC/TOfOPgSHSKI5xJg2K2BEq', 1, 1, 1, 1, NULL, '2023-08-11 08:57:08', '2023-08-11 08:57:08', NULL, 3, NULL, NULL, NULL, NULL, NULL, NULL, NULL),
(42, 'consulting', 'consulting@mail.ru', NULL, '$2y$10$r4XM36NUy2ZjD0DqvvEFOeIfWirmMzmO4vEbqBC2CAXw69Uds2Xda', 8, 3, 2, 1, NULL, '2023-08-18 15:15:08', '2023-08-18 15:15:08', NULL, 9, NULL, NULL, NULL, NULL, NULL, NULL, NULL),
(43, 'Курсы', 'admin123@mail.ru', NULL, '$2y$10$N4gd70XLm/8M1IodCvspwuUtanMoZaK1jErEQ7F9pUbOEOYgktRjq', 1, 1, 1, 1, NULL, '2023-09-06 05:33:56', '2023-09-06 05:33:56', NULL, 0, NULL, NULL, NULL, NULL, NULL, NULL, NULL),
(44, 'Курсы', 'admin123123123@mail.ru', NULL, '$2y$10$siauFQ5YLI7/auti9n5ZbeHeYKo3tsmeXAnJnA6EzMdkx8cjKmKh6', 8, 1, 1, 1, NULL, '2023-09-06 05:34:49', '2023-09-06 05:41:41', '2023-09-06 05:41:41', 9, NULL, NULL, NULL, NULL, NULL, NULL, NULL),
(45, 'qweasd', 'asdadddddsd@mail.ru', NULL, '$2y$10$qksLPkcMiEPl3omehO81k.VUMOYxNPTXBVkc6cHdMCof6K2x0LFI6', NULL, NULL, NULL, NULL, NULL, '2023-09-20 16:39:46', '2023-09-20 16:39:46', NULL, 1, NULL, NULL, NULL, NULL, NULL, NULL, NULL),
(46, 'asddddddddddddd', 'a123123123123123sd@mail.ru', NULL, '$2y$10$4BdmFL0dAl9xaV3xw70jLeg9lB/WG6IMlPBcBfHPpRMVxFPW2Vviq', NULL, NULL, NULL, NULL, NULL, '2023-09-20 16:40:07', '2023-09-20 16:40:07', NULL, 1, NULL, NULL, NULL, NULL, NULL, NULL, NULL),
(47, 'asddddddddddddd', 'a1231231231dddddddddddd23123sd@mail.ru', NULL, '$2y$10$xzf7xWrvFoo7ZtSqlMls6OBk6c8Oy77W0w5Xf81yvgjEfEefVYVFG', NULL, NULL, NULL, NULL, NULL, '2023-09-20 16:40:15', '2023-09-20 16:40:15', NULL, 1, NULL, NULL, NULL, NULL, NULL, NULL, NULL),
(48, 'obama', 'obama@mail.ru', NULL, '$2y$10$cFn9FJLugM899my5dozBPeTRv35b4nlHqR0gLJqkp/tFnS/ZjMdk2', NULL, NULL, NULL, NULL, NULL, '2023-09-20 16:47:37', '2023-09-20 16:47:37', NULL, 1, NULL, NULL, NULL, NULL, NULL, NULL, NULL),
(49, 'neObama', 'neObabaAbayden@mail.ru', NULL, '$2y$10$bOQU.viYjX1xkQh5HkpTL.zh5cduwU35iH7m2TBabAR2Tc0Eq84Y6', NULL, NULL, NULL, NULL, NULL, '2023-09-20 16:52:09', '2023-09-20 16:52:09', NULL, 1, NULL, NULL, NULL, NULL, NULL, NULL, NULL),
(57, 'Aleksandr', 'alex@mail.ru', NULL, '$2y$10$6SxJztCDZcG11tr.eJUS8uf9leBREklHINFELdJaqwMggeCkLlsWu', NULL, NULL, NULL, NULL, NULL, '2023-09-21 06:16:24', '2023-09-21 06:16:24', NULL, 1, NULL, NULL, NULL, NULL, NULL, NULL, NULL),
(60, 'bom', 'bom@mail.ru', NULL, '$2y$10$vltTjHV5hKtjMh46HlpwUOPVafaFIcGpnm8.jiFHIwsojceANc43a', NULL, NULL, NULL, NULL, NULL, '2023-09-21 06:51:56', '2023-09-21 06:51:56', NULL, 1, NULL, NULL, NULL, NULL, NULL, NULL, NULL),
(61, 'Анатолий', 'anat@mail.ru', NULL, '$2y$10$XjXecpj6MiACmpJIBuVIiO7GFCBER03jIE96tHJhHpuGz8jgQwAJu', NULL, NULL, NULL, NULL, NULL, '2023-09-23 09:34:00', '2023-09-23 09:34:00', NULL, 1, NULL, NULL, NULL, NULL, NULL, NULL, NULL),
(65, 'Тест_Юнити', 'nastelina@mail.ru', NULL, '$2y$10$DcjN1/hNxcx2BfIqXFrBGenDNqwBmh/j6cLCYc/0c//GMLNrBS7.i', 8, 9, 4, 1, NULL, '2024-02-10 02:56:36', '2024-02-10 03:17:14', NULL, 9, NULL, NULL, NULL, NULL, NULL, NULL, NULL),
(66, 'Величайший конс', 'qw@mail.ru', NULL, '$2y$10$SFKdXvqjnm9om7zMA9rRY.pyofu3NhjZlauwDhBrYFZhqPo2pvYCW', 8, 1, 1, 1, NULL, '2024-02-10 03:19:05', '2024-02-10 03:20:08', '2024-02-10 03:20:08', 9, NULL, NULL, NULL, NULL, NULL, NULL, NULL),
(67, 'Величайший', 'nastelina@list.ru', NULL, '$2y$10$7Lia.P8OxPWbq.xV7hhOr.f4L0J1KczztfqQkWhekX2ygrgolSTaq', 8, 1, 1, 1, NULL, '2024-02-10 03:25:14', '2024-02-10 03:30:33', NULL, 9, NULL, NULL, NULL, NULL, NULL, NULL, NULL),
(68, 'Аьатвт', 'Xbdndn@mail.ru', NULL, '$2y$10$JLVhuTAnl9VJ9zNqnL94BO8S3G6wlivUjXzjppe0yEf34xC96ZWLq', NULL, NULL, NULL, NULL, NULL, '2024-02-19 06:13:24', '2024-02-19 06:13:24', NULL, 1, NULL, NULL, NULL, NULL, NULL, NULL, NULL),
(69, 'Polina', 'polia_koteika@mail.ru', NULL, '$2y$10$IKoPcHWIuQosvNqST/SN7e1fCRX0WXuHsvIjC71zQulMQq8h5yxjm', NULL, NULL, NULL, NULL, NULL, '2024-03-15 08:58:09', '2024-03-15 08:58:09', NULL, 1, NULL, NULL, NULL, NULL, NULL, NULL, NULL),
(70, 'Fifi', 'Gh@mail.ru', NULL, '$2y$10$5Kw09s4uQzaEnkLN1CwRweBjyOzAyAhXR28USrarfiqEvf2Xi63kW', NULL, NULL, NULL, NULL, NULL, '2024-03-26 12:03:17', '2024-03-26 12:03:17', NULL, 1, NULL, NULL, NULL, NULL, NULL, NULL, NULL),
(76, 'конс', 'nastel@mail.ru', NULL, '$2y$10$3tIjtrzuEt.eLTgCKbLxEuaA8Fj2oSTWTMJy1MKOyVzudmBPFsFcS', 7, 1, 1, 1, NULL, '2024-04-29 00:13:34', '2024-04-29 00:13:34', NULL, 9, NULL, NULL, NULL, NULL, NULL, NULL, NULL),
(77, 'Polina', 'powertyuio1312@yandex.by', NULL, '$2y$10$fjgs0NN5B6PyoH98V4Snqe0qqja9Crtadq30XSrX7zK/Eq7o.qrMq', 8, 1, 1, 3, NULL, '2024-06-03 07:41:47', '2024-06-05 09:48:08', NULL, 9, NULL, NULL, NULL, NULL, NULL, NULL, NULL);

--
-- Индексы сохранённых таблиц
--

--
-- Индексы таблицы `baners`
--
ALTER TABLE `baners`
  ADD PRIMARY KEY (`id`);

--
-- Индексы таблицы `cafe_actions`
--
ALTER TABLE `cafe_actions`
  ADD PRIMARY KEY (`id`),
  ADD KEY `cafe_action_user_idx` (`user_id`);

--
-- Индексы таблицы `cafe_cards`
--
ALTER TABLE `cafe_cards`
  ADD PRIMARY KEY (`id`),
  ADD KEY `cafe_card_user_idx` (`user_id`),
  ADD KEY `cafe_card_type_idx` (`type_id`),
  ADD KEY `cafe_card_district_idx` (`district_id`),
  ADD KEY `cafe_card_republic_idx` (`republic_id`),
  ADD KEY `cafe_card_city_idx` (`city_id`);

--
-- Индексы таблицы `cafe_card_images`
--
ALTER TABLE `cafe_card_images`
  ADD PRIMARY KEY (`id`);

--
-- Индексы таблицы `cafe_card_tags`
--
ALTER TABLE `cafe_card_tags`
  ADD PRIMARY KEY (`id`),
  ADD KEY `cafe_card_tag_card_idx` (`cafe_card_id`),
  ADD KEY `cafe_card_tag_tag_idx` (`cafe_tag_id`);

--
-- Индексы таблицы `cafe_images`
--
ALTER TABLE `cafe_images`
  ADD PRIMARY KEY (`id`);

--
-- Индексы таблицы `cafe_tags`
--
ALTER TABLE `cafe_tags`
  ADD PRIMARY KEY (`id`),
  ADD KEY `cafe_tags_user_idx` (`user_id`);

--
-- Индексы таблицы `cafe_times`
--
ALTER TABLE `cafe_times`
  ADD PRIMARY KEY (`id`),
  ADD KEY `cafe_times_user_idx` (`user_id`);

--
-- Индексы таблицы `cafe_todo_items`
--
ALTER TABLE `cafe_todo_items`
  ADD PRIMARY KEY (`id`);

--
-- Индексы таблицы `cafe_todo_lists`
--
ALTER TABLE `cafe_todo_lists`
  ADD PRIMARY KEY (`id`),
  ADD KEY `cafe_todo_lists_user_idx` (`user_id`);

--
-- Индексы таблицы `cafe_todo_products`
--
ALTER TABLE `cafe_todo_products`
  ADD PRIMARY KEY (`id`);

--
-- Индексы таблицы `categories`
--
ALTER TABLE `categories`
  ADD PRIMARY KEY (`id`);

--
-- Индексы таблицы `cities`
--
ALTER TABLE `cities`
  ADD PRIMARY KEY (`id`);

--
-- Индексы таблицы `comment_cafes`
--
ALTER TABLE `comment_cafes`
  ADD PRIMARY KEY (`id`),
  ADD KEY `cafe_card_comment_idx` (`cafeCard_id`);

--
-- Индексы таблицы `comment_consultings`
--
ALTER TABLE `comment_consultings`
  ADD PRIMARY KEY (`id`),
  ADD KEY `constaling_card_comment_idx` (`constalingCard_id`);

--
-- Индексы таблицы `comment_hostels`
--
ALTER TABLE `comment_hostels`
  ADD PRIMARY KEY (`id`),
  ADD KEY `hostel_card_comment_idx` (`hostelCard_id`);

--
-- Индексы таблицы `comment_meds`
--
ALTER TABLE `comment_meds`
  ADD PRIMARY KEY (`id`),
  ADD KEY `medical_card_comment_idx` (`medicalCard_id`);

--
-- Индексы таблицы `comment_sanatoriums`
--
ALTER TABLE `comment_sanatoriums`
  ADD PRIMARY KEY (`id`),
  ADD KEY `sanatorium_card_comment_idx` (`sanatoriumCard_id`);

--
-- Индексы таблицы `comment_spas`
--
ALTER TABLE `comment_spas`
  ADD PRIMARY KEY (`id`),
  ADD KEY `spa_card_comment_idx` (`spaCard_id`);

--
-- Индексы таблицы `comment_sports`
--
ALTER TABLE `comment_sports`
  ADD PRIMARY KEY (`id`),
  ADD KEY `sport_card_comment_idx` (`sportCard_id`);

--
-- Индексы таблицы `comment_turs`
--
ALTER TABLE `comment_turs`
  ADD PRIMARY KEY (`id`),
  ADD KEY `tur_card_comment_idx` (`turCard_id`);

--
-- Индексы таблицы `consulting_actions`
--
ALTER TABLE `consulting_actions`
  ADD PRIMARY KEY (`id`);

--
-- Индексы таблицы `consulting_cats`
--
ALTER TABLE `consulting_cats`
  ADD PRIMARY KEY (`id`);

--
-- Индексы таблицы `consulting_cat_users`
--
ALTER TABLE `consulting_cat_users`
  ADD PRIMARY KEY (`id`),
  ADD KEY `user_id_user_idx` (`user_id`),
  ADD KEY `cat_user_cat_idx` (`cat_id`);

--
-- Индексы таблицы `consulting_lists`
--
ALTER TABLE `consulting_lists`
  ADD PRIMARY KEY (`id`);

--
-- Индексы таблицы `consulting_posts`
--
ALTER TABLE `consulting_posts`
  ADD PRIMARY KEY (`id`),
  ADD KEY `consulting_card_user_idx` (`user_id`);

--
-- Индексы таблицы `consulting_services`
--
ALTER TABLE `consulting_services`
  ADD PRIMARY KEY (`id`);

--
-- Индексы таблицы `consulting_todo_lists`
--
ALTER TABLE `consulting_todo_lists`
  ADD PRIMARY KEY (`id`);

--
-- Индексы таблицы `districts`
--
ALTER TABLE `districts`
  ADD PRIMARY KEY (`id`);

--
-- Индексы таблицы `failed_jobs`
--
ALTER TABLE `failed_jobs`
  ADD PRIMARY KEY (`id`),
  ADD UNIQUE KEY `failed_jobs_uuid_unique` (`uuid`);

--
-- Индексы таблицы `hostel_actions`
--
ALTER TABLE `hostel_actions`
  ADD PRIMARY KEY (`id`),
  ADD KEY `hostel_action_user_idx` (`user_id`);

--
-- Индексы таблицы `hostel_cards`
--
ALTER TABLE `hostel_cards`
  ADD PRIMARY KEY (`id`),
  ADD KEY `hostel_card_user_idx` (`user_id`),
  ADD KEY `hostel_card_type_idx` (`type_id`),
  ADD KEY `hostel_card_district_idx` (`district_id`),
  ADD KEY `hostel_card_republic_idx` (`republic_id`),
  ADD KEY `hostel_card_city_idx` (`city_id`);

--
-- Индексы таблицы `hostel_card_images`
--
ALTER TABLE `hostel_card_images`
  ADD PRIMARY KEY (`id`);

--
-- Индексы таблицы `hostel_card_tags`
--
ALTER TABLE `hostel_card_tags`
  ADD PRIMARY KEY (`id`),
  ADD KEY `hostel_card_tags_user_idx` (`user_id`);

--
-- Индексы таблицы `hostel_card_tag_cards`
--
ALTER TABLE `hostel_card_tag_cards`
  ADD PRIMARY KEY (`id`),
  ADD KEY `hostel_card_cardTag_card_idx` (`hostel_card_id`),
  ADD KEY `hostel_card_cardTag_tag_idx` (`hostel_cardTag_id`);

--
-- Индексы таблицы `hostel_categories`
--
ALTER TABLE `hostel_categories`
  ADD PRIMARY KEY (`id`),
  ADD KEY `hostel_categories_user_idx` (`user_id`);

--
-- Индексы таблицы `hostel_images`
--
ALTER TABLE `hostel_images`
  ADD PRIMARY KEY (`id`);

--
-- Индексы таблицы `hostel_posts`
--
ALTER TABLE `hostel_posts`
  ADD PRIMARY KEY (`id`),
  ADD KEY `hostel_post_category_idx` (`hostel_category_id`),
  ADD KEY `hostel_post_user_idx` (`user_id`);

--
-- Индексы таблицы `hostel_post_tags`
--
ALTER TABLE `hostel_post_tags`
  ADD PRIMARY KEY (`id`),
  ADD KEY `hostel_post_tag_post_idx` (`hostel_post_id`),
  ADD KEY `hostel_post_tag_tag_idx` (`hostel_tag_id`);

--
-- Индексы таблицы `hostel_servics`
--
ALTER TABLE `hostel_servics`
  ADD PRIMARY KEY (`id`),
  ADD KEY `hostel_servic_user_idx` (`user_id`);

--
-- Индексы таблицы `hostel_tags`
--
ALTER TABLE `hostel_tags`
  ADD PRIMARY KEY (`id`),
  ADD KEY `hostel_tags_user_idx` (`user_id`);

--
-- Индексы таблицы `images`
--
ALTER TABLE `images`
  ADD PRIMARY KEY (`id`);

--
-- Индексы таблицы `medical_actions`
--
ALTER TABLE `medical_actions`
  ADD PRIMARY KEY (`id`),
  ADD KEY `medical_action_user_idx` (`user_id`);

--
-- Индексы таблицы `medical_cards`
--
ALTER TABLE `medical_cards`
  ADD PRIMARY KEY (`id`),
  ADD KEY `medical_card_user_idx` (`user_id`),
  ADD KEY `medical_card_type_idx` (`type_id`),
  ADD KEY `medical_card_district_idx` (`district_id`),
  ADD KEY `medical_card_republic_idx` (`republic_id`),
  ADD KEY `medical_card_city_idx` (`city_id`);

--
-- Индексы таблицы `medical_card_images`
--
ALTER TABLE `medical_card_images`
  ADD PRIMARY KEY (`id`);

--
-- Индексы таблицы `medical_card_tags`
--
ALTER TABLE `medical_card_tags`
  ADD PRIMARY KEY (`id`),
  ADD KEY `medical_card_tag_card_idx` (`medical_card_id`),
  ADD KEY `medical_card_tag_tag_idx` (`medical_tag_id`);

--
-- Индексы таблицы `medical_images`
--
ALTER TABLE `medical_images`
  ADD PRIMARY KEY (`id`);

--
-- Индексы таблицы `medical_tags`
--
ALTER TABLE `medical_tags`
  ADD PRIMARY KEY (`id`),
  ADD KEY `medical_tags_user_idx` (`user_id`);

--
-- Индексы таблицы `medical_times`
--
ALTER TABLE `medical_times`
  ADD PRIMARY KEY (`id`),
  ADD KEY `medical_times_user_idx` (`user_id`);

--
-- Индексы таблицы `medical_todo_items`
--
ALTER TABLE `medical_todo_items`
  ADD PRIMARY KEY (`id`);

--
-- Индексы таблицы `medical_todo_lists`
--
ALTER TABLE `medical_todo_lists`
  ADD PRIMARY KEY (`id`),
  ADD KEY `medical_todo_lists_user_idx` (`user_id`);

--
-- Индексы таблицы `medical_todo_products`
--
ALTER TABLE `medical_todo_products`
  ADD PRIMARY KEY (`id`);

--
-- Индексы таблицы `migrations`
--
ALTER TABLE `migrations`
  ADD PRIMARY KEY (`id`);

--
-- Индексы таблицы `orders_consultings`
--
ALTER TABLE `orders_consultings`
  ADD PRIMARY KEY (`id`);

--
-- Индексы таблицы `order_ids`
--
ALTER TABLE `order_ids`
  ADD PRIMARY KEY (`id`);

--
-- Индексы таблицы `password_resets`
--
ALTER TABLE `password_resets`
  ADD KEY `password_resets_email_index` (`email`);

--
-- Индексы таблицы `payments`
--
ALTER TABLE `payments`
  ADD PRIMARY KEY (`id`);

--
-- Индексы таблицы `personal_access_tokens`
--
ALTER TABLE `personal_access_tokens`
  ADD PRIMARY KEY (`id`),
  ADD UNIQUE KEY `personal_access_tokens_token_unique` (`token`),
  ADD KEY `personal_access_tokens_tokenable_type_tokenable_id_index` (`tokenable_type`,`tokenable_id`);

--
-- Индексы таблицы `posts`
--
ALTER TABLE `posts`
  ADD PRIMARY KEY (`id`),
  ADD KEY `post_category_idx` (`category_id`),
  ADD KEY `post_user_idx` (`user_id`);

--
-- Индексы таблицы `post_tags`
--
ALTER TABLE `post_tags`
  ADD PRIMARY KEY (`id`),
  ADD KEY `post_tag_post_idx` (`post_id`),
  ADD KEY `post_tag_tag_idx` (`tag_id`);

--
-- Индексы таблицы `pre_orders`
--
ALTER TABLE `pre_orders`
  ADD PRIMARY KEY (`id`);

--
-- Индексы таблицы `republics`
--
ALTER TABLE `republics`
  ADD PRIMARY KEY (`id`);

--
-- Индексы таблицы `sanatorium_actions`
--
ALTER TABLE `sanatorium_actions`
  ADD PRIMARY KEY (`id`),
  ADD KEY `sanatorium_action_user_idx` (`user_id`);

--
-- Индексы таблицы `sanatorium_cards`
--
ALTER TABLE `sanatorium_cards`
  ADD PRIMARY KEY (`id`),
  ADD KEY `sanatorium_card_user_idx` (`user_id`),
  ADD KEY `sanatorium_card_type_idx` (`type_id`),
  ADD KEY `sanatorium_card_district_idx` (`district_id`),
  ADD KEY `sanatorium_card_republic_idx` (`republic_id`),
  ADD KEY `sanatorium_card_city_idx` (`city_id`);

--
-- Индексы таблицы `sanatorium_card_images`
--
ALTER TABLE `sanatorium_card_images`
  ADD PRIMARY KEY (`id`);

--
-- Индексы таблицы `sanatorium_card_tags`
--
ALTER TABLE `sanatorium_card_tags`
  ADD PRIMARY KEY (`id`),
  ADD KEY `sanatorium_card_tags_user_idx` (`user_id`);

--
-- Индексы таблицы `sanatorium_card_tag_cards`
--
ALTER TABLE `sanatorium_card_tag_cards`
  ADD PRIMARY KEY (`id`),
  ADD KEY `sanatorium_card_cardTag_card_idx` (`sanatorium_card_id`),
  ADD KEY `sanatorium_card_cardTag_tag_idx` (`sanatorium_cardTag_id`);

--
-- Индексы таблицы `sanatorium_categories`
--
ALTER TABLE `sanatorium_categories`
  ADD PRIMARY KEY (`id`),
  ADD KEY `sanatorium_categories_user_idx` (`user_id`);

--
-- Индексы таблицы `sanatorium_images`
--
ALTER TABLE `sanatorium_images`
  ADD PRIMARY KEY (`id`);

--
-- Индексы таблицы `sanatorium_posts`
--
ALTER TABLE `sanatorium_posts`
  ADD PRIMARY KEY (`id`),
  ADD KEY `sanatorium_post_category_idx` (`sanatorium_category_id`),
  ADD KEY `sanatorium_post_user_idx` (`user_id`);

--
-- Индексы таблицы `sanatorium_post_tags`
--
ALTER TABLE `sanatorium_post_tags`
  ADD PRIMARY KEY (`id`),
  ADD KEY `sanatorium_post_tag_post_idx` (`sanatorium_post_id`),
  ADD KEY `sanatorium_post_tag_tag_idx` (`sanatorium_tag_id`);

--
-- Индексы таблицы `sanatorium_servics`
--
ALTER TABLE `sanatorium_servics`
  ADD PRIMARY KEY (`id`),
  ADD KEY `sanatorium_servic_user_idx` (`user_id`);

--
-- Индексы таблицы `sanatorium_tags`
--
ALTER TABLE `sanatorium_tags`
  ADD PRIMARY KEY (`id`),
  ADD KEY `sanatorium_tags_user_idx` (`user_id`);

--
-- Индексы таблицы `sanatorium_todo_items`
--
ALTER TABLE `sanatorium_todo_items`
  ADD PRIMARY KEY (`id`);

--
-- Индексы таблицы `sanatorium_todo_lists`
--
ALTER TABLE `sanatorium_todo_lists`
  ADD PRIMARY KEY (`id`),
  ADD KEY `sanatorium_todo_lists_user_idx` (`user_id`);

--
-- Индексы таблицы `sanatorium_todo_products`
--
ALTER TABLE `sanatorium_todo_products`
  ADD PRIMARY KEY (`id`);

--
-- Индексы таблицы `spa_actions`
--
ALTER TABLE `spa_actions`
  ADD PRIMARY KEY (`id`),
  ADD KEY `spa_action_user_idx` (`user_id`);

--
-- Индексы таблицы `spa_cards`
--
ALTER TABLE `spa_cards`
  ADD PRIMARY KEY (`id`),
  ADD KEY `spa_card_user_idx` (`user_id`),
  ADD KEY `spa_card_type_idx` (`type_id`),
  ADD KEY `spa_card_district_idx` (`district_id`),
  ADD KEY `spa_card_republic_idx` (`republic_id`),
  ADD KEY `spa_card_city_idx` (`city_id`);

--
-- Индексы таблицы `spa_card_images`
--
ALTER TABLE `spa_card_images`
  ADD PRIMARY KEY (`id`);

--
-- Индексы таблицы `spa_card_tags`
--
ALTER TABLE `spa_card_tags`
  ADD PRIMARY KEY (`id`),
  ADD KEY `spa_card_tag_card_idx` (`spa_card_id`),
  ADD KEY `spa_card_tag_tag_idx` (`spa_tag_id`);

--
-- Индексы таблицы `spa_images`
--
ALTER TABLE `spa_images`
  ADD PRIMARY KEY (`id`);

--
-- Индексы таблицы `spa_tags`
--
ALTER TABLE `spa_tags`
  ADD PRIMARY KEY (`id`),
  ADD KEY `spa_tags_user_idx` (`user_id`);

--
-- Индексы таблицы `spa_times`
--
ALTER TABLE `spa_times`
  ADD PRIMARY KEY (`id`),
  ADD KEY `spa_times_user_idx` (`user_id`);

--
-- Индексы таблицы `spa_todo_items`
--
ALTER TABLE `spa_todo_items`
  ADD PRIMARY KEY (`id`);

--
-- Индексы таблицы `spa_todo_lists`
--
ALTER TABLE `spa_todo_lists`
  ADD PRIMARY KEY (`id`),
  ADD KEY `spa_todo_lists_user_idx` (`user_id`);

--
-- Индексы таблицы `spa_todo_products`
--
ALTER TABLE `spa_todo_products`
  ADD PRIMARY KEY (`id`);

--
-- Индексы таблицы `sport_actions`
--
ALTER TABLE `sport_actions`
  ADD PRIMARY KEY (`id`),
  ADD KEY `sport_action_user_idx` (`user_id`);

--
-- Индексы таблицы `sport_cards`
--
ALTER TABLE `sport_cards`
  ADD PRIMARY KEY (`id`),
  ADD KEY `sport_card_user_idx` (`user_id`),
  ADD KEY `sport_card_type_idx` (`type_id`),
  ADD KEY `sport_card_district_idx` (`district_id`),
  ADD KEY `sport_card_republic_idx` (`republic_id`),
  ADD KEY `sport_card_city_idx` (`city_id`);

--
-- Индексы таблицы `sport_card_images`
--
ALTER TABLE `sport_card_images`
  ADD PRIMARY KEY (`id`);

--
-- Индексы таблицы `sport_card_tags`
--
ALTER TABLE `sport_card_tags`
  ADD PRIMARY KEY (`id`),
  ADD KEY `sport_card_tags_user_idx` (`user_id`);

--
-- Индексы таблицы `sport_card_tag_cards`
--
ALTER TABLE `sport_card_tag_cards`
  ADD PRIMARY KEY (`id`),
  ADD KEY `sport_card_cardTag_card_idx` (`sport_card_id`),
  ADD KEY `sport_card_cardTag_tag_idx` (`sport_cardTag_id`);

--
-- Индексы таблицы `sport_categories`
--
ALTER TABLE `sport_categories`
  ADD PRIMARY KEY (`id`),
  ADD KEY `sport_categories_user_idx` (`user_id`);

--
-- Индексы таблицы `sport_images`
--
ALTER TABLE `sport_images`
  ADD PRIMARY KEY (`id`);

--
-- Индексы таблицы `sport_posts`
--
ALTER TABLE `sport_posts`
  ADD PRIMARY KEY (`id`),
  ADD KEY `sport_post_category_idx` (`sport_category_id`),
  ADD KEY `sport_post_user_idx` (`user_id`);

--
-- Индексы таблицы `sport_post_tags`
--
ALTER TABLE `sport_post_tags`
  ADD PRIMARY KEY (`id`),
  ADD KEY `sport_post_tag_post_idx` (`sport_post_id`),
  ADD KEY `sport_post_tag_tag_idx` (`sport_tag_id`);

--
-- Индексы таблицы `sport_servics`
--
ALTER TABLE `sport_servics`
  ADD PRIMARY KEY (`id`),
  ADD KEY `sport_servic_user_idx` (`user_id`);

--
-- Индексы таблицы `sport_tags`
--
ALTER TABLE `sport_tags`
  ADD PRIMARY KEY (`id`),
  ADD KEY `sport_tags_user_idx` (`user_id`);

--
-- Индексы таблицы `sport_todo_items`
--
ALTER TABLE `sport_todo_items`
  ADD PRIMARY KEY (`id`);

--
-- Индексы таблицы `sport_todo_lists`
--
ALTER TABLE `sport_todo_lists`
  ADD PRIMARY KEY (`id`),
  ADD KEY `sport_todo_lists_user_idx` (`user_id`);

--
-- Индексы таблицы `sport_todo_products`
--
ALTER TABLE `sport_todo_products`
  ADD PRIMARY KEY (`id`);

--
-- Индексы таблицы `tags`
--
ALTER TABLE `tags`
  ADD PRIMARY KEY (`id`);

--
-- Индексы таблицы `turoperator_actions`
--
ALTER TABLE `turoperator_actions`
  ADD PRIMARY KEY (`id`),
  ADD KEY `turoperator_action_user_idx` (`user_id`);

--
-- Индексы таблицы `turoperator_cards`
--
ALTER TABLE `turoperator_cards`
  ADD PRIMARY KEY (`id`),
  ADD KEY `turoperator_card_user_idx` (`user_id`),
  ADD KEY `turoperator_card_type_idx` (`type_id`),
  ADD KEY `turoperator_card_district_idx` (`district_id`),
  ADD KEY `turoperator_card_republic_idx` (`republic_id`),
  ADD KEY `turoperator_card_city_idx` (`city_id`);

--
-- Индексы таблицы `turoperator_card_images`
--
ALTER TABLE `turoperator_card_images`
  ADD PRIMARY KEY (`id`);

--
-- Индексы таблицы `turoperator_card_tags`
--
ALTER TABLE `turoperator_card_tags`
  ADD PRIMARY KEY (`id`),
  ADD KEY `turoperator_card_tags_user_idx` (`user_id`);

--
-- Индексы таблицы `turoperator_card_tag_cards`
--
ALTER TABLE `turoperator_card_tag_cards`
  ADD PRIMARY KEY (`id`),
  ADD KEY `turoperator_card_cardTag_card_idx` (`turoperator_card_id`),
  ADD KEY `turoperator_card_cardTag_tag_idx` (`turoperator_cardTag_id`);

--
-- Индексы таблицы `turoperator_categories`
--
ALTER TABLE `turoperator_categories`
  ADD PRIMARY KEY (`id`),
  ADD KEY `turoperator_categories_user_idx` (`user_id`);

--
-- Индексы таблицы `turoperator_images`
--
ALTER TABLE `turoperator_images`
  ADD PRIMARY KEY (`id`);

--
-- Индексы таблицы `turoperator_posts`
--
ALTER TABLE `turoperator_posts`
  ADD PRIMARY KEY (`id`),
  ADD KEY `turoperator_post_category_idx` (`turoperator_category_id`),
  ADD KEY `turoperator_post_user_idx` (`user_id`);

--
-- Индексы таблицы `turoperator_post_tags`
--
ALTER TABLE `turoperator_post_tags`
  ADD PRIMARY KEY (`id`),
  ADD KEY `turoperator_post_tag_post_idx` (`turoperator_post_id`),
  ADD KEY `turoperator_post_tag_tag_idx` (`turoperator_tag_id`);

--
-- Индексы таблицы `turoperator_servics`
--
ALTER TABLE `turoperator_servics`
  ADD PRIMARY KEY (`id`),
  ADD KEY `turoperator_servic_user_idx` (`user_id`);

--
-- Индексы таблицы `turoperator_tags`
--
ALTER TABLE `turoperator_tags`
  ADD PRIMARY KEY (`id`),
  ADD KEY `turoperator_tags_user_idx` (`user_id`);

--
-- Индексы таблицы `turoperator_times`
--
ALTER TABLE `turoperator_times`
  ADD PRIMARY KEY (`id`),
  ADD KEY `turoperator_times_user_idx` (`user_id`);

--
-- Индексы таблицы `types`
--
ALTER TABLE `types`
  ADD PRIMARY KEY (`id`);

--
-- Индексы таблицы `users`
--
ALTER TABLE `users`
  ADD PRIMARY KEY (`id`),
  ADD UNIQUE KEY `users_email_unique` (`email`),
  ADD KEY `user_type_idx` (`type_id`),
  ADD KEY `user_city_idx` (`city_id`),
  ADD KEY `user_republic_idx` (`republic_id`),
  ADD KEY `user_district_idx` (`district_id`);

--
-- AUTO_INCREMENT для сохранённых таблиц
--

--
-- AUTO_INCREMENT для таблицы `baners`
--
ALTER TABLE `baners`
  MODIFY `id` bigint UNSIGNED NOT NULL AUTO_INCREMENT, AUTO_INCREMENT=5;

--
-- AUTO_INCREMENT для таблицы `cafe_actions`
--
ALTER TABLE `cafe_actions`
  MODIFY `id` bigint UNSIGNED NOT NULL AUTO_INCREMENT, AUTO_INCREMENT=18;

--
-- AUTO_INCREMENT для таблицы `cafe_cards`
--
ALTER TABLE `cafe_cards`
  MODIFY `id` bigint UNSIGNED NOT NULL AUTO_INCREMENT, AUTO_INCREMENT=10;

--
-- AUTO_INCREMENT для таблицы `cafe_card_images`
--
ALTER TABLE `cafe_card_images`
  MODIFY `id` bigint UNSIGNED NOT NULL AUTO_INCREMENT, AUTO_INCREMENT=23;

--
-- AUTO_INCREMENT для таблицы `cafe_card_tags`
--
ALTER TABLE `cafe_card_tags`
  MODIFY `id` bigint UNSIGNED NOT NULL AUTO_INCREMENT, AUTO_INCREMENT=38;

--
-- AUTO_INCREMENT для таблицы `cafe_images`
--
ALTER TABLE `cafe_images`
  MODIFY `id` bigint UNSIGNED NOT NULL AUTO_INCREMENT;

--
-- AUTO_INCREMENT для таблицы `cafe_tags`
--
ALTER TABLE `cafe_tags`
  MODIFY `id` bigint UNSIGNED NOT NULL AUTO_INCREMENT, AUTO_INCREMENT=38;

--
-- AUTO_INCREMENT для таблицы `cafe_times`
--
ALTER TABLE `cafe_times`
  MODIFY `id` bigint UNSIGNED NOT NULL AUTO_INCREMENT, AUTO_INCREMENT=11;

--
-- AUTO_INCREMENT для таблицы `cafe_todo_items`
--
ALTER TABLE `cafe_todo_items`
  MODIFY `id` bigint UNSIGNED NOT NULL AUTO_INCREMENT, AUTO_INCREMENT=608;

--
-- AUTO_INCREMENT для таблицы `cafe_todo_lists`
--
ALTER TABLE `cafe_todo_lists`
  MODIFY `id` bigint UNSIGNED NOT NULL AUTO_INCREMENT, AUTO_INCREMENT=85;

--
-- AUTO_INCREMENT для таблицы `cafe_todo_products`
--
ALTER TABLE `cafe_todo_products`
  MODIFY `id` bigint UNSIGNED NOT NULL AUTO_INCREMENT, AUTO_INCREMENT=10;

--
-- AUTO_INCREMENT для таблицы `categories`
--
ALTER TABLE `categories`
  MODIFY `id` bigint UNSIGNED NOT NULL AUTO_INCREMENT, AUTO_INCREMENT=4;

--
-- AUTO_INCREMENT для таблицы `cities`
--
ALTER TABLE `cities`
  MODIFY `id` bigint UNSIGNED NOT NULL AUTO_INCREMENT, AUTO_INCREMENT=24;

--
-- AUTO_INCREMENT для таблицы `comment_cafes`
--
ALTER TABLE `comment_cafes`
  MODIFY `id` bigint UNSIGNED NOT NULL AUTO_INCREMENT, AUTO_INCREMENT=8;

--
-- AUTO_INCREMENT для таблицы `comment_consultings`
--
ALTER TABLE `comment_consultings`
  MODIFY `id` bigint UNSIGNED NOT NULL AUTO_INCREMENT, AUTO_INCREMENT=3;

--
-- AUTO_INCREMENT для таблицы `comment_hostels`
--
ALTER TABLE `comment_hostels`
  MODIFY `id` bigint UNSIGNED NOT NULL AUTO_INCREMENT, AUTO_INCREMENT=11;

--
-- AUTO_INCREMENT для таблицы `comment_meds`
--
ALTER TABLE `comment_meds`
  MODIFY `id` bigint UNSIGNED NOT NULL AUTO_INCREMENT, AUTO_INCREMENT=13;

--
-- AUTO_INCREMENT для таблицы `comment_sanatoriums`
--
ALTER TABLE `comment_sanatoriums`
  MODIFY `id` bigint UNSIGNED NOT NULL AUTO_INCREMENT, AUTO_INCREMENT=32;

--
-- AUTO_INCREMENT для таблицы `comment_spas`
--
ALTER TABLE `comment_spas`
  MODIFY `id` bigint UNSIGNED NOT NULL AUTO_INCREMENT, AUTO_INCREMENT=3;

--
-- AUTO_INCREMENT для таблицы `comment_sports`
--
ALTER TABLE `comment_sports`
  MODIFY `id` bigint UNSIGNED NOT NULL AUTO_INCREMENT, AUTO_INCREMENT=5;

--
-- AUTO_INCREMENT для таблицы `comment_turs`
--
ALTER TABLE `comment_turs`
  MODIFY `id` bigint UNSIGNED NOT NULL AUTO_INCREMENT, AUTO_INCREMENT=5;

--
-- AUTO_INCREMENT для таблицы `consulting_actions`
--
ALTER TABLE `consulting_actions`
  MODIFY `id` bigint UNSIGNED NOT NULL AUTO_INCREMENT, AUTO_INCREMENT=8;

--
-- AUTO_INCREMENT для таблицы `consulting_cats`
--
ALTER TABLE `consulting_cats`
  MODIFY `id` bigint UNSIGNED NOT NULL AUTO_INCREMENT, AUTO_INCREMENT=12;

--
-- AUTO_INCREMENT для таблицы `consulting_cat_users`
--
ALTER TABLE `consulting_cat_users`
  MODIFY `id` bigint UNSIGNED NOT NULL AUTO_INCREMENT, AUTO_INCREMENT=20;

--
-- AUTO_INCREMENT для таблицы `consulting_lists`
--
ALTER TABLE `consulting_lists`
  MODIFY `id` bigint UNSIGNED NOT NULL AUTO_INCREMENT;

--
-- AUTO_INCREMENT для таблицы `consulting_posts`
--
ALTER TABLE `consulting_posts`
  MODIFY `id` bigint UNSIGNED NOT NULL AUTO_INCREMENT, AUTO_INCREMENT=6;

--
-- AUTO_INCREMENT для таблицы `consulting_services`
--
ALTER TABLE `consulting_services`
  MODIFY `id` bigint UNSIGNED NOT NULL AUTO_INCREMENT, AUTO_INCREMENT=14;

--
-- AUTO_INCREMENT для таблицы `consulting_todo_lists`
--
ALTER TABLE `consulting_todo_lists`
  MODIFY `id` bigint UNSIGNED NOT NULL AUTO_INCREMENT, AUTO_INCREMENT=23;

--
-- AUTO_INCREMENT для таблицы `districts`
--
ALTER TABLE `districts`
  MODIFY `id` bigint UNSIGNED NOT NULL AUTO_INCREMENT, AUTO_INCREMENT=9;

--
-- AUTO_INCREMENT для таблицы `failed_jobs`
--
ALTER TABLE `failed_jobs`
  MODIFY `id` bigint UNSIGNED NOT NULL AUTO_INCREMENT;

--
-- AUTO_INCREMENT для таблицы `hostel_actions`
--
ALTER TABLE `hostel_actions`
  MODIFY `id` bigint UNSIGNED NOT NULL AUTO_INCREMENT, AUTO_INCREMENT=21;

--
-- AUTO_INCREMENT для таблицы `hostel_cards`
--
ALTER TABLE `hostel_cards`
  MODIFY `id` bigint UNSIGNED NOT NULL AUTO_INCREMENT, AUTO_INCREMENT=12;

--
-- AUTO_INCREMENT для таблицы `hostel_card_images`
--
ALTER TABLE `hostel_card_images`
  MODIFY `id` bigint UNSIGNED NOT NULL AUTO_INCREMENT, AUTO_INCREMENT=40;

--
-- AUTO_INCREMENT для таблицы `hostel_card_tags`
--
ALTER TABLE `hostel_card_tags`
  MODIFY `id` bigint UNSIGNED NOT NULL AUTO_INCREMENT, AUTO_INCREMENT=47;

--
-- AUTO_INCREMENT для таблицы `hostel_card_tag_cards`
--
ALTER TABLE `hostel_card_tag_cards`
  MODIFY `id` bigint UNSIGNED NOT NULL AUTO_INCREMENT, AUTO_INCREMENT=54;

--
-- AUTO_INCREMENT для таблицы `hostel_categories`
--
ALTER TABLE `hostel_categories`
  MODIFY `id` bigint UNSIGNED NOT NULL AUTO_INCREMENT, AUTO_INCREMENT=41;

--
-- AUTO_INCREMENT для таблицы `hostel_images`
--
ALTER TABLE `hostel_images`
  MODIFY `id` bigint UNSIGNED NOT NULL AUTO_INCREMENT, AUTO_INCREMENT=108;

--
-- AUTO_INCREMENT для таблицы `hostel_posts`
--
ALTER TABLE `hostel_posts`
  MODIFY `id` bigint UNSIGNED NOT NULL AUTO_INCREMENT, AUTO_INCREMENT=42;

--
-- AUTO_INCREMENT для таблицы `hostel_post_tags`
--
ALTER TABLE `hostel_post_tags`
  MODIFY `id` bigint UNSIGNED NOT NULL AUTO_INCREMENT, AUTO_INCREMENT=184;

--
-- AUTO_INCREMENT для таблицы `hostel_servics`
--
ALTER TABLE `hostel_servics`
  MODIFY `id` bigint UNSIGNED NOT NULL AUTO_INCREMENT, AUTO_INCREMENT=74;

--
-- AUTO_INCREMENT для таблицы `hostel_tags`
--
ALTER TABLE `hostel_tags`
  MODIFY `id` bigint UNSIGNED NOT NULL AUTO_INCREMENT, AUTO_INCREMENT=69;

--
-- AUTO_INCREMENT для таблицы `images`
--
ALTER TABLE `images`
  MODIFY `id` bigint UNSIGNED NOT NULL AUTO_INCREMENT, AUTO_INCREMENT=13;

--
-- AUTO_INCREMENT для таблицы `medical_actions`
--
ALTER TABLE `medical_actions`
  MODIFY `id` bigint UNSIGNED NOT NULL AUTO_INCREMENT, AUTO_INCREMENT=9;

--
-- AUTO_INCREMENT для таблицы `medical_cards`
--
ALTER TABLE `medical_cards`
  MODIFY `id` bigint UNSIGNED NOT NULL AUTO_INCREMENT, AUTO_INCREMENT=8;

--
-- AUTO_INCREMENT для таблицы `medical_card_images`
--
ALTER TABLE `medical_card_images`
  MODIFY `id` bigint UNSIGNED NOT NULL AUTO_INCREMENT, AUTO_INCREMENT=14;

--
-- AUTO_INCREMENT для таблицы `medical_card_tags`
--
ALTER TABLE `medical_card_tags`
  MODIFY `id` bigint UNSIGNED NOT NULL AUTO_INCREMENT, AUTO_INCREMENT=21;

--
-- AUTO_INCREMENT для таблицы `medical_images`
--
ALTER TABLE `medical_images`
  MODIFY `id` bigint UNSIGNED NOT NULL AUTO_INCREMENT;

--
-- AUTO_INCREMENT для таблицы `medical_tags`
--
ALTER TABLE `medical_tags`
  MODIFY `id` bigint UNSIGNED NOT NULL AUTO_INCREMENT, AUTO_INCREMENT=17;

--
-- AUTO_INCREMENT для таблицы `medical_times`
--
ALTER TABLE `medical_times`
  MODIFY `id` bigint UNSIGNED NOT NULL AUTO_INCREMENT, AUTO_INCREMENT=5;

--
-- AUTO_INCREMENT для таблицы `medical_todo_items`
--
ALTER TABLE `medical_todo_items`
  MODIFY `id` bigint UNSIGNED NOT NULL AUTO_INCREMENT, AUTO_INCREMENT=241;

--
-- AUTO_INCREMENT для таблицы `medical_todo_lists`
--
ALTER TABLE `medical_todo_lists`
  MODIFY `id` bigint UNSIGNED NOT NULL AUTO_INCREMENT, AUTO_INCREMENT=35;

--
-- AUTO_INCREMENT для таблицы `medical_todo_products`
--
ALTER TABLE `medical_todo_products`
  MODIFY `id` bigint UNSIGNED NOT NULL AUTO_INCREMENT, AUTO_INCREMENT=3;

--
-- AUTO_INCREMENT для таблицы `migrations`
--
ALTER TABLE `migrations`
  MODIFY `id` int UNSIGNED NOT NULL AUTO_INCREMENT, AUTO_INCREMENT=240;

--
-- AUTO_INCREMENT для таблицы `orders_consultings`
--
ALTER TABLE `orders_consultings`
  MODIFY `id` bigint UNSIGNED NOT NULL AUTO_INCREMENT, AUTO_INCREMENT=3;

--
-- AUTO_INCREMENT для таблицы `order_ids`
--
ALTER TABLE `order_ids`
  MODIFY `id` bigint UNSIGNED NOT NULL AUTO_INCREMENT;

--
-- AUTO_INCREMENT для таблицы `payments`
--
ALTER TABLE `payments`
  MODIFY `id` bigint UNSIGNED NOT NULL AUTO_INCREMENT, AUTO_INCREMENT=91121;

--
-- AUTO_INCREMENT для таблицы `personal_access_tokens`
--
ALTER TABLE `personal_access_tokens`
  MODIFY `id` bigint UNSIGNED NOT NULL AUTO_INCREMENT;

--
-- AUTO_INCREMENT для таблицы `posts`
--
ALTER TABLE `posts`
  MODIFY `id` bigint UNSIGNED NOT NULL AUTO_INCREMENT, AUTO_INCREMENT=10;

--
-- AUTO_INCREMENT для таблицы `post_tags`
--
ALTER TABLE `post_tags`
  MODIFY `id` bigint UNSIGNED NOT NULL AUTO_INCREMENT;

--
-- AUTO_INCREMENT для таблицы `pre_orders`
--
ALTER TABLE `pre_orders`
  MODIFY `id` bigint UNSIGNED NOT NULL AUTO_INCREMENT, AUTO_INCREMENT=1683;

--
-- AUTO_INCREMENT для таблицы `republics`
--
ALTER TABLE `republics`
  MODIFY `id` bigint UNSIGNED NOT NULL AUTO_INCREMENT, AUTO_INCREMENT=16;

--
-- AUTO_INCREMENT для таблицы `sanatorium_actions`
--
ALTER TABLE `sanatorium_actions`
  MODIFY `id` bigint UNSIGNED NOT NULL AUTO_INCREMENT, AUTO_INCREMENT=3;

--
-- AUTO_INCREMENT для таблицы `sanatorium_cards`
--
ALTER TABLE `sanatorium_cards`
  MODIFY `id` bigint UNSIGNED NOT NULL AUTO_INCREMENT, AUTO_INCREMENT=2;

--
-- AUTO_INCREMENT для таблицы `sanatorium_card_images`
--
ALTER TABLE `sanatorium_card_images`
  MODIFY `id` bigint UNSIGNED NOT NULL AUTO_INCREMENT, AUTO_INCREMENT=8;

--
-- AUTO_INCREMENT для таблицы `sanatorium_card_tags`
--
ALTER TABLE `sanatorium_card_tags`
  MODIFY `id` bigint UNSIGNED NOT NULL AUTO_INCREMENT, AUTO_INCREMENT=6;

--
-- AUTO_INCREMENT для таблицы `sanatorium_card_tag_cards`
--
ALTER TABLE `sanatorium_card_tag_cards`
  MODIFY `id` bigint UNSIGNED NOT NULL AUTO_INCREMENT, AUTO_INCREMENT=6;

--
-- AUTO_INCREMENT для таблицы `sanatorium_categories`
--
ALTER TABLE `sanatorium_categories`
  MODIFY `id` bigint UNSIGNED NOT NULL AUTO_INCREMENT, AUTO_INCREMENT=4;

--
-- AUTO_INCREMENT для таблицы `sanatorium_images`
--
ALTER TABLE `sanatorium_images`
  MODIFY `id` bigint UNSIGNED NOT NULL AUTO_INCREMENT, AUTO_INCREMENT=9;

--
-- AUTO_INCREMENT для таблицы `sanatorium_posts`
--
ALTER TABLE `sanatorium_posts`
  MODIFY `id` bigint UNSIGNED NOT NULL AUTO_INCREMENT, AUTO_INCREMENT=4;

--
-- AUTO_INCREMENT для таблицы `sanatorium_post_tags`
--
ALTER TABLE `sanatorium_post_tags`
  MODIFY `id` bigint UNSIGNED NOT NULL AUTO_INCREMENT, AUTO_INCREMENT=11;

--
-- AUTO_INCREMENT для таблицы `sanatorium_servics`
--
ALTER TABLE `sanatorium_servics`
  MODIFY `id` bigint UNSIGNED NOT NULL AUTO_INCREMENT, AUTO_INCREMENT=10;

--
-- AUTO_INCREMENT для таблицы `sanatorium_tags`
--
ALTER TABLE `sanatorium_tags`
  MODIFY `id` bigint UNSIGNED NOT NULL AUTO_INCREMENT, AUTO_INCREMENT=7;

--
-- AUTO_INCREMENT для таблицы `sanatorium_todo_items`
--
ALTER TABLE `sanatorium_todo_items`
  MODIFY `id` bigint UNSIGNED NOT NULL AUTO_INCREMENT, AUTO_INCREMENT=13;

--
-- AUTO_INCREMENT для таблицы `sanatorium_todo_lists`
--
ALTER TABLE `sanatorium_todo_lists`
  MODIFY `id` bigint UNSIGNED NOT NULL AUTO_INCREMENT, AUTO_INCREMENT=6;

--
-- AUTO_INCREMENT для таблицы `sanatorium_todo_products`
--
ALTER TABLE `sanatorium_todo_products`
  MODIFY `id` bigint UNSIGNED NOT NULL AUTO_INCREMENT;

--
-- AUTO_INCREMENT для таблицы `spa_actions`
--
ALTER TABLE `spa_actions`
  MODIFY `id` bigint UNSIGNED NOT NULL AUTO_INCREMENT, AUTO_INCREMENT=8;

--
-- AUTO_INCREMENT для таблицы `spa_cards`
--
ALTER TABLE `spa_cards`
  MODIFY `id` bigint UNSIGNED NOT NULL AUTO_INCREMENT, AUTO_INCREMENT=4;

--
-- AUTO_INCREMENT для таблицы `spa_card_images`
--
ALTER TABLE `spa_card_images`
  MODIFY `id` bigint UNSIGNED NOT NULL AUTO_INCREMENT, AUTO_INCREMENT=7;

--
-- AUTO_INCREMENT для таблицы `spa_card_tags`
--
ALTER TABLE `spa_card_tags`
  MODIFY `id` bigint UNSIGNED NOT NULL AUTO_INCREMENT, AUTO_INCREMENT=16;

--
-- AUTO_INCREMENT для таблицы `spa_images`
--
ALTER TABLE `spa_images`
  MODIFY `id` bigint UNSIGNED NOT NULL AUTO_INCREMENT;

--
-- AUTO_INCREMENT для таблицы `spa_tags`
--
ALTER TABLE `spa_tags`
  MODIFY `id` bigint UNSIGNED NOT NULL AUTO_INCREMENT, AUTO_INCREMENT=16;

--
-- AUTO_INCREMENT для таблицы `spa_times`
--
ALTER TABLE `spa_times`
  MODIFY `id` bigint UNSIGNED NOT NULL AUTO_INCREMENT, AUTO_INCREMENT=4;

--
-- AUTO_INCREMENT для таблицы `spa_todo_items`
--
ALTER TABLE `spa_todo_items`
  MODIFY `id` bigint UNSIGNED NOT NULL AUTO_INCREMENT, AUTO_INCREMENT=43;

--
-- AUTO_INCREMENT для таблицы `spa_todo_lists`
--
ALTER TABLE `spa_todo_lists`
  MODIFY `id` bigint UNSIGNED NOT NULL AUTO_INCREMENT, AUTO_INCREMENT=20;

--
-- AUTO_INCREMENT для таблицы `spa_todo_products`
--
ALTER TABLE `spa_todo_products`
  MODIFY `id` bigint UNSIGNED NOT NULL AUTO_INCREMENT;

--
-- AUTO_INCREMENT для таблицы `sport_actions`
--
ALTER TABLE `sport_actions`
  MODIFY `id` bigint UNSIGNED NOT NULL AUTO_INCREMENT, AUTO_INCREMENT=3;

--
-- AUTO_INCREMENT для таблицы `sport_cards`
--
ALTER TABLE `sport_cards`
  MODIFY `id` bigint UNSIGNED NOT NULL AUTO_INCREMENT, AUTO_INCREMENT=4;

--
-- AUTO_INCREMENT для таблицы `sport_card_images`
--
ALTER TABLE `sport_card_images`
  MODIFY `id` bigint UNSIGNED NOT NULL AUTO_INCREMENT, AUTO_INCREMENT=11;

--
-- AUTO_INCREMENT для таблицы `sport_card_tags`
--
ALTER TABLE `sport_card_tags`
  MODIFY `id` bigint UNSIGNED NOT NULL AUTO_INCREMENT, AUTO_INCREMENT=6;

--
-- AUTO_INCREMENT для таблицы `sport_card_tag_cards`
--
ALTER TABLE `sport_card_tag_cards`
  MODIFY `id` bigint UNSIGNED NOT NULL AUTO_INCREMENT, AUTO_INCREMENT=12;

--
-- AUTO_INCREMENT для таблицы `sport_categories`
--
ALTER TABLE `sport_categories`
  MODIFY `id` bigint UNSIGNED NOT NULL AUTO_INCREMENT, AUTO_INCREMENT=3;

--
-- AUTO_INCREMENT для таблицы `sport_images`
--
ALTER TABLE `sport_images`
  MODIFY `id` bigint UNSIGNED NOT NULL AUTO_INCREMENT, AUTO_INCREMENT=9;

--
-- AUTO_INCREMENT для таблицы `sport_posts`
--
ALTER TABLE `sport_posts`
  MODIFY `id` bigint UNSIGNED NOT NULL AUTO_INCREMENT, AUTO_INCREMENT=3;

--
-- AUTO_INCREMENT для таблицы `sport_post_tags`
--
ALTER TABLE `sport_post_tags`
  MODIFY `id` bigint UNSIGNED NOT NULL AUTO_INCREMENT, AUTO_INCREMENT=11;

--
-- AUTO_INCREMENT для таблицы `sport_servics`
--
ALTER TABLE `sport_servics`
  MODIFY `id` bigint UNSIGNED NOT NULL AUTO_INCREMENT, AUTO_INCREMENT=9;

--
-- AUTO_INCREMENT для таблицы `sport_tags`
--
ALTER TABLE `sport_tags`
  MODIFY `id` bigint UNSIGNED NOT NULL AUTO_INCREMENT, AUTO_INCREMENT=6;

--
-- AUTO_INCREMENT для таблицы `sport_todo_items`
--
ALTER TABLE `sport_todo_items`
  MODIFY `id` bigint UNSIGNED NOT NULL AUTO_INCREMENT, AUTO_INCREMENT=8;

--
-- AUTO_INCREMENT для таблицы `sport_todo_lists`
--
ALTER TABLE `sport_todo_lists`
  MODIFY `id` bigint UNSIGNED NOT NULL AUTO_INCREMENT, AUTO_INCREMENT=6;

--
-- AUTO_INCREMENT для таблицы `sport_todo_products`
--
ALTER TABLE `sport_todo_products`
  MODIFY `id` bigint UNSIGNED NOT NULL AUTO_INCREMENT;

--
-- AUTO_INCREMENT для таблицы `tags`
--
ALTER TABLE `tags`
  MODIFY `id` bigint UNSIGNED NOT NULL AUTO_INCREMENT;

--
-- AUTO_INCREMENT для таблицы `turoperator_actions`
--
ALTER TABLE `turoperator_actions`
  MODIFY `id` bigint UNSIGNED NOT NULL AUTO_INCREMENT, AUTO_INCREMENT=7;

--
-- AUTO_INCREMENT для таблицы `turoperator_cards`
--
ALTER TABLE `turoperator_cards`
  MODIFY `id` bigint UNSIGNED NOT NULL AUTO_INCREMENT, AUTO_INCREMENT=2;

--
-- AUTO_INCREMENT для таблицы `turoperator_card_images`
--
ALTER TABLE `turoperator_card_images`
  MODIFY `id` bigint UNSIGNED NOT NULL AUTO_INCREMENT, AUTO_INCREMENT=3;

--
-- AUTO_INCREMENT для таблицы `turoperator_card_tags`
--
ALTER TABLE `turoperator_card_tags`
  MODIFY `id` bigint UNSIGNED NOT NULL AUTO_INCREMENT, AUTO_INCREMENT=6;

--
-- AUTO_INCREMENT для таблицы `turoperator_card_tag_cards`
--
ALTER TABLE `turoperator_card_tag_cards`
  MODIFY `id` bigint UNSIGNED NOT NULL AUTO_INCREMENT, AUTO_INCREMENT=6;

--
-- AUTO_INCREMENT для таблицы `turoperator_categories`
--
ALTER TABLE `turoperator_categories`
  MODIFY `id` bigint UNSIGNED NOT NULL AUTO_INCREMENT, AUTO_INCREMENT=3;

--
-- AUTO_INCREMENT для таблицы `turoperator_images`
--
ALTER TABLE `turoperator_images`
  MODIFY `id` bigint UNSIGNED NOT NULL AUTO_INCREMENT, AUTO_INCREMENT=7;

--
-- AUTO_INCREMENT для таблицы `turoperator_posts`
--
ALTER TABLE `turoperator_posts`
  MODIFY `id` bigint UNSIGNED NOT NULL AUTO_INCREMENT, AUTO_INCREMENT=3;

--
-- AUTO_INCREMENT для таблицы `turoperator_post_tags`
--
ALTER TABLE `turoperator_post_tags`
  MODIFY `id` bigint UNSIGNED NOT NULL AUTO_INCREMENT, AUTO_INCREMENT=9;

--
-- AUTO_INCREMENT для таблицы `turoperator_servics`
--
ALTER TABLE `turoperator_servics`
  MODIFY `id` bigint UNSIGNED NOT NULL AUTO_INCREMENT, AUTO_INCREMENT=2;

--
-- AUTO_INCREMENT для таблицы `turoperator_tags`
--
ALTER TABLE `turoperator_tags`
  MODIFY `id` bigint UNSIGNED NOT NULL AUTO_INCREMENT, AUTO_INCREMENT=5;

--
-- AUTO_INCREMENT для таблицы `turoperator_times`
--
ALTER TABLE `turoperator_times`
  MODIFY `id` bigint UNSIGNED NOT NULL AUTO_INCREMENT, AUTO_INCREMENT=2;

--
-- AUTO_INCREMENT для таблицы `types`
--
ALTER TABLE `types`
  MODIFY `id` bigint UNSIGNED NOT NULL AUTO_INCREMENT, AUTO_INCREMENT=9;

--
-- AUTO_INCREMENT для таблицы `users`
--
ALTER TABLE `users`
  MODIFY `id` bigint UNSIGNED NOT NULL AUTO_INCREMENT, AUTO_INCREMENT=80;

--
-- Ограничения внешнего ключа сохраненных таблиц
--

--
-- Ограничения внешнего ключа таблицы `cafe_actions`
--
ALTER TABLE `cafe_actions`
  ADD CONSTRAINT `cafe_action_user_fk` FOREIGN KEY (`user_id`) REFERENCES `users` (`id`);

--
-- Ограничения внешнего ключа таблицы `cafe_cards`
--
ALTER TABLE `cafe_cards`
  ADD CONSTRAINT `cafe_card_city_fk` FOREIGN KEY (`city_id`) REFERENCES `cities` (`id`),
  ADD CONSTRAINT `cafe_card_district_fk` FOREIGN KEY (`district_id`) REFERENCES `districts` (`id`),
  ADD CONSTRAINT `cafe_card_republic_fk` FOREIGN KEY (`republic_id`) REFERENCES `republics` (`id`),
  ADD CONSTRAINT `cafe_card_type_fk` FOREIGN KEY (`type_id`) REFERENCES `types` (`id`),
  ADD CONSTRAINT `cafe_card_user_fk` FOREIGN KEY (`user_id`) REFERENCES `users` (`id`);

--
-- Ограничения внешнего ключа таблицы `cafe_card_tags`
--
ALTER TABLE `cafe_card_tags`
  ADD CONSTRAINT `cafe_card_tag_card_fk` FOREIGN KEY (`cafe_card_id`) REFERENCES `cafe_cards` (`id`),
  ADD CONSTRAINT `cafe_card_tag_tag_fk` FOREIGN KEY (`cafe_tag_id`) REFERENCES `cafe_tags` (`id`);

--
-- Ограничения внешнего ключа таблицы `cafe_tags`
--
ALTER TABLE `cafe_tags`
  ADD CONSTRAINT `cafe_tags_user_fk` FOREIGN KEY (`user_id`) REFERENCES `users` (`id`);

--
-- Ограничения внешнего ключа таблицы `cafe_times`
--
ALTER TABLE `cafe_times`
  ADD CONSTRAINT `cafe_times_user_fk` FOREIGN KEY (`user_id`) REFERENCES `users` (`id`);

--
-- Ограничения внешнего ключа таблицы `cafe_todo_lists`
--
ALTER TABLE `cafe_todo_lists`
  ADD CONSTRAINT `cafe_todo_lists_user_fk` FOREIGN KEY (`user_id`) REFERENCES `users` (`id`);

--
-- Ограничения внешнего ключа таблицы `comment_cafes`
--
ALTER TABLE `comment_cafes`
  ADD CONSTRAINT `cafe_card_comment_fk` FOREIGN KEY (`cafeCard_id`) REFERENCES `cafe_cards` (`id`);

--
-- Ограничения внешнего ключа таблицы `comment_consultings`
--
ALTER TABLE `comment_consultings`
  ADD CONSTRAINT `constaling_card_comment_fk` FOREIGN KEY (`constalingCard_id`) REFERENCES `consulting_posts` (`id`);

--
-- Ограничения внешнего ключа таблицы `comment_hostels`
--
ALTER TABLE `comment_hostels`
  ADD CONSTRAINT `hostel_card_comment_fk` FOREIGN KEY (`hostelCard_id`) REFERENCES `hostel_cards` (`id`);

--
-- Ограничения внешнего ключа таблицы `comment_meds`
--
ALTER TABLE `comment_meds`
  ADD CONSTRAINT `medical_card_comment_fk` FOREIGN KEY (`medicalCard_id`) REFERENCES `medical_cards` (`id`);

--
-- Ограничения внешнего ключа таблицы `comment_sanatoriums`
--
ALTER TABLE `comment_sanatoriums`
  ADD CONSTRAINT `sanatorium_card_comment_fk` FOREIGN KEY (`sanatoriumCard_id`) REFERENCES `sanatorium_cards` (`id`);

--
-- Ограничения внешнего ключа таблицы `comment_spas`
--
ALTER TABLE `comment_spas`
  ADD CONSTRAINT `spa_card_comment_fk` FOREIGN KEY (`spaCard_id`) REFERENCES `spa_cards` (`id`);

--
-- Ограничения внешнего ключа таблицы `comment_sports`
--
ALTER TABLE `comment_sports`
  ADD CONSTRAINT `sport_card_comment_fk` FOREIGN KEY (`sportCard_id`) REFERENCES `sport_cards` (`id`);

--
-- Ограничения внешнего ключа таблицы `comment_turs`
--
ALTER TABLE `comment_turs`
  ADD CONSTRAINT `tur_card_comment_fk` FOREIGN KEY (`turCard_id`) REFERENCES `turoperator_cards` (`id`);

--
-- Ограничения внешнего ключа таблицы `consulting_cat_users`
--
ALTER TABLE `consulting_cat_users`
  ADD CONSTRAINT `cat_user_cat_fk` FOREIGN KEY (`cat_id`) REFERENCES `consulting_cats` (`id`),
  ADD CONSTRAINT `user_id_user_fk` FOREIGN KEY (`user_id`) REFERENCES `users` (`id`);

--
-- Ограничения внешнего ключа таблицы `consulting_posts`
--
ALTER TABLE `consulting_posts`
  ADD CONSTRAINT `consulting_card_user_fk` FOREIGN KEY (`user_id`) REFERENCES `users` (`id`);

--
-- Ограничения внешнего ключа таблицы `hostel_actions`
--
ALTER TABLE `hostel_actions`
  ADD CONSTRAINT `hostel_action_user_fk` FOREIGN KEY (`user_id`) REFERENCES `users` (`id`);

--
-- Ограничения внешнего ключа таблицы `hostel_cards`
--
ALTER TABLE `hostel_cards`
  ADD CONSTRAINT `hostel_card_city_fk` FOREIGN KEY (`city_id`) REFERENCES `cities` (`id`),
  ADD CONSTRAINT `hostel_card_district_fk` FOREIGN KEY (`district_id`) REFERENCES `districts` (`id`),
  ADD CONSTRAINT `hostel_card_republic_fk` FOREIGN KEY (`republic_id`) REFERENCES `republics` (`id`),
  ADD CONSTRAINT `hostel_card_type_fk` FOREIGN KEY (`type_id`) REFERENCES `types` (`id`),
  ADD CONSTRAINT `hostel_card_user_fk` FOREIGN KEY (`user_id`) REFERENCES `users` (`id`);

--
-- Ограничения внешнего ключа таблицы `hostel_card_tags`
--
ALTER TABLE `hostel_card_tags`
  ADD CONSTRAINT `hostel_card_tags_user_fk` FOREIGN KEY (`user_id`) REFERENCES `users` (`id`);

--
-- Ограничения внешнего ключа таблицы `hostel_card_tag_cards`
--
ALTER TABLE `hostel_card_tag_cards`
  ADD CONSTRAINT `hostel_card_cardTag_card_fk` FOREIGN KEY (`hostel_card_id`) REFERENCES `hostel_card_tag_cards` (`id`),
  ADD CONSTRAINT `hostel_card_cardTag_tag_fk` FOREIGN KEY (`hostel_cardTag_id`) REFERENCES `hostel_card_tags` (`id`);

--
-- Ограничения внешнего ключа таблицы `hostel_categories`
--
ALTER TABLE `hostel_categories`
  ADD CONSTRAINT `hostel_categories_user_fk` FOREIGN KEY (`user_id`) REFERENCES `users` (`id`);

--
-- Ограничения внешнего ключа таблицы `hostel_posts`
--
ALTER TABLE `hostel_posts`
  ADD CONSTRAINT `hostel_post_category_fk` FOREIGN KEY (`hostel_category_id`) REFERENCES `hostel_categories` (`id`),
  ADD CONSTRAINT `hostel_post_user_fk` FOREIGN KEY (`user_id`) REFERENCES `users` (`id`);

--
-- Ограничения внешнего ключа таблицы `hostel_post_tags`
--
ALTER TABLE `hostel_post_tags`
  ADD CONSTRAINT `hostel_post_tag_post_fk` FOREIGN KEY (`hostel_post_id`) REFERENCES `hostel_posts` (`id`),
  ADD CONSTRAINT `hostel_post_tag_tag_fk` FOREIGN KEY (`hostel_tag_id`) REFERENCES `hostel_tags` (`id`);

--
-- Ограничения внешнего ключа таблицы `hostel_servics`
--
ALTER TABLE `hostel_servics`
  ADD CONSTRAINT `hostel_servic_user_fk` FOREIGN KEY (`user_id`) REFERENCES `users` (`id`);

--
-- Ограничения внешнего ключа таблицы `hostel_tags`
--
ALTER TABLE `hostel_tags`
  ADD CONSTRAINT `hostel_tags_user_fk` FOREIGN KEY (`user_id`) REFERENCES `users` (`id`);

--
-- Ограничения внешнего ключа таблицы `medical_actions`
--
ALTER TABLE `medical_actions`
  ADD CONSTRAINT `medical_action_user_fk` FOREIGN KEY (`user_id`) REFERENCES `users` (`id`);

--
-- Ограничения внешнего ключа таблицы `medical_cards`
--
ALTER TABLE `medical_cards`
  ADD CONSTRAINT `medical_card_city_fk` FOREIGN KEY (`city_id`) REFERENCES `cities` (`id`),
  ADD CONSTRAINT `medical_card_district_fk` FOREIGN KEY (`district_id`) REFERENCES `districts` (`id`),
  ADD CONSTRAINT `medical_card_republic_fk` FOREIGN KEY (`republic_id`) REFERENCES `republics` (`id`),
  ADD CONSTRAINT `medical_card_type_fk` FOREIGN KEY (`type_id`) REFERENCES `types` (`id`),
  ADD CONSTRAINT `medical_card_user_fk` FOREIGN KEY (`user_id`) REFERENCES `users` (`id`);

--
-- Ограничения внешнего ключа таблицы `medical_card_tags`
--
ALTER TABLE `medical_card_tags`
  ADD CONSTRAINT `medical_card_tag_card_fk` FOREIGN KEY (`medical_card_id`) REFERENCES `medical_cards` (`id`),
  ADD CONSTRAINT `medical_card_tag_tag_fk` FOREIGN KEY (`medical_tag_id`) REFERENCES `medical_tags` (`id`);

--
-- Ограничения внешнего ключа таблицы `medical_tags`
--
ALTER TABLE `medical_tags`
  ADD CONSTRAINT `medical_tags_user_fk` FOREIGN KEY (`user_id`) REFERENCES `users` (`id`);

--
-- Ограничения внешнего ключа таблицы `medical_times`
--
ALTER TABLE `medical_times`
  ADD CONSTRAINT `medical_times_user_fk` FOREIGN KEY (`user_id`) REFERENCES `users` (`id`);

--
-- Ограничения внешнего ключа таблицы `medical_todo_lists`
--
ALTER TABLE `medical_todo_lists`
  ADD CONSTRAINT `medical_todo_lists_user_fk` FOREIGN KEY (`user_id`) REFERENCES `users` (`id`);

--
-- Ограничения внешнего ключа таблицы `posts`
--
ALTER TABLE `posts`
  ADD CONSTRAINT `post_category_fk` FOREIGN KEY (`category_id`) REFERENCES `categories` (`id`),
  ADD CONSTRAINT `post_user_fk` FOREIGN KEY (`user_id`) REFERENCES `users` (`id`);

--
-- Ограничения внешнего ключа таблицы `post_tags`
--
ALTER TABLE `post_tags`
  ADD CONSTRAINT `post_tag_post_fk` FOREIGN KEY (`post_id`) REFERENCES `posts` (`id`),
  ADD CONSTRAINT `post_tag_tag_fk` FOREIGN KEY (`tag_id`) REFERENCES `tags` (`id`);

--
-- Ограничения внешнего ключа таблицы `sanatorium_actions`
--
ALTER TABLE `sanatorium_actions`
  ADD CONSTRAINT `sanatorium_action_user_fk` FOREIGN KEY (`user_id`) REFERENCES `users` (`id`);

--
-- Ограничения внешнего ключа таблицы `sanatorium_cards`
--
ALTER TABLE `sanatorium_cards`
  ADD CONSTRAINT `sanatorium_card_city_fk` FOREIGN KEY (`city_id`) REFERENCES `cities` (`id`),
  ADD CONSTRAINT `sanatorium_card_district_fk` FOREIGN KEY (`district_id`) REFERENCES `districts` (`id`),
  ADD CONSTRAINT `sanatorium_card_republic_fk` FOREIGN KEY (`republic_id`) REFERENCES `republics` (`id`),
  ADD CONSTRAINT `sanatorium_card_type_fk` FOREIGN KEY (`type_id`) REFERENCES `types` (`id`),
  ADD CONSTRAINT `sanatorium_card_user_fk` FOREIGN KEY (`user_id`) REFERENCES `users` (`id`);

--
-- Ограничения внешнего ключа таблицы `sanatorium_card_tags`
--
ALTER TABLE `sanatorium_card_tags`
  ADD CONSTRAINT `sanatorium_card_tags_user_fk` FOREIGN KEY (`user_id`) REFERENCES `users` (`id`);

--
-- Ограничения внешнего ключа таблицы `sanatorium_card_tag_cards`
--
ALTER TABLE `sanatorium_card_tag_cards`
  ADD CONSTRAINT `sanatorium_card_cardTag_card_fk` FOREIGN KEY (`sanatorium_card_id`) REFERENCES `sanatorium_card_tag_cards` (`id`),
  ADD CONSTRAINT `sanatorium_card_cardTag_tag_fk` FOREIGN KEY (`sanatorium_cardTag_id`) REFERENCES `sanatorium_card_tags` (`id`);

--
-- Ограничения внешнего ключа таблицы `sanatorium_categories`
--
ALTER TABLE `sanatorium_categories`
  ADD CONSTRAINT `sanatorium_categories_user_fk` FOREIGN KEY (`user_id`) REFERENCES `users` (`id`);

--
-- Ограничения внешнего ключа таблицы `sanatorium_posts`
--
ALTER TABLE `sanatorium_posts`
  ADD CONSTRAINT `sanatorium_post_category_fk` FOREIGN KEY (`sanatorium_category_id`) REFERENCES `sanatorium_categories` (`id`),
  ADD CONSTRAINT `sanatorium_post_user_fk` FOREIGN KEY (`user_id`) REFERENCES `users` (`id`);

--
-- Ограничения внешнего ключа таблицы `sanatorium_post_tags`
--
ALTER TABLE `sanatorium_post_tags`
  ADD CONSTRAINT `sanatorium_post_tag_post_fk` FOREIGN KEY (`sanatorium_post_id`) REFERENCES `sanatorium_posts` (`id`),
  ADD CONSTRAINT `sanatorium_post_tag_tag_fk` FOREIGN KEY (`sanatorium_tag_id`) REFERENCES `sanatorium_tags` (`id`);

--
-- Ограничения внешнего ключа таблицы `sanatorium_servics`
--
ALTER TABLE `sanatorium_servics`
  ADD CONSTRAINT `sanatorium_servic_user_fk` FOREIGN KEY (`user_id`) REFERENCES `users` (`id`);

--
-- Ограничения внешнего ключа таблицы `sanatorium_tags`
--
ALTER TABLE `sanatorium_tags`
  ADD CONSTRAINT `sanatorium_tags_user_fk` FOREIGN KEY (`user_id`) REFERENCES `users` (`id`);

--
-- Ограничения внешнего ключа таблицы `sanatorium_todo_lists`
--
ALTER TABLE `sanatorium_todo_lists`
  ADD CONSTRAINT `sanatorium_todo_lists_user_fk` FOREIGN KEY (`user_id`) REFERENCES `users` (`id`);

--
-- Ограничения внешнего ключа таблицы `spa_actions`
--
ALTER TABLE `spa_actions`
  ADD CONSTRAINT `spa_action_user_fk` FOREIGN KEY (`user_id`) REFERENCES `users` (`id`);

--
-- Ограничения внешнего ключа таблицы `spa_cards`
--
ALTER TABLE `spa_cards`
  ADD CONSTRAINT `spa_card_city_fk` FOREIGN KEY (`city_id`) REFERENCES `cities` (`id`),
  ADD CONSTRAINT `spa_card_district_fk` FOREIGN KEY (`district_id`) REFERENCES `districts` (`id`),
  ADD CONSTRAINT `spa_card_republic_fk` FOREIGN KEY (`republic_id`) REFERENCES `republics` (`id`),
  ADD CONSTRAINT `spa_card_type_fk` FOREIGN KEY (`type_id`) REFERENCES `types` (`id`),
  ADD CONSTRAINT `spa_card_user_fk` FOREIGN KEY (`user_id`) REFERENCES `users` (`id`);

--
-- Ограничения внешнего ключа таблицы `spa_card_tags`
--
ALTER TABLE `spa_card_tags`
  ADD CONSTRAINT `spa_card_tag_card_fk` FOREIGN KEY (`spa_card_id`) REFERENCES `spa_cards` (`id`),
  ADD CONSTRAINT `spa_card_tag_tag_fk` FOREIGN KEY (`spa_tag_id`) REFERENCES `spa_tags` (`id`);

--
-- Ограничения внешнего ключа таблицы `spa_tags`
--
ALTER TABLE `spa_tags`
  ADD CONSTRAINT `spa_tags_user_fk` FOREIGN KEY (`user_id`) REFERENCES `users` (`id`);

--
-- Ограничения внешнего ключа таблицы `spa_times`
--
ALTER TABLE `spa_times`
  ADD CONSTRAINT `spa_times_user_fk` FOREIGN KEY (`user_id`) REFERENCES `users` (`id`);

--
-- Ограничения внешнего ключа таблицы `spa_todo_lists`
--
ALTER TABLE `spa_todo_lists`
  ADD CONSTRAINT `spa_todo_lists_user_fk` FOREIGN KEY (`user_id`) REFERENCES `users` (`id`);

--
-- Ограничения внешнего ключа таблицы `sport_actions`
--
ALTER TABLE `sport_actions`
  ADD CONSTRAINT `sport_action_user_fk` FOREIGN KEY (`user_id`) REFERENCES `users` (`id`);

--
-- Ограничения внешнего ключа таблицы `sport_cards`
--
ALTER TABLE `sport_cards`
  ADD CONSTRAINT `sport_card_city_fk` FOREIGN KEY (`city_id`) REFERENCES `cities` (`id`),
  ADD CONSTRAINT `sport_card_district_fk` FOREIGN KEY (`district_id`) REFERENCES `districts` (`id`),
  ADD CONSTRAINT `sport_card_republic_fk` FOREIGN KEY (`republic_id`) REFERENCES `republics` (`id`),
  ADD CONSTRAINT `sport_card_type_fk` FOREIGN KEY (`type_id`) REFERENCES `types` (`id`),
  ADD CONSTRAINT `sport_card_user_fk` FOREIGN KEY (`user_id`) REFERENCES `users` (`id`);

--
-- Ограничения внешнего ключа таблицы `sport_card_tags`
--
ALTER TABLE `sport_card_tags`
  ADD CONSTRAINT `sport_card_tags_user_fk` FOREIGN KEY (`user_id`) REFERENCES `users` (`id`);

--
-- Ограничения внешнего ключа таблицы `sport_card_tag_cards`
--
ALTER TABLE `sport_card_tag_cards`
  ADD CONSTRAINT `sport_card_cardTag_card_fk` FOREIGN KEY (`sport_card_id`) REFERENCES `sport_card_tag_cards` (`id`),
  ADD CONSTRAINT `sport_card_cardTag_tag_fk` FOREIGN KEY (`sport_cardTag_id`) REFERENCES `sport_card_tags` (`id`);

--
-- Ограничения внешнего ключа таблицы `sport_categories`
--
ALTER TABLE `sport_categories`
  ADD CONSTRAINT `sport_categories_user_fk` FOREIGN KEY (`user_id`) REFERENCES `users` (`id`);

--
-- Ограничения внешнего ключа таблицы `sport_posts`
--
ALTER TABLE `sport_posts`
  ADD CONSTRAINT `sport_post_category_fk` FOREIGN KEY (`sport_category_id`) REFERENCES `sport_categories` (`id`),
  ADD CONSTRAINT `sport_post_user_fk` FOREIGN KEY (`user_id`) REFERENCES `users` (`id`);

--
-- Ограничения внешнего ключа таблицы `sport_post_tags`
--
ALTER TABLE `sport_post_tags`
  ADD CONSTRAINT `sport_post_tag_post_fk` FOREIGN KEY (`sport_post_id`) REFERENCES `sport_posts` (`id`),
  ADD CONSTRAINT `sport_post_tag_tag_fk` FOREIGN KEY (`sport_tag_id`) REFERENCES `sport_tags` (`id`);

--
-- Ограничения внешнего ключа таблицы `sport_servics`
--
ALTER TABLE `sport_servics`
  ADD CONSTRAINT `sport_servic_user_fk` FOREIGN KEY (`user_id`) REFERENCES `users` (`id`);

--
-- Ограничения внешнего ключа таблицы `sport_tags`
--
ALTER TABLE `sport_tags`
  ADD CONSTRAINT `sport_tags_user_fk` FOREIGN KEY (`user_id`) REFERENCES `users` (`id`);

--
-- Ограничения внешнего ключа таблицы `sport_todo_lists`
--
ALTER TABLE `sport_todo_lists`
  ADD CONSTRAINT `sport_todo_lists_user_fk` FOREIGN KEY (`user_id`) REFERENCES `users` (`id`);

--
-- Ограничения внешнего ключа таблицы `turoperator_actions`
--
ALTER TABLE `turoperator_actions`
  ADD CONSTRAINT `turoperator_action_user_fk` FOREIGN KEY (`user_id`) REFERENCES `users` (`id`);

--
-- Ограничения внешнего ключа таблицы `turoperator_cards`
--
ALTER TABLE `turoperator_cards`
  ADD CONSTRAINT `turoperator_card_city_fk` FOREIGN KEY (`city_id`) REFERENCES `cities` (`id`),
  ADD CONSTRAINT `turoperator_card_district_fk` FOREIGN KEY (`district_id`) REFERENCES `districts` (`id`),
  ADD CONSTRAINT `turoperator_card_republic_fk` FOREIGN KEY (`republic_id`) REFERENCES `republics` (`id`),
  ADD CONSTRAINT `turoperator_card_type_fk` FOREIGN KEY (`type_id`) REFERENCES `types` (`id`),
  ADD CONSTRAINT `turoperator_card_user_fk` FOREIGN KEY (`user_id`) REFERENCES `users` (`id`);

--
-- Ограничения внешнего ключа таблицы `turoperator_card_tags`
--
ALTER TABLE `turoperator_card_tags`
  ADD CONSTRAINT `turoperator_card_tags_user_fk` FOREIGN KEY (`user_id`) REFERENCES `users` (`id`);

--
-- Ограничения внешнего ключа таблицы `turoperator_card_tag_cards`
--
ALTER TABLE `turoperator_card_tag_cards`
  ADD CONSTRAINT `turoperator_card_cardTag_card_fk` FOREIGN KEY (`turoperator_card_id`) REFERENCES `turoperator_card_tag_cards` (`id`),
  ADD CONSTRAINT `turoperator_card_cardTag_tag_fk` FOREIGN KEY (`turoperator_cardTag_id`) REFERENCES `turoperator_card_tags` (`id`);

--
-- Ограничения внешнего ключа таблицы `turoperator_categories`
--
ALTER TABLE `turoperator_categories`
  ADD CONSTRAINT `turoperator_categories_user_fk` FOREIGN KEY (`user_id`) REFERENCES `users` (`id`);

--
-- Ограничения внешнего ключа таблицы `turoperator_posts`
--
ALTER TABLE `turoperator_posts`
  ADD CONSTRAINT `turoperator_post_category_fk` FOREIGN KEY (`turoperator_category_id`) REFERENCES `turoperator_categories` (`id`),
  ADD CONSTRAINT `turoperator_post_user_fk` FOREIGN KEY (`user_id`) REFERENCES `users` (`id`);

--
-- Ограничения внешнего ключа таблицы `turoperator_post_tags`
--
ALTER TABLE `turoperator_post_tags`
  ADD CONSTRAINT `turoperator_post_tag_post_fk` FOREIGN KEY (`turoperator_post_id`) REFERENCES `turoperator_posts` (`id`),
  ADD CONSTRAINT `turoperator_post_tag_tag_fk` FOREIGN KEY (`turoperator_tag_id`) REFERENCES `turoperator_tags` (`id`);

--
-- Ограничения внешнего ключа таблицы `turoperator_servics`
--
ALTER TABLE `turoperator_servics`
  ADD CONSTRAINT `turoperator_servic_user_fk` FOREIGN KEY (`user_id`) REFERENCES `users` (`id`);

--
-- Ограничения внешнего ключа таблицы `turoperator_tags`
--
ALTER TABLE `turoperator_tags`
  ADD CONSTRAINT `turoperator_tags_user_fk` FOREIGN KEY (`user_id`) REFERENCES `users` (`id`);

--
-- Ограничения внешнего ключа таблицы `turoperator_times`
--
ALTER TABLE `turoperator_times`
  ADD CONSTRAINT `turoperator_times_user_fk` FOREIGN KEY (`user_id`) REFERENCES `users` (`id`);

--
-- Ограничения внешнего ключа таблицы `users`
--
ALTER TABLE `users`
  ADD CONSTRAINT `user_city_fk` FOREIGN KEY (`city_id`) REFERENCES `cities` (`id`),
  ADD CONSTRAINT `user_district_fk` FOREIGN KEY (`district_id`) REFERENCES `districts` (`id`),
  ADD CONSTRAINT `user_republic_fk` FOREIGN KEY (`republic_id`) REFERENCES `republics` (`id`),
  ADD CONSTRAINT `user_type_fk` FOREIGN KEY (`type_id`) REFERENCES `types` (`id`);
COMMIT;

/*!40101 SET CHARACTER_SET_CLIENT=@OLD_CHARACTER_SET_CLIENT */;
/*!40101 SET CHARACTER_SET_RESULTS=@OLD_CHARACTER_SET_RESULTS */;
/*!40101 SET COLLATION_CONNECTION=@OLD_COLLATION_CONNECTION */;
